{"VariableList":{"ErrorMsg":"success","ErrorCode":"0"},"DatasetList":{"DS_COUR030":[{"submattFg":"U0209003","stgNeceGrpNm":"","sideTotalPnt":3.0,"sbjtChgFg":"","subDgnTotalPnt":0.0,"sy62shtmRcomYn":"","abeekSubmattFgNm":"MSC","sustLsnFgNm":"교필","sy12shtmRcomYn":"","sy42shtmRcomYn":"","abeekInspPracPntCnt":0.0,"genrl1stgNeceSbjtCnt":null,"abeekSustLsnFg":"U0225001","abeekDetaSubmattFg":"U0227003","sy51shtmRcomYn":"","abeekSustLsnFgNm":"인필","sy11shtmRcomYn":"○","abeekTheoPntCnt":3.0,"sy31shtmRcomYn":"","submattFgNm":"기초과목","sbjtCd":"MATH102","subTheoTotalPnt":33.0,"mjCd":"DS03001024001","sy61shtmRcomYn":"","sy22shtmRcomYn":"","mjCdNm":"신소재공학전공(과)","sustLsnFg":"U0208002","sy52shtmRcomYn":"","sy21shtmRcomYn":"","sbjtChgFgNm":"","abeekDgnPntCnt":0.0,"sbjtKorNm":"수학1","sy41shtmRcomYn":"","genrl1stgNeceGrp":"","abeekGrpChoice":"","abeekSubmattFg":"U0226002","theoFgNm":"이론","abeekDetaSubmattFgNm":"수학","sy32shtmRcomYn":"","openTm":3.0,"pnt":3.0,"sbjtId":"527","abeekChoiceSbjtCnt":null,"corsYy":"2016","subInspTotalPnt":6.0,"abeekGrpNm":"","rowStatus":1,"theoFg":"U0210001","curiNo":"2016101521"},{"submattFg":"U0209003","stgNeceGrpNm":"","sideTotalPnt":3.0,"sbjtChgFg":"","subDgnTotalPnt":0.0,"sy62shtmRcomYn":"","abeekSubmattFgNm":"MSC","sustLsnFgNm":"교필","sy12shtmRcomYn":"○","sy42shtmRcomYn":"","abeekInspPracPntCnt":0.0,"genrl1stgNeceSbjtCnt":null,"abeekSustLsnFg":"U0225001","abeekDetaSubmattFg":"U0227003","sy51shtmRcomYn":"","abeekSustLsnFgNm":"인필","sy11shtmRcomYn":"","abeekTheoPntCnt":3.0,"sy31shtmRcomYn":"","submattFgNm":"기초과목","sbjtCd":"MATH103","subTheoTotalPnt":33.0,"mjCd":"DS03001024001","sy61shtmRcomYn":"","sy22shtmRcomYn":"","mjCdNm":"신소재공학전공(과)","sustLsnFg":"U0208002","sy52shtmRcomYn":"","sy21shtmRcomYn":"","sbjtChgFgNm":"","abeekDgnPntCnt":0.0,"sbjtKorNm":"수학2","sy41shtmRcomYn":"","genrl1stgNeceGrp":"","abeekGrpChoice":"","abeekSubmattFg":"U0226002","theoFgNm":"이론","abeekDetaSubmattFgNm":"수학","sy32shtmRcomYn":"","openTm":3.0,"pnt":3.0,"sbjtId":"528","abeekChoiceSbjtCnt":null,"corsYy":"2016","subInspTotalPnt":6.0,"abeekGrpNm":"","rowStatus":1,"theoFg":"U0210001","curiNo":"2016101522"},{"submattFg":"U0209003","stgNeceGrpNm":"","sideTotalPnt":3.0,"sbjtChgFg":"","subDgnTotalPnt":0.0,"sy62shtmRcomYn":"","abeekSubmattFgNm":"MSC","sustLsnFgNm":"교필","sy12shtmRcomYn":"","sy42shtmRcomYn":"","abeekInspPracPntCnt":0.0,"genrl1stgNeceSbjtCnt":null,"abeekSustLsnFg":"U0225001","abeekDetaSubmattFg":"U0227003","sy51shtmRcomYn":"","abeekSustLsnFgNm":"인필","sy11shtmRcomYn":"","abeekTheoPntCnt":3.0,"sy31shtmRcomYn":"","submattFgNm":"기초과목","sbjtCd":"MATH205","subTheoTotalPnt":33.0,"mjCd":"DS03001024001","sy61shtmRcomYn":"","sy22shtmRcomYn":"","mjCdNm":"신소재공학전공(과)","sustLsnFg":"U0208002","sy52shtmRcomYn":"","sy21shtmRcomYn":"○","sbjtChgFgNm":"","abeekDgnPntCnt":0.0,"sbjtKorNm":"공업수학A","sy41shtmRcomYn":"","genrl1stgNeceGrp":"","abeekGrpChoice":"","abeekSubmattFg":"U0226002","theoFgNm":"이론","abeekDetaSubmattFgNm":"수학","sy32shtmRcomYn":"","openTm":3.0,"pnt":3.0,"sbjtId":"11830","abeekChoiceSbjtCnt":null,"corsYy":"2016","subInspTotalPnt":6.0,"abeekGrpNm":"","rowStatus":1,"theoFg":"U0210001","curiNo":"2016101523"},{"submattFg":"U0209003","stgNeceGrpNm":"","sideTotalPnt":3.0,"sbjtChgFg":"","subDgnTotalPnt":0.0,"sy62shtmRcomYn":"","abeekSubmattFgNm":"MSC","sustLsnFgNm":"교필","sy12shtmRcomYn":"","sy42shtmRcomYn":"","abeekInspPracPntCnt":null,"genrl1stgNeceSbjtCnt":null,"abeekSustLsnFg":"U0225001","abeekDetaSubmattFg":"U0227003","sy51shtmRcomYn":"","abeekSustLsnFgNm":"인필","sy11shtmRcomYn":"","abeekTheoPntCnt":3.0,"sy31shtmRcomYn":"","submattFgNm":"기초과목","sbjtCd":"MATH207","subTheoTotalPnt":33.0,"mjCd":"DS03001024001","sy61shtmRcomYn":"","sy22shtmRcomYn":"○","mjCdNm":"신소재공학전공(과)","sustLsnFg":"U0208002","sy52shtmRcomYn":"","sy21shtmRcomYn":"","sbjtChgFgNm":"","abeekDgnPntCnt":null,"sbjtKorNm":"공업수학C","sy41shtmRcomYn":"","genrl1stgNeceGrp":"","abeekGrpChoice":"","abeekSubmattFg":"U0226002","theoFgNm":"이론","abeekDetaSubmattFgNm":"수학","sy32shtmRcomYn":"","openTm":3.0,"pnt":3.0,"sbjtId":"11831","abeekChoiceSbjtCnt":null,"corsYy":"2016","subInspTotalPnt":6.0,"abeekGrpNm":"","rowStatus":1,"theoFg":"U0210001","curiNo":"2016101524"},{"submattFg":"U0209003","stgNeceGrpNm":"택A4","sideTotalPnt":8.0,"sbjtChgFg":"","subDgnTotalPnt":0.0,"sy62shtmRcomYn":"","abeekSubmattFgNm":"MSC","sustLsnFgNm":"교필","sy12shtmRcomYn":"○","sy42shtmRcomYn":"","abeekInspPracPntCnt":0.0,"genrl1stgNeceSbjtCnt":4.0,"abeekSustLsnFg":"U0225001","abeekDetaSubmattFg":"U0227004","sy51shtmRcomYn":"","abeekSustLsnFgNm":"인필","sy11shtmRcomYn":"","abeekTheoPntCnt":3.0,"sy31shtmRcomYn":"","submattFgNm":"기초과목","sbjtCd":"BIO111","subTheoTotalPnt":33.0,"mjCd":"DS03001024001","sy61shtmRcomYn":"","sy22shtmRcomYn":"","mjCdNm":"신소재공학전공(과)","sustLsnFg":"U0208002","sy52shtmRcomYn":"","sy21shtmRcomYn":"","sbjtChgFgNm":"","abeekDgnPntCnt":0.0,"sbjtKorNm":"생명과학","sy41shtmRcomYn":"","genrl1stgNeceGrp":"A","abeekGrpChoice":"A","abeekSubmattFg":"U0226002","theoFgNm":"이론","abeekDetaSubmattFgNm":"기초과학","sy32shtmRcomYn":"","openTm":3.0,"pnt":3.0,"sbjtId":"11917","abeekChoiceSbjtCnt":4.0,"corsYy":"2016","subInspTotalPnt":6.0,"abeekGrpNm":"A그룹 중 택4","rowStatus":1,"theoFg":"U0210001","curiNo":"2016101512"},{"submattFg":"U0209003","stgNeceGrpNm":"택A4","sideTotalPnt":8.0,"sbjtChgFg":"","subDgnTotalPnt":0.0,"sy62shtmRcomYn":"","abeekSubmattFgNm":"MSC","sustLsnFgNm":"교필","sy12shtmRcomYn":"○","sy42shtmRcomYn":"","abeekInspPracPntCnt":1.0,"genrl1stgNeceSbjtCnt":4.0,"abeekSustLsnFg":"U0225001","abeekDetaSubmattFg":"U0227004","sy51shtmRcomYn":"","abeekSustLsnFgNm":"인필","sy11shtmRcomYn":"","abeekTheoPntCnt":0.0,"sy31shtmRcomYn":"","submattFgNm":"기초과목","sbjtCd":"BIO114","subTheoTotalPnt":33.0,"mjCd":"DS03001024001","sy61shtmRcomYn":"","sy22shtmRcomYn":"","mjCdNm":"신소재공학전공(과)","sustLsnFg":"U0208002","sy52shtmRcomYn":"","sy21shtmRcomYn":"","sbjtChgFgNm":"","abeekDgnPntCnt":0.0,"sbjtKorNm":"생명과학실험","sy41shtmRcomYn":"","genrl1stgNeceGrp":"A","abeekGrpChoice":"A","abeekSubmattFg":"U0226002","theoFgNm":"실습","abeekDetaSubmattFgNm":"기초과학","sy32shtmRcomYn":"","openTm":2.0,"pnt":1.0,"sbjtId":"11919","abeekChoiceSbjtCnt":4.0,"corsYy":"2016","subInspTotalPnt":6.0,"abeekGrpNm":"A그룹 중 택4","rowStatus":1,"theoFg":"U0210002","curiNo":"2016101513"},{"submattFg":"U0209003","stgNeceGrpNm":"택A4","sideTotalPnt":8.0,"sbjtChgFg":"","subDgnTotalPnt":0.0,"sy62shtmRcomYn":"","abeekSubmattFgNm":"MSC","sustLsnFgNm":"교필","sy12shtmRcomYn":"","sy42shtmRcomYn":"","abeekInspPracPntCnt":0.0,"genrl1stgNeceSbjtCnt":4.0,"abeekSustLsnFg":"U0225001","abeekDetaSubmattFg":"U0227004","sy51shtmRcomYn":"","abeekSustLsnFgNm":"인필","sy11shtmRcomYn":"○","abeekTheoPntCnt":3.0,"sy31shtmRcomYn":"","submattFgNm":"기초과목","sbjtCd":"PHYS113","subTheoTotalPnt":33.0,"mjCd":"DS03001024001","sy61shtmRcomYn":"","sy22shtmRcomYn":"","mjCdNm":"신소재공학전공(과)","sustLsnFg":"U0208002","sy52shtmRcomYn":"","sy21shtmRcomYn":"","sbjtChgFgNm":"","abeekDgnPntCnt":0.0,"sbjtKorNm":"물리학1","sy41shtmRcomYn":"","genrl1stgNeceGrp":"A","abeekGrpChoice":"A","abeekSubmattFg":"U0226002","theoFgNm":"이론","abeekDetaSubmattFgNm":"기초과학","sy32shtmRcomYn":"","openTm":3.0,"pnt":3.0,"sbjtId":"320","abeekChoiceSbjtCnt":4.0,"corsYy":"2016","subInspTotalPnt":6.0,"abeekGrpNm":"A그룹 중 택4","rowStatus":1,"theoFg":"U0210001","curiNo":"2016101525"},{"submattFg":"U0209003","stgNeceGrpNm":"택A4","sideTotalPnt":8.0,"sbjtChgFg":"","subDgnTotalPnt":0.0,"sy62shtmRcomYn":"","abeekSubmattFgNm":"MSC","sustLsnFgNm":"교필","sy12shtmRcomYn":"","sy42shtmRcomYn":"","abeekInspPracPntCnt":1.0,"genrl1stgNeceSbjtCnt":4.0,"abeekSustLsnFg":"U0225001","abeekDetaSubmattFg":"U0227004","sy51shtmRcomYn":"","abeekSustLsnFgNm":"인필","sy11shtmRcomYn":"○","abeekTheoPntCnt":0.0,"sy31shtmRcomYn":"","submattFgNm":"기초과목","sbjtCd":"PHYS114","subTheoTotalPnt":33.0,"mjCd":"DS03001024001","sy61shtmRcomYn":"","sy22shtmRcomYn":"","mjCdNm":"신소재공학전공(과)","sustLsnFg":"U0208002","sy52shtmRcomYn":"","sy21shtmRcomYn":"","sbjtChgFgNm":"","abeekDgnPntCnt":0.0,"sbjtKorNm":"물리학실험1","sy41shtmRcomYn":"","genrl1stgNeceGrp":"A","abeekGrpChoice":"A","abeekSubmattFg":"U0226002","theoFgNm":"실습","abeekDetaSubmattFgNm":"기초과학","sy32shtmRcomYn":"","openTm":2.0,"pnt":1.0,"sbjtId":"324","abeekChoiceSbjtCnt":4.0,"corsYy":"2016","subInspTotalPnt":6.0,"abeekGrpNm":"A그룹 중 택4","rowStatus":1,"theoFg":"U0210002","curiNo":"2016101526"},{"submattFg":"U0209003","stgNeceGrpNm":"택A4","sideTotalPnt":8.0,"sbjtChgFg":"","subDgnTotalPnt":0.0,"sy62shtmRcomYn":"","abeekSubmattFgNm":"MSC","sustLsnFgNm":"교필","sy12shtmRcomYn":"○","sy42shtmRcomYn":"","abeekInspPracPntCnt":0.0,"genrl1stgNeceSbjtCnt":4.0,"abeekSustLsnFg":"U0225001","abeekDetaSubmattFg":"U0227004","sy51shtmRcomYn":"","abeekSustLsnFgNm":"인필","sy11shtmRcomYn":"","abeekTheoPntCnt":3.0,"sy31shtmRcomYn":"","submattFgNm":"기초과목","sbjtCd":"PHYS115","subTheoTotalPnt":33.0,"mjCd":"DS03001024001","sy61shtmRcomYn":"","sy22shtmRcomYn":"","mjCdNm":"신소재공학전공(과)","sustLsnFg":"U0208002","sy52shtmRcomYn":"","sy21shtmRcomYn":"","sbjtChgFgNm":"","abeekDgnPntCnt":0.0,"sbjtKorNm":"물리학2","sy41shtmRcomYn":"","genrl1stgNeceGrp":"A","abeekGrpChoice":"A","abeekSubmattFg":"U0226002","theoFgNm":"이론","abeekDetaSubmattFgNm":"기초과학","sy32shtmRcomYn":"","openTm":3.0,"pnt":3.0,"sbjtId":"321","abeekChoiceSbjtCnt":4.0,"corsYy":"2016","subInspTotalPnt":6.0,"abeekGrpNm":"A그룹 중 택4","rowStatus":1,"theoFg":"U0210001","curiNo":"2016101527"},{"submattFg":"U0209003","stgNeceGrpNm":"택A4","sideTotalPnt":8.0,"sbjtChgFg":"","subDgnTotalPnt":0.0,"sy62shtmRcomYn":"","abeekSubmattFgNm":"MSC","sustLsnFgNm":"교필","sy12shtmRcomYn":"○","sy42shtmRcomYn":"","abeekInspPracPntCnt":1.0,"genrl1stgNeceSbjtCnt":4.0,"abeekSustLsnFg":"U0225001","abeekDetaSubmattFg":"U0227004","sy51shtmRcomYn":"","abeekSustLsnFgNm":"인필","sy11shtmRcomYn":"","abeekTheoPntCnt":0.0,"sy31shtmRcomYn":"","submattFgNm":"기초과목","sbjtCd":"PHYS116","subTheoTotalPnt":33.0,"mjCd":"DS03001024001","sy61shtmRcomYn":"","sy22shtmRcomYn":"","mjCdNm":"신소재공학전공(과)","sustLsnFg":"U0208002","sy52shtmRcomYn":"","sy21shtmRcomYn":"","sbjtChgFgNm":"","abeekDgnPntCnt":0.0,"sbjtKorNm":"물리학실험2","sy41shtmRcomYn":"","genrl1stgNeceGrp":"A","abeekGrpChoice":"A","abeekSubmattFg":"U0226002","theoFgNm":"실습","abeekDetaSubmattFgNm":"기초과학","sy32shtmRcomYn":"","openTm":2.0,"pnt":1.0,"sbjtId":"325","abeekChoiceSbjtCnt":4.0,"corsYy":"2016","subInspTotalPnt":6.0,"abeekGrpNm":"A그룹 중 택4","rowStatus":1,"theoFg":"U0210002","curiNo":"2016101528"},{"submattFg":"U0209003","stgNeceGrpNm":"택A4","sideTotalPnt":8.0,"sbjtChgFg":"","subDgnTotalPnt":0.0,"sy62shtmRcomYn":"","abeekSubmattFgNm":"MSC","sustLsnFgNm":"교필","sy12shtmRcomYn":"","sy42shtmRcomYn":"","abeekInspPracPntCnt":0.0,"genrl1stgNeceSbjtCnt":4.0,"abeekSustLsnFg":"U0225001","abeekDetaSubmattFg":"U0227004","sy51shtmRcomYn":"","abeekSustLsnFgNm":"인필","sy11shtmRcomYn":"○","abeekTheoPntCnt":3.0,"sy31shtmRcomYn":"","submattFgNm":"기초과목","sbjtCd":"PHYS117","subTheoTotalPnt":33.0,"mjCd":"DS03001024001","sy61shtmRcomYn":"","sy22shtmRcomYn":"","mjCdNm":"신소재공학전공(과)","sustLsnFg":"U0208002","sy52shtmRcomYn":"","sy21shtmRcomYn":"","sbjtChgFgNm":"","abeekDgnPntCnt":0.0,"sbjtKorNm":"물리학","sy41shtmRcomYn":"","genrl1stgNeceGrp":"A","abeekGrpChoice":"A","abeekSubmattFg":"U0226002","theoFgNm":"이론","abeekDetaSubmattFgNm":"기초과학","sy32shtmRcomYn":"","openTm":3.0,"pnt":3.0,"sbjtId":"11813","abeekChoiceSbjtCnt":4.0,"corsYy":"2016","subInspTotalPnt":6.0,"abeekGrpNm":"A그룹 중 택4","rowStatus":1,"theoFg":"U0210001","curiNo":"2016101510"},{"submattFg":"U0209003","stgNeceGrpNm":"택A4","sideTotalPnt":8.0,"sbjtChgFg":"","subDgnTotalPnt":0.0,"sy62shtmRcomYn":"","abeekSubmattFgNm":"MSC","sustLsnFgNm":"교필","sy12shtmRcomYn":"","sy42shtmRcomYn":"","abeekInspPracPntCnt":1.0,"genrl1stgNeceSbjtCnt":4.0,"abeekSustLsnFg":"U0225001","abeekDetaSubmattFg":"U0227004","sy51shtmRcomYn":"","abeekSustLsnFgNm":"인필","sy11shtmRcomYn":"○","abeekTheoPntCnt":0.0,"sy31shtmRcomYn":"","submattFgNm":"기초과목","sbjtCd":"PHYS118","subTheoTotalPnt":33.0,"mjCd":"DS03001024001","sy61shtmRcomYn":"","sy22shtmRcomYn":"","mjCdNm":"신소재공학전공(과)","sustLsnFg":"U0208002","sy52shtmRcomYn":"","sy21shtmRcomYn":"","sbjtChgFgNm":"","abeekDgnPntCnt":0.0,"sbjtKorNm":"물리학실험","sy41shtmRcomYn":"","genrl1stgNeceGrp":"A","abeekGrpChoice":"A","abeekSubmattFg":"U0226002","theoFgNm":"실습","abeekDetaSubmattFgNm":"기초과학","sy32shtmRcomYn":"","openTm":2.0,"pnt":1.0,"sbjtId":"11874","abeekChoiceSbjtCnt":4.0,"corsYy":"2016","subInspTotalPnt":6.0,"abeekGrpNm":"A그룹 중 택4","rowStatus":1,"theoFg":"U0210002","curiNo":"2016101511"},{"submattFg":"U0209003","stgNeceGrpNm":"","sideTotalPnt":3.0,"sbjtChgFg":"","subDgnTotalPnt":0.0,"sy62shtmRcomYn":"","abeekSubmattFgNm":"MSC","sustLsnFgNm":"교필","sy12shtmRcomYn":"","sy42shtmRcomYn":"","abeekInspPracPntCnt":0.0,"genrl1stgNeceSbjtCnt":null,"abeekSustLsnFg":"U0225001","abeekDetaSubmattFg":"U0227004","sy51shtmRcomYn":"","abeekSustLsnFgNm":"인필","sy11shtmRcomYn":"○","abeekTheoPntCnt":3.0,"sy31shtmRcomYn":"","submattFgNm":"기초과목","sbjtCd":"CHEM112","subTheoTotalPnt":33.0,"mjCd":"DS03001024001","sy61shtmRcomYn":"","sy22shtmRcomYn":"","mjCdNm":"신소재공학전공(과)","sustLsnFg":"U0208002","sy52shtmRcomYn":"","sy21shtmRcomYn":"","sbjtChgFgNm":"","abeekDgnPntCnt":0.0,"sbjtKorNm":"화학1","sy41shtmRcomYn":"","genrl1stgNeceGrp":"","abeekGrpChoice":"","abeekSubmattFg":"U0226002","theoFgNm":"이론","abeekDetaSubmattFgNm":"기초과학","sy32shtmRcomYn":"","openTm":3.0,"pnt":3.0,"sbjtId":"991","abeekChoiceSbjtCnt":null,"corsYy":"2016","subInspTotalPnt":6.0,"abeekGrpNm":"","rowStatus":1,"theoFg":"U0210001","curiNo":"2016101516"},{"submattFg":"U0209003","stgNeceGrpNm":"","sideTotalPnt":3.0,"sbjtChgFg":"","subDgnTotalPnt":0.0,"sy62shtmRcomYn":"","abeekSubmattFgNm":"MSC","sustLsnFgNm":"교필","sy12shtmRcomYn":"○","sy42shtmRcomYn":"","abeekInspPracPntCnt":0.0,"genrl1stgNeceSbjtCnt":null,"abeekSustLsnFg":"U0225001","abeekDetaSubmattFg":"U0227004","sy51shtmRcomYn":"","abeekSustLsnFgNm":"인필","sy11shtmRcomYn":"","abeekTheoPntCnt":3.0,"sy31shtmRcomYn":"","submattFgNm":"기초과목","sbjtCd":"CHEM113","subTheoTotalPnt":33.0,"mjCd":"DS03001024001","sy61shtmRcomYn":"","sy22shtmRcomYn":"","mjCdNm":"신소재공학전공(과)","sustLsnFg":"U0208002","sy52shtmRcomYn":"","sy21shtmRcomYn":"","sbjtChgFgNm":"","abeekDgnPntCnt":0.0,"sbjtKorNm":"화학2","sy41shtmRcomYn":"","genrl1stgNeceGrp":"","abeekGrpChoice":"","abeekSubmattFg":"U0226002","theoFgNm":"이론","abeekDetaSubmattFgNm":"기초과학","sy32shtmRcomYn":"","openTm":3.0,"pnt":3.0,"sbjtId":"992","abeekChoiceSbjtCnt":null,"corsYy":"2016","subInspTotalPnt":6.0,"abeekGrpNm":"","rowStatus":1,"theoFg":"U0210001","curiNo":"2016101517"},{"submattFg":"U0209003","stgNeceGrpNm":"","sideTotalPnt":1.0,"sbjtChgFg":"","subDgnTotalPnt":0.0,"sy62shtmRcomYn":"","abeekSubmattFgNm":"MSC","sustLsnFgNm":"교필","sy12shtmRcomYn":"","sy42shtmRcomYn":"","abeekInspPracPntCnt":1.0,"genrl1stgNeceSbjtCnt":null,"abeekSustLsnFg":"U0225001","abeekDetaSubmattFg":"U0227004","sy51shtmRcomYn":"","abeekSustLsnFgNm":"인필","sy11shtmRcomYn":"○","abeekTheoPntCnt":0.0,"sy31shtmRcomYn":"","submattFgNm":"기초과목","sbjtCd":"CHEM115","subTheoTotalPnt":33.0,"mjCd":"DS03001024001","sy61shtmRcomYn":"","sy22shtmRcomYn":"","mjCdNm":"신소재공학전공(과)","sustLsnFg":"U0208002","sy52shtmRcomYn":"","sy21shtmRcomYn":"","sbjtChgFgNm":"","abeekDgnPntCnt":0.0,"sbjtKorNm":"화학실험1","sy41shtmRcomYn":"","genrl1stgNeceGrp":"","abeekGrpChoice":"","abeekSubmattFg":"U0226002","theoFgNm":"실습","abeekDetaSubmattFgNm":"기초과학","sy32shtmRcomYn":"","openTm":2.0,"pnt":1.0,"sbjtId":"1002","abeekChoiceSbjtCnt":null,"corsYy":"2016","subInspTotalPnt":6.0,"abeekGrpNm":"","rowStatus":1,"theoFg":"U0210002","curiNo":"2016101518"},{"submattFg":"U0209003","stgNeceGrpNm":"","sideTotalPnt":1.0,"sbjtChgFg":"","subDgnTotalPnt":0.0,"sy62shtmRcomYn":"","abeekSubmattFgNm":"MSC","sustLsnFgNm":"교필","sy12shtmRcomYn":"○","sy42shtmRcomYn":"","abeekInspPracPntCnt":1.0,"genrl1stgNeceSbjtCnt":null,"abeekSustLsnFg":"U0225001","abeekDetaSubmattFg":"U0227004","sy51shtmRcomYn":"","abeekSustLsnFgNm":"인필","sy11shtmRcomYn":"","abeekTheoPntCnt":0.0,"sy31shtmRcomYn":"","submattFgNm":"기초과목","sbjtCd":"CHEM116","subTheoTotalPnt":33.0,"mjCd":"DS03001024001","sy61shtmRcomYn":"","sy22shtmRcomYn":"","mjCdNm":"신소재공학전공(과)","sustLsnFg":"U0208002","sy52shtmRcomYn":"","sy21shtmRcomYn":"","sbjtChgFgNm":"","abeekDgnPntCnt":0.0,"sbjtKorNm":"화학실험2","sy41shtmRcomYn":"","genrl1stgNeceGrp":"","abeekGrpChoice":"","abeekSubmattFg":"U0226002","theoFgNm":"실습","abeekDetaSubmattFgNm":"기초과학","sy32shtmRcomYn":"","openTm":2.0,"pnt":1.0,"sbjtId":"1003","abeekChoiceSbjtCnt":null,"corsYy":"2016","subInspTotalPnt":6.0,"abeekGrpNm":"","rowStatus":1,"theoFg":"U0210002","curiNo":"2016101519"},{"submattFg":"U0209003","stgNeceGrpNm":"","sideTotalPnt":3.0,"sbjtChgFg":"","subDgnTotalPnt":0.0,"sy62shtmRcomYn":"","abeekSubmattFgNm":"MSC","sustLsnFgNm":"교필","sy12shtmRcomYn":"","sy42shtmRcomYn":"","abeekInspPracPntCnt":0.0,"genrl1stgNeceSbjtCnt":null,"abeekSustLsnFg":"U0225001","abeekDetaSubmattFg":"U0227005","sy51shtmRcomYn":"","abeekSustLsnFgNm":"인필","sy11shtmRcomYn":"","abeekTheoPntCnt":3.0,"sy31shtmRcomYn":"","submattFgNm":"기초과목","sbjtCd":"CMP103","subTheoTotalPnt":33.0,"mjCd":"DS03001024001","sy61shtmRcomYn":"","sy22shtmRcomYn":"","mjCdNm":"신소재공학전공(과)","sustLsnFg":"U0208002","sy52shtmRcomYn":"","sy21shtmRcomYn":"○","sbjtChgFgNm":"","abeekDgnPntCnt":0.0,"sbjtKorNm":"프로그래밍 기초","sy41shtmRcomYn":"","genrl1stgNeceGrp":"","abeekGrpChoice":"","abeekSubmattFg":"U0226002","theoFgNm":"이론+실습","abeekDetaSubmattFgNm":"전산학","sy32shtmRcomYn":"","openTm":3.0,"pnt":3.0,"sbjtId":"12218","abeekChoiceSbjtCnt":null,"corsYy":"2016","subInspTotalPnt":6.0,"abeekGrpNm":"","rowStatus":1,"theoFg":"U0210005","curiNo":"2016101520"},{"submattFg":"U0209003","stgNeceGrpNm":"","sideTotalPnt":1.0,"sbjtChgFg":"U0212003","subDgnTotalPnt":null,"sy62shtmRcomYn":"","abeekSubmattFgNm":"","sustLsnFgNm":"교필","sy12shtmRcomYn":"","sy42shtmRcomYn":"","abeekInspPracPntCnt":null,"genrl1stgNeceSbjtCnt":null,"abeekSustLsnFg":"","abeekDetaSubmattFg":"","sy51shtmRcomYn":"","abeekSustLsnFgNm":"","sy11shtmRcomYn":"○","abeekTheoPntCnt":null,"sy31shtmRcomYn":"","submattFgNm":"기초과목","sbjtCd":"CAJO111","subTheoTotalPnt":null,"mjCd":"DS03001024001","sy61shtmRcomYn":"","sy22shtmRcomYn":"","mjCdNm":"신소재공학전공(과)","sustLsnFg":"U0208002","sy52shtmRcomYn":"","sy21shtmRcomYn":"","sbjtChgFgNm":"폐지","abeekDgnPntCnt":null,"sbjtKorNm":"진로설정과 어학역량 계발 1","sy41shtmRcomYn":"","genrl1stgNeceGrp":"","abeekGrpChoice":"","abeekSubmattFg":"","theoFgNm":"이론","abeekDetaSubmattFgNm":"","sy32shtmRcomYn":"","openTm":1.0,"pnt":1.0,"sbjtId":"40036","abeekChoiceSbjtCnt":null,"corsYy":"2016","subInspTotalPnt":null,"abeekGrpNm":"","rowStatus":1,"theoFg":"U0210001","curiNo":"2016101514"},{"submattFg":"U0209003","stgNeceGrpNm":"","sideTotalPnt":1.0,"sbjtChgFg":"U0212003","subDgnTotalPnt":null,"sy62shtmRcomYn":"","abeekSubmattFgNm":"","sustLsnFgNm":"교필","sy12shtmRcomYn":"○","sy42shtmRcomYn":"","abeekInspPracPntCnt":null,"genrl1stgNeceSbjtCnt":null,"abeekSustLsnFg":"","abeekDetaSubmattFg":"","sy51shtmRcomYn":"","abeekSustLsnFgNm":"","sy11shtmRcomYn":"","abeekTheoPntCnt":null,"sy31shtmRcomYn":"","submattFgNm":"기초과목","sbjtCd":"CAJO112","subTheoTotalPnt":null,"mjCd":"DS03001024001","sy61shtmRcomYn":"","sy22shtmRcomYn":"","mjCdNm":"신소재공학전공(과)","sustLsnFg":"U0208002","sy52shtmRcomYn":"","sy21shtmRcomYn":"","sbjtChgFgNm":"폐지","abeekDgnPntCnt":null,"sbjtKorNm":"진로설정과 어학역량 계발 2","sy41shtmRcomYn":"","genrl1stgNeceGrp":"","abeekGrpChoice":"","abeekSubmattFg":"","theoFgNm":"이론","abeekDetaSubmattFgNm":"","sy32shtmRcomYn":"","openTm":1.0,"pnt":1.0,"sbjtId":"40037","abeekChoiceSbjtCnt":null,"corsYy":"2016","subInspTotalPnt":null,"abeekGrpNm":"","rowStatus":1,"theoFg":"U0210001","curiNo":"2016101515"},{"submattFg":"U0209003","stgNeceGrpNm":"","sideTotalPnt":1.0,"sbjtChgFg":"U0212001","subDgnTotalPnt":null,"sy62shtmRcomYn":"","abeekSubmattFgNm":"","sustLsnFgNm":"교필","sy12shtmRcomYn":"○","sy42shtmRcomYn":"","abeekInspPracPntCnt":null,"genrl1stgNeceSbjtCnt":null,"abeekSustLsnFg":"","abeekDetaSubmattFg":"","sy51shtmRcomYn":"","abeekSustLsnFgNm":"","sy11shtmRcomYn":"","abeekTheoPntCnt":null,"sy31shtmRcomYn":"","submattFgNm":"기초과목","sbjtCd":"CAJO114","subTheoTotalPnt":null,"mjCd":"DS03001024001","sy61shtmRcomYn":"","sy22shtmRcomYn":"","mjCdNm":"신소재공학전공(과)","sustLsnFg":"U0208002","sy52shtmRcomYn":"","sy21shtmRcomYn":"","sbjtChgFgNm":"신설","abeekDgnPntCnt":null,"sbjtKorNm":"아주희망","sy41shtmRcomYn":"","genrl1stgNeceGrp":"","abeekGrpChoice":"","abeekSubmattFg":"","theoFgNm":"이론","abeekDetaSubmattFgNm":"","sy32shtmRcomYn":"","openTm":1.5,"pnt":1.0,"sbjtId":"20150729","abeekChoiceSbjtCnt":null,"corsYy":"2016","subInspTotalPnt":null,"abeekGrpNm":"","rowStatus":1,"theoFg":"U0210001","curiNo":"2016107280"},{"submattFg":"U0209003","stgNeceGrpNm":"","sideTotalPnt":3.0,"sbjtChgFg":"U0212001","subDgnTotalPnt":null,"sy62shtmRcomYn":"","abeekSubmattFgNm":"","sustLsnFgNm":"교필","sy12shtmRcomYn":"","sy42shtmRcomYn":"","abeekInspPracPntCnt":null,"genrl1stgNeceSbjtCnt":null,"abeekSustLsnFg":"","abeekDetaSubmattFg":"","sy51shtmRcomYn":"","abeekSustLsnFgNm":"","sy11shtmRcomYn":"","abeekTheoPntCnt":null,"sy31shtmRcomYn":"","submattFgNm":"기초과목","sbjtCd":"CMP104","subTheoTotalPnt":null,"mjCd":"DS03001024001","sy61shtmRcomYn":"","sy22shtmRcomYn":"○","mjCdNm":"신소재공학전공(과)","sustLsnFg":"U0208002","sy52shtmRcomYn":"","sy21shtmRcomYn":"","sbjtChgFgNm":"신설","abeekDgnPntCnt":null,"sbjtKorNm":"과학계산 프로그래밍","sy41shtmRcomYn":"","genrl1stgNeceGrp":"","abeekGrpChoice":"","abeekSubmattFg":"","theoFgNm":"이론","abeekDetaSubmattFgNm":"","sy32shtmRcomYn":"","openTm":3.0,"pnt":3.0,"sbjtId":"10369","abeekChoiceSbjtCnt":null,"corsYy":"2016","subInspTotalPnt":null,"abeekGrpNm":"","rowStatus":1,"theoFg":"U0210001","curiNo":"2016107041"},{"submattFg":"U0209001","stgNeceGrpNm":"","sideTotalPnt":3.0,"sbjtChgFg":"","subDgnTotalPnt":3.0,"sy62shtmRcomYn":"","abeekSubmattFgNm":"전공","sustLsnFgNm":"전필","sy12shtmRcomYn":"○","sy42shtmRcomYn":"","abeekInspPracPntCnt":0.0,"genrl1stgNeceSbjtCnt":null,"abeekSustLsnFg":"U0225001","abeekDetaSubmattFg":"","sy51shtmRcomYn":"","abeekSustLsnFgNm":"인필","sy11shtmRcomYn":"","abeekTheoPntCnt":3.0,"sy31shtmRcomYn":"","submattFgNm":"전공과목","sbjtCd":"MSE102","subTheoTotalPnt":60.0,"mjCd":"DS03001024001","sy61shtmRcomYn":"","sy22shtmRcomYn":"","mjCdNm":"신소재공학전공(과)","sustLsnFg":"U0208004","sy52shtmRcomYn":"","sy21shtmRcomYn":"","sbjtChgFgNm":"","abeekDgnPntCnt":0.0,"sbjtKorNm":"재료과학1","sy41shtmRcomYn":"","genrl1stgNeceGrp":"","abeekGrpChoice":"","abeekSubmattFg":"U0226003","theoFgNm":"이론","abeekDetaSubmattFgNm":"","sy32shtmRcomYn":"","openTm":3.0,"pnt":3.0,"sbjtId":"12303","abeekChoiceSbjtCnt":null,"corsYy":"2016","subInspTotalPnt":4.0,"abeekGrpNm":"","rowStatus":1,"theoFg":"U0210001","curiNo":"2016101474"},{"submattFg":"U0209001","stgNeceGrpNm":"","sideTotalPnt":3.0,"sbjtChgFg":"","subDgnTotalPnt":3.0,"sy62shtmRcomYn":"","abeekSubmattFgNm":"전공","sustLsnFgNm":"전필","sy12shtmRcomYn":"","sy42shtmRcomYn":"","abeekInspPracPntCnt":0.0,"genrl1stgNeceSbjtCnt":null,"abeekSustLsnFg":"U0225001","abeekDetaSubmattFg":"","sy51shtmRcomYn":"","abeekSustLsnFgNm":"인필","sy11shtmRcomYn":"","abeekTheoPntCnt":3.0,"sy31shtmRcomYn":"","submattFgNm":"전공과목","sbjtCd":"MSE201","subTheoTotalPnt":60.0,"mjCd":"DS03001024001","sy61shtmRcomYn":"","sy22shtmRcomYn":"","mjCdNm":"신소재공학전공(과)","sustLsnFg":"U0208004","sy52shtmRcomYn":"","sy21shtmRcomYn":"○","sbjtChgFgNm":"","abeekDgnPntCnt":0.0,"sbjtKorNm":"재료과학2","sy41shtmRcomYn":"","genrl1stgNeceGrp":"","abeekGrpChoice":"","abeekSubmattFg":"U0226003","theoFgNm":"이론","abeekDetaSubmattFgNm":"","sy32shtmRcomYn":"","openTm":3.0,"pnt":3.0,"sbjtId":"12304","abeekChoiceSbjtCnt":null,"corsYy":"2016","subInspTotalPnt":4.0,"abeekGrpNm":"","rowStatus":1,"theoFg":"U0210001","curiNo":"2016101473"},{"submattFg":"U0209001","stgNeceGrpNm":"","sideTotalPnt":2.0,"sbjtChgFg":"","subDgnTotalPnt":3.0,"sy62shtmRcomYn":"","abeekSubmattFgNm":"전공","sustLsnFgNm":"전필","sy12shtmRcomYn":"","sy42shtmRcomYn":"","abeekInspPracPntCnt":2.0,"genrl1stgNeceSbjtCnt":null,"abeekSustLsnFg":"U0225001","abeekDetaSubmattFg":"","sy51shtmRcomYn":"","abeekSustLsnFgNm":"인필","sy11shtmRcomYn":"","abeekTheoPntCnt":0.0,"sy31shtmRcomYn":"","submattFgNm":"전공과목","sbjtCd":"MSE2010","subTheoTotalPnt":60.0,"mjCd":"DS03001024001","sy61shtmRcomYn":"","sy22shtmRcomYn":"○","mjCdNm":"신소재공학전공(과)","sustLsnFg":"U0208004","sy52shtmRcomYn":"","sy21shtmRcomYn":"","sbjtChgFgNm":"","abeekDgnPntCnt":0.0,"sbjtKorNm":"재료공학실험2","sy41shtmRcomYn":"","genrl1stgNeceGrp":"","abeekGrpChoice":"","abeekSubmattFg":"U0226003","theoFgNm":"실습+설계","abeekDetaSubmattFgNm":"","sy32shtmRcomYn":"","openTm":4.0,"pnt":2.0,"sbjtId":"11651","abeekChoiceSbjtCnt":null,"corsYy":"2016","subInspTotalPnt":4.0,"abeekGrpNm":"","rowStatus":1,"theoFg":"U0210004","curiNo":"2016101470"},{"submattFg":"U0209001","stgNeceGrpNm":"","sideTotalPnt":3.0,"sbjtChgFg":"","subDgnTotalPnt":3.0,"sy62shtmRcomYn":"","abeekSubmattFgNm":"전공","sustLsnFgNm":"전필","sy12shtmRcomYn":"","sy42shtmRcomYn":"","abeekInspPracPntCnt":0.0,"genrl1stgNeceSbjtCnt":null,"abeekSustLsnFg":"U0225001","abeekDetaSubmattFg":"","sy51shtmRcomYn":"","abeekSustLsnFgNm":"인필","sy11shtmRcomYn":"","abeekTheoPntCnt":3.0,"sy31shtmRcomYn":"","submattFgNm":"전공과목","sbjtCd":"MSE202","subTheoTotalPnt":60.0,"mjCd":"DS03001024001","sy61shtmRcomYn":"","sy22shtmRcomYn":"○","mjCdNm":"신소재공학전공(과)","sustLsnFg":"U0208004","sy52shtmRcomYn":"","sy21shtmRcomYn":"","sbjtChgFgNm":"","abeekDgnPntCnt":0.0,"sbjtKorNm":"재료열역학","sy41shtmRcomYn":"","genrl1stgNeceGrp":"","abeekGrpChoice":"","abeekSubmattFg":"U0226003","theoFgNm":"이론","abeekDetaSubmattFgNm":"","sy32shtmRcomYn":"","openTm":3.0,"pnt":3.0,"sbjtId":"723","abeekChoiceSbjtCnt":null,"corsYy":"2016","subInspTotalPnt":4.0,"abeekGrpNm":"","rowStatus":1,"theoFg":"U0210001","curiNo":"2016101478"},{"submattFg":"U0209001","stgNeceGrpNm":"","sideTotalPnt":2.0,"sbjtChgFg":"","subDgnTotalPnt":3.0,"sy62shtmRcomYn":"","abeekSubmattFgNm":"전공","sustLsnFgNm":"전필","sy12shtmRcomYn":"","sy42shtmRcomYn":"","abeekInspPracPntCnt":2.0,"genrl1stgNeceSbjtCnt":null,"abeekSustLsnFg":"U0225001","abeekDetaSubmattFg":"","sy51shtmRcomYn":"","abeekSustLsnFgNm":"인필","sy11shtmRcomYn":"","abeekTheoPntCnt":0.0,"sy31shtmRcomYn":"","submattFgNm":"전공과목","sbjtCd":"MSE205","subTheoTotalPnt":60.0,"mjCd":"DS03001024001","sy61shtmRcomYn":"","sy22shtmRcomYn":"","mjCdNm":"신소재공학전공(과)","sustLsnFg":"U0208004","sy52shtmRcomYn":"","sy21shtmRcomYn":"○","sbjtChgFgNm":"","abeekDgnPntCnt":0.0,"sbjtKorNm":"재료공학실험1","sy41shtmRcomYn":"","genrl1stgNeceGrp":"","abeekGrpChoice":"","abeekSubmattFg":"U0226003","theoFgNm":"실습+설계","abeekDetaSubmattFgNm":"","sy32shtmRcomYn":"","openTm":4.0,"pnt":2.0,"sbjtId":"11650","abeekChoiceSbjtCnt":null,"corsYy":"2016","subInspTotalPnt":4.0,"abeekGrpNm":"","rowStatus":1,"theoFg":"U0210004","curiNo":"2016101476"},{"submattFg":"U0209001","stgNeceGrpNm":"","sideTotalPnt":3.0,"sbjtChgFg":"","subDgnTotalPnt":3.0,"sy62shtmRcomYn":"","abeekSubmattFgNm":"전공","sustLsnFgNm":"전필","sy12shtmRcomYn":"","sy42shtmRcomYn":"","abeekInspPracPntCnt":0.0,"genrl1stgNeceSbjtCnt":null,"abeekSustLsnFg":"U0225001","abeekDetaSubmattFg":"","sy51shtmRcomYn":"","abeekSustLsnFgNm":"인필","sy11shtmRcomYn":"","abeekTheoPntCnt":3.0,"sy31shtmRcomYn":"","submattFgNm":"전공과목","sbjtCd":"MSE211","subTheoTotalPnt":60.0,"mjCd":"DS03001024001","sy61shtmRcomYn":"","sy22shtmRcomYn":"","mjCdNm":"신소재공학전공(과)","sustLsnFg":"U0208004","sy52shtmRcomYn":"","sy21shtmRcomYn":"○","sbjtChgFgNm":"","abeekDgnPntCnt":0.0,"sbjtKorNm":"결정구조학","sy41shtmRcomYn":"","genrl1stgNeceGrp":"","abeekGrpChoice":"","abeekSubmattFg":"U0226003","theoFgNm":"이론","abeekDetaSubmattFgNm":"","sy32shtmRcomYn":"","openTm":3.0,"pnt":3.0,"sbjtId":"12301","abeekChoiceSbjtCnt":null,"corsYy":"2016","subInspTotalPnt":4.0,"abeekGrpNm":"","rowStatus":1,"theoFg":"U0210001","curiNo":"2016101475"},{"submattFg":"U0209001","stgNeceGrpNm":"","sideTotalPnt":3.0,"sbjtChgFg":"","subDgnTotalPnt":3.0,"sy62shtmRcomYn":"","abeekSubmattFgNm":"전공","sustLsnFgNm":"전필","sy12shtmRcomYn":"","sy42shtmRcomYn":"","abeekInspPracPntCnt":0.0,"genrl1stgNeceSbjtCnt":null,"abeekSustLsnFg":"U0225001","abeekDetaSubmattFg":"","sy51shtmRcomYn":"","abeekSustLsnFgNm":"인필","sy11shtmRcomYn":"","abeekTheoPntCnt":3.0,"sy31shtmRcomYn":"○","submattFgNm":"전공과목","sbjtCd":"MSE303","subTheoTotalPnt":60.0,"mjCd":"DS03001024001","sy61shtmRcomYn":"","sy22shtmRcomYn":"","mjCdNm":"신소재공학전공(과)","sustLsnFg":"U0208004","sy52shtmRcomYn":"","sy21shtmRcomYn":"","sbjtChgFgNm":"","abeekDgnPntCnt":0.0,"sbjtKorNm":"상변태","sy41shtmRcomYn":"","genrl1stgNeceGrp":"","abeekGrpChoice":"","abeekSubmattFg":"U0226003","theoFgNm":"이론","abeekDetaSubmattFgNm":"","sy32shtmRcomYn":"","openTm":3.0,"pnt":3.0,"sbjtId":"439","abeekChoiceSbjtCnt":null,"corsYy":"2016","subInspTotalPnt":4.0,"abeekGrpNm":"","rowStatus":1,"theoFg":"U0210001","curiNo":"2016101480"},{"submattFg":"U0209001","stgNeceGrpNm":"","sideTotalPnt":3.0,"sbjtChgFg":"","subDgnTotalPnt":3.0,"sy62shtmRcomYn":"","abeekSubmattFgNm":"전공","sustLsnFgNm":"전필","sy12shtmRcomYn":"","sy42shtmRcomYn":"○","abeekInspPracPntCnt":null,"genrl1stgNeceSbjtCnt":null,"abeekSustLsnFg":"U0225001","abeekDetaSubmattFg":"","sy51shtmRcomYn":"","abeekSustLsnFgNm":"인필","sy11shtmRcomYn":"","abeekTheoPntCnt":0.0,"sy31shtmRcomYn":"","submattFgNm":"전공과목","sbjtCd":"MSE4417","subTheoTotalPnt":60.0,"mjCd":"DS03001024001","sy61shtmRcomYn":"","sy22shtmRcomYn":"","mjCdNm":"신소재공학전공(과)","sustLsnFg":"U0208004","sy52shtmRcomYn":"","sy21shtmRcomYn":"","sbjtChgFgNm":"","abeekDgnPntCnt":3.0,"sbjtKorNm":"재료의 선택과 종합설계 2","sy41shtmRcomYn":"","genrl1stgNeceGrp":"","abeekGrpChoice":"","abeekSubmattFg":"U0226003","theoFgNm":"설계","abeekDetaSubmattFgNm":"","sy32shtmRcomYn":"","openTm":3.0,"pnt":3.0,"sbjtId":"20140403","abeekChoiceSbjtCnt":null,"corsYy":"2016","subInspTotalPnt":4.0,"abeekGrpNm":"","rowStatus":1,"theoFg":"U0210003","curiNo":"2016101477"},{"submattFg":"U0209001","stgNeceGrpNm":"","sideTotalPnt":3.0,"sbjtChgFg":"","subDgnTotalPnt":null,"sy62shtmRcomYn":"","abeekSubmattFgNm":"","sustLsnFgNm":"전필","sy12shtmRcomYn":"","sy42shtmRcomYn":"","abeekInspPracPntCnt":null,"genrl1stgNeceSbjtCnt":null,"abeekSustLsnFg":"","abeekDetaSubmattFg":"","sy51shtmRcomYn":"","abeekSustLsnFgNm":"","sy11shtmRcomYn":"","abeekTheoPntCnt":null,"sy31shtmRcomYn":"","submattFgNm":"전공과목","sbjtCd":"MSE2011","subTheoTotalPnt":null,"mjCd":"DS03001024001","sy61shtmRcomYn":"","sy22shtmRcomYn":"○","mjCdNm":"신소재공학전공(과)","sustLsnFg":"U0208004","sy52shtmRcomYn":"","sy21shtmRcomYn":"","sbjtChgFgNm":"","abeekDgnPntCnt":null,"sbjtKorNm":"재료물리학","sy41shtmRcomYn":"","genrl1stgNeceGrp":"","abeekGrpChoice":"","abeekSubmattFg":"","theoFgNm":"이론","abeekDetaSubmattFgNm":"","sy32shtmRcomYn":"","openTm":3.0,"pnt":3.0,"sbjtId":"20140398","abeekChoiceSbjtCnt":null,"corsYy":"2016","subInspTotalPnt":null,"abeekGrpNm":"","rowStatus":1,"theoFg":"U0210001","curiNo":"2016101479"},{"submattFg":"U0209001","stgNeceGrpNm":"","sideTotalPnt":3.0,"sbjtChgFg":"","subDgnTotalPnt":3.0,"sy62shtmRcomYn":"","abeekSubmattFgNm":"전공","sustLsnFgNm":"전필","sy12shtmRcomYn":"","sy42shtmRcomYn":"","abeekInspPracPntCnt":null,"genrl1stgNeceSbjtCnt":null,"abeekSustLsnFg":"","abeekDetaSubmattFg":"","sy51shtmRcomYn":"","abeekSustLsnFgNm":"","sy11shtmRcomYn":"","abeekTheoPntCnt":3.0,"sy31shtmRcomYn":"○","submattFgNm":"전공과목","sbjtCd":"MSE321","subTheoTotalPnt":60.0,"mjCd":"DS03001024001","sy61shtmRcomYn":"","sy22shtmRcomYn":"","mjCdNm":"신소재공학전공(과)","sustLsnFg":"U0208004","sy52shtmRcomYn":"","sy21shtmRcomYn":"","sbjtChgFgNm":"","abeekDgnPntCnt":null,"sbjtKorNm":"재료의 기계적성질","sy41shtmRcomYn":"","genrl1stgNeceGrp":"","abeekGrpChoice":"","abeekSubmattFg":"U0226003","theoFgNm":"이론","abeekDetaSubmattFgNm":"","sy32shtmRcomYn":"","openTm":3.0,"pnt":3.0,"sbjtId":"724","abeekChoiceSbjtCnt":null,"corsYy":"2016","subInspTotalPnt":4.0,"abeekGrpNm":"","rowStatus":1,"theoFg":"U0210001","curiNo":"2016101472"},{"submattFg":"U0209001","stgNeceGrpNm":"","sideTotalPnt":3.0,"sbjtChgFg":"","subDgnTotalPnt":3.0,"sy62shtmRcomYn":"","abeekSubmattFgNm":"전공","sustLsnFgNm":"전필","sy12shtmRcomYn":"","sy42shtmRcomYn":"","abeekInspPracPntCnt":null,"genrl1stgNeceSbjtCnt":null,"abeekSustLsnFg":"","abeekDetaSubmattFg":"","sy51shtmRcomYn":"","abeekSustLsnFgNm":"","sy11shtmRcomYn":"","abeekTheoPntCnt":3.0,"sy31shtmRcomYn":"○","submattFgNm":"전공과목","sbjtCd":"MSE322","subTheoTotalPnt":60.0,"mjCd":"DS03001024001","sy61shtmRcomYn":"","sy22shtmRcomYn":"","mjCdNm":"신소재공학전공(과)","sustLsnFg":"U0208004","sy52shtmRcomYn":"","sy21shtmRcomYn":"","sbjtChgFgNm":"","abeekDgnPntCnt":null,"sbjtKorNm":"재료의 전ㆍ자기적성질","sy41shtmRcomYn":"","genrl1stgNeceGrp":"","abeekGrpChoice":"","abeekSubmattFg":"U0226003","theoFgNm":"이론","abeekDetaSubmattFgNm":"","sy32shtmRcomYn":"","openTm":3.0,"pnt":3.0,"sbjtId":"11658","abeekChoiceSbjtCnt":null,"corsYy":"2016","subInspTotalPnt":4.0,"abeekGrpNm":"","rowStatus":1,"theoFg":"U0210001","curiNo":"2016101471"},{"submattFg":"U0209001","stgNeceGrpNm":"","sideTotalPnt":3.0,"sbjtChgFg":"","subDgnTotalPnt":null,"sy62shtmRcomYn":"","abeekSubmattFgNm":"","sustLsnFgNm":"전필","sy12shtmRcomYn":"","sy42shtmRcomYn":"","abeekInspPracPntCnt":null,"genrl1stgNeceSbjtCnt":null,"abeekSustLsnFg":"","abeekDetaSubmattFg":"","sy51shtmRcomYn":"","abeekSustLsnFgNm":"","sy11shtmRcomYn":"","abeekTheoPntCnt":null,"sy31shtmRcomYn":"","submattFgNm":"전공과목","sbjtCd":"MSE4415","subTheoTotalPnt":null,"mjCd":"DS03001024001","sy61shtmRcomYn":"","sy22shtmRcomYn":"","mjCdNm":"신소재공학전공(과)","sustLsnFg":"U0208004","sy52shtmRcomYn":"","sy21shtmRcomYn":"","sbjtChgFgNm":"","abeekDgnPntCnt":null,"sbjtKorNm":"재료의 선택과 종합설계 1","sy41shtmRcomYn":"○","genrl1stgNeceGrp":"","abeekGrpChoice":"","abeekSubmattFg":"","theoFgNm":"설계","abeekDetaSubmattFgNm":"","sy32shtmRcomYn":"","openTm":3.0,"pnt":3.0,"sbjtId":"20140399","abeekChoiceSbjtCnt":null,"corsYy":"2016","subInspTotalPnt":null,"abeekGrpNm":"","rowStatus":1,"theoFg":"U0210003","curiNo":"2016101469"},{"submattFg":"U0209001","stgNeceGrpNm":"","sideTotalPnt":3.0,"sbjtChgFg":"","subDgnTotalPnt":3.0,"sy62shtmRcomYn":"","abeekSubmattFgNm":"전공","sustLsnFgNm":"전선","sy12shtmRcomYn":"","sy42shtmRcomYn":"","abeekInspPracPntCnt":null,"genrl1stgNeceSbjtCnt":null,"abeekSustLsnFg":"U0225002","abeekDetaSubmattFg":"","sy51shtmRcomYn":"","abeekSustLsnFgNm":"인선","sy11shtmRcomYn":"","abeekTheoPntCnt":3.0,"sy31shtmRcomYn":"","submattFgNm":"전공과목","sbjtCd":"MSE2012","subTheoTotalPnt":60.0,"mjCd":"DS03001024001","sy61shtmRcomYn":"","sy22shtmRcomYn":"○","mjCdNm":"신소재공학전공(과)","sustLsnFg":"U0208005","sy52shtmRcomYn":"","sy21shtmRcomYn":"","sbjtChgFgNm":"","abeekDgnPntCnt":null,"sbjtKorNm":"재료화학","sy41shtmRcomYn":"","genrl1stgNeceGrp":"","abeekGrpChoice":"","abeekSubmattFg":"U0226003","theoFgNm":"이론","abeekDetaSubmattFgNm":"","sy32shtmRcomYn":"","openTm":3.0,"pnt":3.0,"sbjtId":"12300","abeekChoiceSbjtCnt":null,"corsYy":"2016","subInspTotalPnt":4.0,"abeekGrpNm":"","rowStatus":1,"theoFg":"U0210001","curiNo":"2016101498"},{"submattFg":"U0209001","stgNeceGrpNm":"","sideTotalPnt":3.0,"sbjtChgFg":"","subDgnTotalPnt":3.0,"sy62shtmRcomYn":"","abeekSubmattFgNm":"전공","sustLsnFgNm":"전선","sy12shtmRcomYn":"","sy42shtmRcomYn":"","abeekInspPracPntCnt":0.0,"genrl1stgNeceSbjtCnt":null,"abeekSustLsnFg":"U0225002","abeekDetaSubmattFg":"","sy51shtmRcomYn":"","abeekSustLsnFgNm":"인선","sy11shtmRcomYn":"","abeekTheoPntCnt":3.0,"sy31shtmRcomYn":"","submattFgNm":"전공과목","sbjtCd":"MSE203","subTheoTotalPnt":60.0,"mjCd":"DS03001024001","sy61shtmRcomYn":"","sy22shtmRcomYn":"","mjCdNm":"신소재공학전공(과)","sustLsnFg":"U0208005","sy52shtmRcomYn":"","sy21shtmRcomYn":"○","sbjtChgFgNm":"","abeekDgnPntCnt":0.0,"sbjtKorNm":"물리화학","sy41shtmRcomYn":"","genrl1stgNeceGrp":"","abeekGrpChoice":"","abeekSubmattFg":"U0226003","theoFgNm":"이론","abeekDetaSubmattFgNm":"","sy32shtmRcomYn":"","openTm":3.0,"pnt":3.0,"sbjtId":"12305","abeekChoiceSbjtCnt":null,"corsYy":"2016","subInspTotalPnt":4.0,"abeekGrpNm":"","rowStatus":1,"theoFg":"U0210001","curiNo":"2016101497"},{"submattFg":"U0209001","stgNeceGrpNm":"","sideTotalPnt":3.0,"sbjtChgFg":"","subDgnTotalPnt":3.0,"sy62shtmRcomYn":"","abeekSubmattFgNm":"전공","sustLsnFgNm":"전선","sy12shtmRcomYn":"","sy42shtmRcomYn":"","abeekInspPracPntCnt":null,"genrl1stgNeceSbjtCnt":null,"abeekSustLsnFg":"U0225002","abeekDetaSubmattFg":"","sy51shtmRcomYn":"","abeekSustLsnFgNm":"인선","sy11shtmRcomYn":"","abeekTheoPntCnt":3.0,"sy31shtmRcomYn":"○","submattFgNm":"전공과목","sbjtCd":"MSE312","subTheoTotalPnt":60.0,"mjCd":"DS03001024001","sy61shtmRcomYn":"","sy22shtmRcomYn":"","mjCdNm":"신소재공학전공(과)","sustLsnFg":"U0208005","sy52shtmRcomYn":"","sy21shtmRcomYn":"","sbjtChgFgNm":"","abeekDgnPntCnt":0.0,"sbjtKorNm":"세라믹 재료의 구조ㆍ물성","sy41shtmRcomYn":"","genrl1stgNeceGrp":"","abeekGrpChoice":"","abeekSubmattFg":"U0226003","theoFgNm":"이론","abeekDetaSubmattFgNm":"","sy32shtmRcomYn":"","openTm":3.0,"pnt":3.0,"sbjtId":"13480","abeekChoiceSbjtCnt":null,"corsYy":"2016","subInspTotalPnt":4.0,"abeekGrpNm":"","rowStatus":1,"theoFg":"U0210001","curiNo":"2016101495"},{"submattFg":"U0209001","stgNeceGrpNm":"","sideTotalPnt":3.0,"sbjtChgFg":"","subDgnTotalPnt":null,"sy62shtmRcomYn":"","abeekSubmattFgNm":"","sustLsnFgNm":"전선","sy12shtmRcomYn":"","sy42shtmRcomYn":"","abeekInspPracPntCnt":null,"genrl1stgNeceSbjtCnt":null,"abeekSustLsnFg":"U0225002","abeekDetaSubmattFg":"","sy51shtmRcomYn":"","abeekSustLsnFgNm":"인선","sy11shtmRcomYn":"","abeekTheoPntCnt":null,"sy31shtmRcomYn":"","submattFgNm":"전공과목","sbjtCd":"MSE326","subTheoTotalPnt":null,"mjCd":"DS03001024001","sy61shtmRcomYn":"","sy22shtmRcomYn":"","mjCdNm":"신소재공학전공(과)","sustLsnFg":"U0208005","sy52shtmRcomYn":"","sy21shtmRcomYn":"","sbjtChgFgNm":"","abeekDgnPntCnt":null,"sbjtKorNm":"재료의 피로와 파괴","sy41shtmRcomYn":"","genrl1stgNeceGrp":"","abeekGrpChoice":"","abeekSubmattFg":"","theoFgNm":"이론","abeekDetaSubmattFgNm":"","sy32shtmRcomYn":"○","openTm":3.0,"pnt":3.0,"sbjtId":"20110440","abeekChoiceSbjtCnt":null,"corsYy":"2016","subInspTotalPnt":null,"abeekGrpNm":"","rowStatus":1,"theoFg":"U0210001","curiNo":"2016101494"},{"submattFg":"U0209001","stgNeceGrpNm":"","sideTotalPnt":3.0,"sbjtChgFg":"","subDgnTotalPnt":3.0,"sy62shtmRcomYn":"","abeekSubmattFgNm":"전공","sustLsnFgNm":"전선","sy12shtmRcomYn":"","sy42shtmRcomYn":"","abeekInspPracPntCnt":null,"genrl1stgNeceSbjtCnt":null,"abeekSustLsnFg":"U0225002","abeekDetaSubmattFg":"","sy51shtmRcomYn":"","abeekSustLsnFgNm":"인선","sy11shtmRcomYn":"","abeekTheoPntCnt":3.0,"sy31shtmRcomYn":"","submattFgNm":"전공과목","sbjtCd":"MSE3311","subTheoTotalPnt":60.0,"mjCd":"DS03001024001","sy61shtmRcomYn":"","sy22shtmRcomYn":"","mjCdNm":"신소재공학전공(과)","sustLsnFg":"U0208005","sy52shtmRcomYn":"","sy21shtmRcomYn":"","sbjtChgFgNm":"","abeekDgnPntCnt":0.0,"sbjtKorNm":"세라믹공정","sy41shtmRcomYn":"","genrl1stgNeceGrp":"","abeekGrpChoice":"","abeekSubmattFg":"U0226003","theoFgNm":"이론","abeekDetaSubmattFgNm":"","sy32shtmRcomYn":"○","openTm":3.0,"pnt":3.0,"sbjtId":"19100","abeekChoiceSbjtCnt":null,"corsYy":"2016","subInspTotalPnt":4.0,"abeekGrpNm":"","rowStatus":1,"theoFg":"U0210001","curiNo":"2016101493"},{"submattFg":"U0209001","stgNeceGrpNm":"","sideTotalPnt":3.0,"sbjtChgFg":"","subDgnTotalPnt":3.0,"sy62shtmRcomYn":"","abeekSubmattFgNm":"전공","sustLsnFgNm":"전선","sy12shtmRcomYn":"","sy42shtmRcomYn":"","abeekInspPracPntCnt":null,"genrl1stgNeceSbjtCnt":null,"abeekSustLsnFg":"U0225002","abeekDetaSubmattFg":"","sy51shtmRcomYn":"","abeekSustLsnFgNm":"인선","sy11shtmRcomYn":"","abeekTheoPntCnt":3.0,"sy31shtmRcomYn":"","submattFgNm":"전공과목","sbjtCd":"MSE338","subTheoTotalPnt":60.0,"mjCd":"DS03001024001","sy61shtmRcomYn":"","sy22shtmRcomYn":"","mjCdNm":"신소재공학전공(과)","sustLsnFg":"U0208005","sy52shtmRcomYn":"","sy21shtmRcomYn":"","sbjtChgFgNm":"","abeekDgnPntCnt":0.0,"sbjtKorNm":"전자재료의 가공","sy41shtmRcomYn":"","genrl1stgNeceGrp":"","abeekGrpChoice":"","abeekSubmattFg":"U0226003","theoFgNm":"이론","abeekDetaSubmattFgNm":"","sy32shtmRcomYn":"○","openTm":3.0,"pnt":3.0,"sbjtId":"11661","abeekChoiceSbjtCnt":null,"corsYy":"2016","subInspTotalPnt":4.0,"abeekGrpNm":"","rowStatus":1,"theoFg":"U0210001","curiNo":"2016101492"},{"submattFg":"U0209001","stgNeceGrpNm":"","sideTotalPnt":3.0,"sbjtChgFg":"","subDgnTotalPnt":3.0,"sy62shtmRcomYn":"","abeekSubmattFgNm":"전공","sustLsnFgNm":"전선","sy12shtmRcomYn":"","sy42shtmRcomYn":"","abeekInspPracPntCnt":null,"genrl1stgNeceSbjtCnt":null,"abeekSustLsnFg":"U0225002","abeekDetaSubmattFg":"","sy51shtmRcomYn":"","abeekSustLsnFgNm":"인선","sy11shtmRcomYn":"","abeekTheoPntCnt":3.0,"sy31shtmRcomYn":"","submattFgNm":"전공과목","sbjtCd":"MSE345","subTheoTotalPnt":60.0,"mjCd":"DS03001024001","sy61shtmRcomYn":"","sy22shtmRcomYn":"","mjCdNm":"신소재공학전공(과)","sustLsnFg":"U0208005","sy52shtmRcomYn":"","sy21shtmRcomYn":"","sbjtChgFgNm":"","abeekDgnPntCnt":0.0,"sbjtKorNm":"분말공학","sy41shtmRcomYn":"","genrl1stgNeceGrp":"","abeekGrpChoice":"","abeekSubmattFg":"U0226003","theoFgNm":"이론","abeekDetaSubmattFgNm":"","sy32shtmRcomYn":"○","openTm":3.0,"pnt":3.0,"sbjtId":"383","abeekChoiceSbjtCnt":null,"corsYy":"2016","subInspTotalPnt":4.0,"abeekGrpNm":"","rowStatus":1,"theoFg":"U0210001","curiNo":"2016101483"},{"submattFg":"U0209001","stgNeceGrpNm":"","sideTotalPnt":3.0,"sbjtChgFg":"","subDgnTotalPnt":null,"sy62shtmRcomYn":"","abeekSubmattFgNm":"","sustLsnFgNm":"전선","sy12shtmRcomYn":"","sy42shtmRcomYn":"","abeekInspPracPntCnt":null,"genrl1stgNeceSbjtCnt":null,"abeekSustLsnFg":"U0225002","abeekDetaSubmattFg":"","sy51shtmRcomYn":"","abeekSustLsnFgNm":"인선","sy11shtmRcomYn":"","abeekTheoPntCnt":null,"sy31shtmRcomYn":"","submattFgNm":"전공과목","sbjtCd":"MSE346","subTheoTotalPnt":null,"mjCd":"DS03001024001","sy61shtmRcomYn":"","sy22shtmRcomYn":"","mjCdNm":"신소재공학전공(과)","sustLsnFg":"U0208005","sy52shtmRcomYn":"","sy21shtmRcomYn":"","sbjtChgFgNm":"","abeekDgnPntCnt":null,"sbjtKorNm":"에너지변환재료","sy41shtmRcomYn":"","genrl1stgNeceGrp":"","abeekGrpChoice":"","abeekSubmattFg":"","theoFgNm":"이론","abeekDetaSubmattFgNm":"","sy32shtmRcomYn":"○","openTm":3.0,"pnt":3.0,"sbjtId":"20110441","abeekChoiceSbjtCnt":null,"corsYy":"2016","subInspTotalPnt":null,"abeekGrpNm":"","rowStatus":1,"theoFg":"U0210001","curiNo":"2016101484"},{"submattFg":"U0209001","stgNeceGrpNm":"","sideTotalPnt":3.0,"sbjtChgFg":"","subDgnTotalPnt":null,"sy62shtmRcomYn":"","abeekSubmattFgNm":"","sustLsnFgNm":"전선","sy12shtmRcomYn":"","sy42shtmRcomYn":"","abeekInspPracPntCnt":null,"genrl1stgNeceSbjtCnt":null,"abeekSustLsnFg":"U0225002","abeekDetaSubmattFg":"","sy51shtmRcomYn":"","abeekSustLsnFgNm":"인선","sy11shtmRcomYn":"","abeekTheoPntCnt":null,"sy31shtmRcomYn":"","submattFgNm":"전공과목","sbjtCd":"MSE347","subTheoTotalPnt":null,"mjCd":"DS03001024001","sy61shtmRcomYn":"","sy22shtmRcomYn":"","mjCdNm":"신소재공학전공(과)","sustLsnFg":"U0208005","sy52shtmRcomYn":"","sy21shtmRcomYn":"","sbjtChgFgNm":"","abeekDgnPntCnt":null,"sbjtKorNm":"나노 재료","sy41shtmRcomYn":"","genrl1stgNeceGrp":"","abeekGrpChoice":"","abeekSubmattFg":"","theoFgNm":"이론","abeekDetaSubmattFgNm":"","sy32shtmRcomYn":"○","openTm":3.0,"pnt":3.0,"sbjtId":"20110437","abeekChoiceSbjtCnt":null,"corsYy":"2016","subInspTotalPnt":null,"abeekGrpNm":"","rowStatus":1,"theoFg":"U0210001","curiNo":"2016101485"},{"submattFg":"U0209001","stgNeceGrpNm":"","sideTotalPnt":3.0,"sbjtChgFg":"U0212002","subDgnTotalPnt":3.0,"sy62shtmRcomYn":"","abeekSubmattFgNm":"전공","sustLsnFgNm":"전선","sy12shtmRcomYn":"","sy42shtmRcomYn":"","abeekInspPracPntCnt":null,"genrl1stgNeceSbjtCnt":null,"abeekSustLsnFg":"U0225002","abeekDetaSubmattFg":"","sy51shtmRcomYn":"","abeekSustLsnFgNm":"인선","sy11shtmRcomYn":"","abeekTheoPntCnt":3.0,"sy31shtmRcomYn":"","submattFgNm":"전공과목","sbjtCd":"MSE413","subTheoTotalPnt":60.0,"mjCd":"DS03001024001","sy61shtmRcomYn":"","sy22shtmRcomYn":"","mjCdNm":"신소재공학전공(과)","sustLsnFg":"U0208005","sy52shtmRcomYn":"","sy21shtmRcomYn":"","sbjtChgFgNm":"변경","abeekDgnPntCnt":0.0,"sbjtKorNm":"X선재료공학","sy41shtmRcomYn":"○","genrl1stgNeceGrp":"","abeekGrpChoice":"","abeekSubmattFg":"U0226003","theoFgNm":"이론","abeekDetaSubmattFgNm":"","sy32shtmRcomYn":"","openTm":3.0,"pnt":3.0,"sbjtId":"20150488","abeekChoiceSbjtCnt":null,"corsYy":"2016","subInspTotalPnt":4.0,"abeekGrpNm":"","rowStatus":1,"theoFg":"U0210001","curiNo":"2016101486"},{"submattFg":"U0209001","stgNeceGrpNm":"","sideTotalPnt":3.0,"sbjtChgFg":"U0212002","subDgnTotalPnt":3.0,"sy62shtmRcomYn":"","abeekSubmattFgNm":"전공","sustLsnFgNm":"전선","sy12shtmRcomYn":"","sy42shtmRcomYn":"○","abeekInspPracPntCnt":null,"genrl1stgNeceSbjtCnt":null,"abeekSustLsnFg":"U0225002","abeekDetaSubmattFg":"","sy51shtmRcomYn":"","abeekSustLsnFgNm":"인선","sy11shtmRcomYn":"","abeekTheoPntCnt":3.0,"sy31shtmRcomYn":"","submattFgNm":"전공과목","sbjtCd":"MSE414","subTheoTotalPnt":60.0,"mjCd":"DS03001024001","sy61shtmRcomYn":"","sy22shtmRcomYn":"","mjCdNm":"신소재공학전공(과)","sustLsnFg":"U0208005","sy52shtmRcomYn":"","sy21shtmRcomYn":"","sbjtChgFgNm":"변경","abeekDgnPntCnt":0.0,"sbjtKorNm":"재료분석학","sy41shtmRcomYn":"","genrl1stgNeceGrp":"","abeekGrpChoice":"","abeekSubmattFg":"U0226003","theoFgNm":"이론","abeekDetaSubmattFgNm":"","sy32shtmRcomYn":"","openTm":3.0,"pnt":3.0,"sbjtId":"20150489","abeekChoiceSbjtCnt":null,"corsYy":"2016","subInspTotalPnt":4.0,"abeekGrpNm":"","rowStatus":1,"theoFg":"U0210001","curiNo":"2016101487"},{"submattFg":"U0209001","stgNeceGrpNm":"","sideTotalPnt":3.0,"sbjtChgFg":"U0212003","subDgnTotalPnt":3.0,"sy62shtmRcomYn":"","abeekSubmattFgNm":"전공","sustLsnFgNm":"전선","sy12shtmRcomYn":"","sy42shtmRcomYn":"○","abeekInspPracPntCnt":null,"genrl1stgNeceSbjtCnt":null,"abeekSustLsnFg":"U0225002","abeekDetaSubmattFg":"","sy51shtmRcomYn":"","abeekSustLsnFgNm":"인선","sy11shtmRcomYn":"","abeekTheoPntCnt":3.0,"sy31shtmRcomYn":"","submattFgNm":"전공과목","sbjtCd":"MSE438","subTheoTotalPnt":60.0,"mjCd":"DS03001024001","sy61shtmRcomYn":"","sy22shtmRcomYn":"","mjCdNm":"신소재공학전공(과)","sustLsnFg":"U0208005","sy52shtmRcomYn":"","sy21shtmRcomYn":"","sbjtChgFgNm":"폐지","abeekDgnPntCnt":0.0,"sbjtKorNm":"박막가공","sy41shtmRcomYn":"","genrl1stgNeceGrp":"","abeekGrpChoice":"","abeekSubmattFg":"U0226003","theoFgNm":"이론","abeekDetaSubmattFgNm":"","sy32shtmRcomYn":"","openTm":3.0,"pnt":3.0,"sbjtId":"12225","abeekChoiceSbjtCnt":null,"corsYy":"2016","subInspTotalPnt":4.0,"abeekGrpNm":"","rowStatus":1,"theoFg":"U0210001","curiNo":"2016101488"},{"submattFg":"U0209001","stgNeceGrpNm":"","sideTotalPnt":3.0,"sbjtChgFg":"","subDgnTotalPnt":null,"sy62shtmRcomYn":"","abeekSubmattFgNm":"","sustLsnFgNm":"전선","sy12shtmRcomYn":"","sy42shtmRcomYn":"","abeekInspPracPntCnt":null,"genrl1stgNeceSbjtCnt":null,"abeekSustLsnFg":"U0225002","abeekDetaSubmattFg":"","sy51shtmRcomYn":"","abeekSustLsnFgNm":"인선","sy11shtmRcomYn":"","abeekTheoPntCnt":null,"sy31shtmRcomYn":"","submattFgNm":"전공과목","sbjtCd":"MSE4413","subTheoTotalPnt":null,"mjCd":"DS03001024001","sy61shtmRcomYn":"","sy22shtmRcomYn":"","mjCdNm":"신소재공학전공(과)","sustLsnFg":"U0208005","sy52shtmRcomYn":"","sy21shtmRcomYn":"","sbjtChgFgNm":"","abeekDgnPntCnt":null,"sbjtKorNm":"디스플레이재료","sy41shtmRcomYn":"○","genrl1stgNeceGrp":"","abeekGrpChoice":"","abeekSubmattFg":"","theoFgNm":"이론","abeekDetaSubmattFgNm":"","sy32shtmRcomYn":"","openTm":3.0,"pnt":3.0,"sbjtId":"20110442","abeekChoiceSbjtCnt":null,"corsYy":"2016","subInspTotalPnt":null,"abeekGrpNm":"","rowStatus":1,"theoFg":"U0210001","curiNo":"2016101490"},{"submattFg":"U0209001","stgNeceGrpNm":"","sideTotalPnt":3.0,"sbjtChgFg":"","subDgnTotalPnt":null,"sy62shtmRcomYn":"","abeekSubmattFgNm":"","sustLsnFgNm":"전선","sy12shtmRcomYn":"","sy42shtmRcomYn":"○","abeekInspPracPntCnt":null,"genrl1stgNeceSbjtCnt":null,"abeekSustLsnFg":"U0225002","abeekDetaSubmattFg":"","sy51shtmRcomYn":"","abeekSustLsnFgNm":"인선","sy11shtmRcomYn":"","abeekTheoPntCnt":null,"sy31shtmRcomYn":"","submattFgNm":"전공과목","sbjtCd":"MSE4418","subTheoTotalPnt":null,"mjCd":"DS03001024001","sy61shtmRcomYn":"","sy22shtmRcomYn":"","mjCdNm":"신소재공학전공(과)","sustLsnFg":"U0208005","sy52shtmRcomYn":"","sy21shtmRcomYn":"","sbjtChgFgNm":"","abeekDgnPntCnt":null,"sbjtKorNm":"경량재료","sy41shtmRcomYn":"","genrl1stgNeceGrp":"","abeekGrpChoice":"","abeekSubmattFg":"","theoFgNm":"이론","abeekDetaSubmattFgNm":"","sy32shtmRcomYn":"","openTm":3.0,"pnt":3.0,"sbjtId":"20110439","abeekChoiceSbjtCnt":null,"corsYy":"2016","subInspTotalPnt":null,"abeekGrpNm":"","rowStatus":1,"theoFg":"U0210001","curiNo":"2016101506"},{"submattFg":"U0209001","stgNeceGrpNm":"","sideTotalPnt":3.0,"sbjtChgFg":"U0212002","subDgnTotalPnt":3.0,"sy62shtmRcomYn":"","abeekSubmattFgNm":"전공","sustLsnFgNm":"전선","sy12shtmRcomYn":"","sy42shtmRcomYn":"","abeekInspPracPntCnt":null,"genrl1stgNeceSbjtCnt":null,"abeekSustLsnFg":"U0225002","abeekDetaSubmattFg":"","sy51shtmRcomYn":"","abeekSustLsnFgNm":"인선","sy11shtmRcomYn":"","abeekTheoPntCnt":3.0,"sy31shtmRcomYn":"","submattFgNm":"전공과목","sbjtCd":"MSE4419","subTheoTotalPnt":60.0,"mjCd":"DS03001024001","sy61shtmRcomYn":"","sy22shtmRcomYn":"","mjCdNm":"신소재공학전공(과)","sustLsnFg":"U0208005","sy52shtmRcomYn":"","sy21shtmRcomYn":"","sbjtChgFgNm":"변경","abeekDgnPntCnt":0.0,"sbjtKorNm":"철강재료","sy41shtmRcomYn":"○","genrl1stgNeceGrp":"","abeekGrpChoice":"","abeekSubmattFg":"U0226003","theoFgNm":"이론","abeekDetaSubmattFgNm":"","sy32shtmRcomYn":"","openTm":3.0,"pnt":3.0,"sbjtId":"20150487","abeekChoiceSbjtCnt":null,"corsYy":"2016","subInspTotalPnt":4.0,"abeekGrpNm":"","rowStatus":1,"theoFg":"U0210001","curiNo":"2016101489"},{"submattFg":"U0209001","stgNeceGrpNm":"","sideTotalPnt":3.0,"sbjtChgFg":"","subDgnTotalPnt":3.0,"sy62shtmRcomYn":"","abeekSubmattFgNm":"전공","sustLsnFgNm":"전선","sy12shtmRcomYn":"","sy42shtmRcomYn":"","abeekInspPracPntCnt":null,"genrl1stgNeceSbjtCnt":null,"abeekSustLsnFg":"U0225002","abeekDetaSubmattFg":"","sy51shtmRcomYn":"","abeekSustLsnFgNm":"인선","sy11shtmRcomYn":"","abeekTheoPntCnt":3.0,"sy31shtmRcomYn":"","submattFgNm":"전공과목","sbjtCd":"MSE444","subTheoTotalPnt":60.0,"mjCd":"DS03001024001","sy61shtmRcomYn":"","sy22shtmRcomYn":"","mjCdNm":"신소재공학전공(과)","sustLsnFg":"U0208005","sy52shtmRcomYn":"","sy21shtmRcomYn":"","sbjtChgFgNm":"","abeekDgnPntCnt":0.0,"sbjtKorNm":"반도체재료","sy41shtmRcomYn":"○","genrl1stgNeceGrp":"","abeekGrpChoice":"","abeekSubmattFg":"U0226003","theoFgNm":"이론","abeekDetaSubmattFgNm":"","sy32shtmRcomYn":"","openTm":3.0,"pnt":3.0,"sbjtId":"12226","abeekChoiceSbjtCnt":null,"corsYy":"2016","subInspTotalPnt":4.0,"abeekGrpNm":"","rowStatus":1,"theoFg":"U0210001","curiNo":"2016101507"},{"submattFg":"U0209001","stgNeceGrpNm":"","sideTotalPnt":3.0,"sbjtChgFg":"","subDgnTotalPnt":3.0,"sy62shtmRcomYn":"","abeekSubmattFgNm":"전공","sustLsnFgNm":"전선","sy12shtmRcomYn":"","sy42shtmRcomYn":"","abeekInspPracPntCnt":null,"genrl1stgNeceSbjtCnt":null,"abeekSustLsnFg":"U0225002","abeekDetaSubmattFg":"","sy51shtmRcomYn":"","abeekSustLsnFgNm":"인선","sy11shtmRcomYn":"","abeekTheoPntCnt":3.0,"sy31shtmRcomYn":"","submattFgNm":"전공과목","sbjtCd":"MSE445","subTheoTotalPnt":60.0,"mjCd":"DS03001024001","sy61shtmRcomYn":"","sy22shtmRcomYn":"","mjCdNm":"신소재공학전공(과)","sustLsnFg":"U0208005","sy52shtmRcomYn":"","sy21shtmRcomYn":"","sbjtChgFgNm":"","abeekDgnPntCnt":0.0,"sbjtKorNm":"전자세라믹재료","sy41shtmRcomYn":"○","genrl1stgNeceGrp":"","abeekGrpChoice":"","abeekSubmattFg":"U0226003","theoFgNm":"이론","abeekDetaSubmattFgNm":"","sy32shtmRcomYn":"","openTm":3.0,"pnt":3.0,"sbjtId":"13454","abeekChoiceSbjtCnt":null,"corsYy":"2016","subInspTotalPnt":4.0,"abeekGrpNm":"","rowStatus":1,"theoFg":"U0210001","curiNo":"2016101505"},{"submattFg":"U0209001","stgNeceGrpNm":"","sideTotalPnt":3.0,"sbjtChgFg":"","subDgnTotalPnt":null,"sy62shtmRcomYn":"","abeekSubmattFgNm":"","sustLsnFgNm":"전선","sy12shtmRcomYn":"","sy42shtmRcomYn":"○","abeekInspPracPntCnt":null,"genrl1stgNeceSbjtCnt":null,"abeekSustLsnFg":"","abeekDetaSubmattFg":"","sy51shtmRcomYn":"","abeekSustLsnFgNm":"","sy11shtmRcomYn":"","abeekTheoPntCnt":null,"sy31shtmRcomYn":"○","submattFgNm":"전공과목","sbjtCd":"EINT101","subTheoTotalPnt":null,"mjCd":"DS03001024001","sy61shtmRcomYn":"","sy22shtmRcomYn":"","mjCdNm":"신소재공학전공(과)","sustLsnFg":"U0208005","sy52shtmRcomYn":"","sy21shtmRcomYn":"","sbjtChgFgNm":"","abeekDgnPntCnt":null,"sbjtKorNm":"공학인턴십 1","sy41shtmRcomYn":"○","genrl1stgNeceGrp":"","abeekGrpChoice":"","abeekSubmattFg":"","theoFgNm":"실습","abeekDetaSubmattFgNm":"","sy32shtmRcomYn":"○","openTm":3.0,"pnt":3.0,"sbjtId":"12906","abeekChoiceSbjtCnt":null,"corsYy":"2016","subInspTotalPnt":null,"abeekGrpNm":"","rowStatus":1,"theoFg":"U0210002","curiNo":"2016101504"},{"submattFg":"U0209001","stgNeceGrpNm":"","sideTotalPnt":3.0,"sbjtChgFg":"","subDgnTotalPnt":null,"sy62shtmRcomYn":"","abeekSubmattFgNm":"","sustLsnFgNm":"전선","sy12shtmRcomYn":"","sy42shtmRcomYn":"○","abeekInspPracPntCnt":null,"genrl1stgNeceSbjtCnt":null,"abeekSustLsnFg":"","abeekDetaSubmattFg":"","sy51shtmRcomYn":"","abeekSustLsnFgNm":"","sy11shtmRcomYn":"","abeekTheoPntCnt":null,"sy31shtmRcomYn":"○","submattFgNm":"전공과목","sbjtCd":"EINT102","subTheoTotalPnt":null,"mjCd":"DS03001024001","sy61shtmRcomYn":"","sy22shtmRcomYn":"","mjCdNm":"신소재공학전공(과)","sustLsnFg":"U0208005","sy52shtmRcomYn":"","sy21shtmRcomYn":"","sbjtChgFgNm":"","abeekDgnPntCnt":null,"sbjtKorNm":"공학인턴십 2","sy41shtmRcomYn":"○","genrl1stgNeceGrp":"","abeekGrpChoice":"","abeekSubmattFg":"","theoFgNm":"실습","abeekDetaSubmattFgNm":"","sy32shtmRcomYn":"○","openTm":3.0,"pnt":3.0,"sbjtId":"12913","abeekChoiceSbjtCnt":null,"corsYy":"2016","subInspTotalPnt":null,"abeekGrpNm":"","rowStatus":1,"theoFg":"U0210002","curiNo":"2016101503"},{"submattFg":"U0209001","stgNeceGrpNm":"","sideTotalPnt":3.0,"sbjtChgFg":"","subDgnTotalPnt":null,"sy62shtmRcomYn":"","abeekSubmattFgNm":"","sustLsnFgNm":"전선","sy12shtmRcomYn":"","sy42shtmRcomYn":"○","abeekInspPracPntCnt":null,"genrl1stgNeceSbjtCnt":null,"abeekSustLsnFg":"","abeekDetaSubmattFg":"","sy51shtmRcomYn":"","abeekSustLsnFgNm":"","sy11shtmRcomYn":"","abeekTheoPntCnt":null,"sy31shtmRcomYn":"○","submattFgNm":"전공과목","sbjtCd":"EINT103","subTheoTotalPnt":null,"mjCd":"DS03001024001","sy61shtmRcomYn":"","sy22shtmRcomYn":"","mjCdNm":"신소재공학전공(과)","sustLsnFg":"U0208005","sy52shtmRcomYn":"","sy21shtmRcomYn":"","sbjtChgFgNm":"","abeekDgnPntCnt":null,"sbjtKorNm":"공학인턴십 3","sy41shtmRcomYn":"○","genrl1stgNeceGrp":"","abeekGrpChoice":"","abeekSubmattFg":"","theoFgNm":"실습","abeekDetaSubmattFgNm":"","sy32shtmRcomYn":"○","openTm":3.0,"pnt":3.0,"sbjtId":"12914","abeekChoiceSbjtCnt":null,"corsYy":"2016","subInspTotalPnt":null,"abeekGrpNm":"","rowStatus":1,"theoFg":"U0210002","curiNo":"2016101502"},{"submattFg":"U0209001","stgNeceGrpNm":"","sideTotalPnt":3.0,"sbjtChgFg":"","subDgnTotalPnt":null,"sy62shtmRcomYn":"","abeekSubmattFgNm":"","sustLsnFgNm":"전선","sy12shtmRcomYn":"","sy42shtmRcomYn":"○","abeekInspPracPntCnt":null,"genrl1stgNeceSbjtCnt":null,"abeekSustLsnFg":"","abeekDetaSubmattFg":"","sy51shtmRcomYn":"","abeekSustLsnFgNm":"","sy11shtmRcomYn":"","abeekTheoPntCnt":null,"sy31shtmRcomYn":"○","submattFgNm":"전공과목","sbjtCd":"EINT104","subTheoTotalPnt":null,"mjCd":"DS03001024001","sy61shtmRcomYn":"","sy22shtmRcomYn":"","mjCdNm":"신소재공학전공(과)","sustLsnFg":"U0208005","sy52shtmRcomYn":"","sy21shtmRcomYn":"","sbjtChgFgNm":"","abeekDgnPntCnt":null,"sbjtKorNm":"공학인턴십 4","sy41shtmRcomYn":"○","genrl1stgNeceGrp":"","abeekGrpChoice":"","abeekSubmattFg":"","theoFgNm":"실습","abeekDetaSubmattFgNm":"","sy32shtmRcomYn":"○","openTm":3.0,"pnt":3.0,"sbjtId":"12915","abeekChoiceSbjtCnt":null,"corsYy":"2016","subInspTotalPnt":null,"abeekGrpNm":"","rowStatus":1,"theoFg":"U0210002","curiNo":"2016101501"},{"submattFg":"U0209001","stgNeceGrpNm":"","sideTotalPnt":1.0,"sbjtChgFg":"","subDgnTotalPnt":null,"sy62shtmRcomYn":"","abeekSubmattFgNm":"","sustLsnFgNm":"전선","sy12shtmRcomYn":"","sy42shtmRcomYn":"○","abeekInspPracPntCnt":null,"genrl1stgNeceSbjtCnt":null,"abeekSustLsnFg":"","abeekDetaSubmattFg":"","sy51shtmRcomYn":"","abeekSustLsnFgNm":"","sy11shtmRcomYn":"","abeekTheoPntCnt":null,"sy31shtmRcomYn":"○","submattFgNm":"전공과목","sbjtCd":"EINT105","subTheoTotalPnt":null,"mjCd":"DS03001024001","sy61shtmRcomYn":"","sy22shtmRcomYn":"","mjCdNm":"신소재공학전공(과)","sustLsnFg":"U0208005","sy52shtmRcomYn":"","sy21shtmRcomYn":"","sbjtChgFgNm":"","abeekDgnPntCnt":null,"sbjtKorNm":"공학인턴십 5","sy41shtmRcomYn":"○","genrl1stgNeceGrp":"","abeekGrpChoice":"","abeekSubmattFg":"","theoFgNm":"실습","abeekDetaSubmattFgNm":"","sy32shtmRcomYn":"○","openTm":1.0,"pnt":1.0,"sbjtId":"12916","abeekChoiceSbjtCnt":null,"corsYy":"2016","subInspTotalPnt":null,"abeekGrpNm":"","rowStatus":1,"theoFg":"U0210002","curiNo":"2016101500"},{"submattFg":"U0209001","stgNeceGrpNm":"","sideTotalPnt":1.0,"sbjtChgFg":"","subDgnTotalPnt":null,"sy62shtmRcomYn":"","abeekSubmattFgNm":"","sustLsnFgNm":"전선","sy12shtmRcomYn":"","sy42shtmRcomYn":"○","abeekInspPracPntCnt":null,"genrl1stgNeceSbjtCnt":null,"abeekSustLsnFg":"","abeekDetaSubmattFg":"","sy51shtmRcomYn":"","abeekSustLsnFgNm":"","sy11shtmRcomYn":"","abeekTheoPntCnt":null,"sy31shtmRcomYn":"○","submattFgNm":"전공과목","sbjtCd":"EINT106","subTheoTotalPnt":null,"mjCd":"DS03001024001","sy61shtmRcomYn":"","sy22shtmRcomYn":"","mjCdNm":"신소재공학전공(과)","sustLsnFg":"U0208005","sy52shtmRcomYn":"","sy21shtmRcomYn":"","sbjtChgFgNm":"","abeekDgnPntCnt":null,"sbjtKorNm":"공학인턴십 6","sy41shtmRcomYn":"○","genrl1stgNeceGrp":"","abeekGrpChoice":"","abeekSubmattFg":"","theoFgNm":"실습","abeekDetaSubmattFgNm":"","sy32shtmRcomYn":"○","openTm":1.0,"pnt":1.0,"sbjtId":"12917","abeekChoiceSbjtCnt":null,"corsYy":"2016","subInspTotalPnt":null,"abeekGrpNm":"","rowStatus":1,"theoFg":"U0210002","curiNo":"2016101499"},{"submattFg":"U0209001","stgNeceGrpNm":"","sideTotalPnt":3.0,"sbjtChgFg":"","subDgnTotalPnt":3.0,"sy62shtmRcomYn":"","abeekSubmattFgNm":"전공","sustLsnFgNm":"전선","sy12shtmRcomYn":"","sy42shtmRcomYn":"","abeekInspPracPntCnt":0.0,"genrl1stgNeceSbjtCnt":null,"abeekSustLsnFg":"","abeekDetaSubmattFg":"","sy51shtmRcomYn":"","abeekSustLsnFgNm":"","sy11shtmRcomYn":"","abeekTheoPntCnt":3.0,"sy31shtmRcomYn":"○","submattFgNm":"전공과목","sbjtCd":"MSE301","subTheoTotalPnt":60.0,"mjCd":"DS03001024001","sy61shtmRcomYn":"","sy22shtmRcomYn":"","mjCdNm":"신소재공학전공(과)","sustLsnFg":"U0208005","sy52shtmRcomYn":"","sy21shtmRcomYn":"","sbjtChgFgNm":"","abeekDgnPntCnt":0.0,"sbjtKorNm":"재료가공학","sy41shtmRcomYn":"","genrl1stgNeceGrp":"","abeekGrpChoice":"","abeekSubmattFg":"U0226003","theoFgNm":"이론","abeekDetaSubmattFgNm":"","sy32shtmRcomYn":"","openTm":3.0,"pnt":3.0,"sbjtId":"12302","abeekChoiceSbjtCnt":null,"corsYy":"2016","subInspTotalPnt":4.0,"abeekGrpNm":"","rowStatus":1,"theoFg":"U0210001","curiNo":"2016101496"},{"submattFg":"U0209001","stgNeceGrpNm":"","sideTotalPnt":3.0,"sbjtChgFg":"U0212001","subDgnTotalPnt":null,"sy62shtmRcomYn":"","abeekSubmattFgNm":"","sustLsnFgNm":"전선","sy12shtmRcomYn":"","sy42shtmRcomYn":"","abeekInspPracPntCnt":null,"genrl1stgNeceSbjtCnt":null,"abeekSustLsnFg":"","abeekDetaSubmattFg":"","sy51shtmRcomYn":"","abeekSustLsnFgNm":"","sy11shtmRcomYn":"","abeekTheoPntCnt":null,"sy31shtmRcomYn":"","submattFgNm":"전공과목","sbjtCd":"MSE327","subTheoTotalPnt":null,"mjCd":"DS03001024001","sy61shtmRcomYn":"","sy22shtmRcomYn":"","mjCdNm":"신소재공학전공(과)","sustLsnFg":"U0208005","sy52shtmRcomYn":"","sy21shtmRcomYn":"","sbjtChgFgNm":"신설","abeekDgnPntCnt":null,"sbjtKorNm":"고체전자소자이론","sy41shtmRcomYn":"","genrl1stgNeceGrp":"","abeekGrpChoice":"","abeekSubmattFg":"","theoFgNm":"이론","abeekDetaSubmattFgNm":"","sy32shtmRcomYn":"○","openTm":3.0,"pnt":3.0,"sbjtId":"20150485","abeekChoiceSbjtCnt":null,"corsYy":"2016","subInspTotalPnt":null,"abeekGrpNm":"","rowStatus":1,"theoFg":"U0210001","curiNo":"2016107038"},{"submattFg":"U0209001","stgNeceGrpNm":"","sideTotalPnt":3.0,"sbjtChgFg":"U0212001","subDgnTotalPnt":null,"sy62shtmRcomYn":"","abeekSubmattFgNm":"","sustLsnFgNm":"전선","sy12shtmRcomYn":"","sy42shtmRcomYn":"","abeekInspPracPntCnt":null,"genrl1stgNeceSbjtCnt":null,"abeekSustLsnFg":"","abeekDetaSubmattFg":"","sy51shtmRcomYn":"","abeekSustLsnFgNm":"","sy11shtmRcomYn":"","abeekTheoPntCnt":null,"sy31shtmRcomYn":"","submattFgNm":"전공과목","sbjtCd":"MSE3313","subTheoTotalPnt":null,"mjCd":"DS03001024001","sy61shtmRcomYn":"","sy22shtmRcomYn":"","mjCdNm":"신소재공학전공(과)","sustLsnFg":"U0208005","sy52shtmRcomYn":"","sy21shtmRcomYn":"","sbjtChgFgNm":"신설","abeekDgnPntCnt":null,"sbjtKorNm":"프린티드전자세라믹스","sy41shtmRcomYn":"","genrl1stgNeceGrp":"","abeekGrpChoice":"","abeekSubmattFg":"","theoFgNm":"이론","abeekDetaSubmattFgNm":"","sy32shtmRcomYn":"○","openTm":3.0,"pnt":3.0,"sbjtId":"20150486","abeekChoiceSbjtCnt":null,"corsYy":"2016","subInspTotalPnt":null,"abeekGrpNm":"","rowStatus":1,"theoFg":"U0210001","curiNo":"2016107039"},{"submattFg":"U0209001","stgNeceGrpNm":"","sideTotalPnt":3.0,"sbjtChgFg":"","subDgnTotalPnt":null,"sy62shtmRcomYn":"","abeekSubmattFgNm":"","sustLsnFgNm":"전선","sy12shtmRcomYn":"","sy42shtmRcomYn":"","abeekInspPracPntCnt":null,"genrl1stgNeceSbjtCnt":null,"abeekSustLsnFg":"","abeekDetaSubmattFg":"","sy51shtmRcomYn":"","abeekSustLsnFgNm":"","sy11shtmRcomYn":"","abeekTheoPntCnt":null,"sy31shtmRcomYn":"○","submattFgNm":"전공과목","sbjtCd":"MSE343","subTheoTotalPnt":null,"mjCd":"DS03001024001","sy61shtmRcomYn":"","sy22shtmRcomYn":"","mjCdNm":"신소재공학전공(과)","sustLsnFg":"U0208005","sy52shtmRcomYn":"","sy21shtmRcomYn":"","sbjtChgFgNm":"","abeekDgnPntCnt":null,"sbjtKorNm":"촉매재료","sy41shtmRcomYn":"","genrl1stgNeceGrp":"","abeekGrpChoice":"","abeekSubmattFg":"","theoFgNm":"이론","abeekDetaSubmattFgNm":"","sy32shtmRcomYn":"","openTm":3.0,"pnt":3.0,"sbjtId":"20140400","abeekChoiceSbjtCnt":null,"corsYy":"2016","subInspTotalPnt":null,"abeekGrpNm":"","rowStatus":1,"theoFg":"U0210001","curiNo":"2016101481"},{"submattFg":"U0209001","stgNeceGrpNm":"","sideTotalPnt":3.0,"sbjtChgFg":"","subDgnTotalPnt":null,"sy62shtmRcomYn":"","abeekSubmattFgNm":"","sustLsnFgNm":"전선","sy12shtmRcomYn":"","sy42shtmRcomYn":"","abeekInspPracPntCnt":null,"genrl1stgNeceSbjtCnt":null,"abeekSustLsnFg":"","abeekDetaSubmattFg":"","sy51shtmRcomYn":"","abeekSustLsnFgNm":"","sy11shtmRcomYn":"","abeekTheoPntCnt":null,"sy31shtmRcomYn":"","submattFgNm":"전공과목","sbjtCd":"MSE344","subTheoTotalPnt":null,"mjCd":"DS03001024001","sy61shtmRcomYn":"","sy22shtmRcomYn":"","mjCdNm":"신소재공학전공(과)","sustLsnFg":"U0208005","sy52shtmRcomYn":"","sy21shtmRcomYn":"","sbjtChgFgNm":"","abeekDgnPntCnt":null,"sbjtKorNm":"광학재료","sy41shtmRcomYn":"","genrl1stgNeceGrp":"","abeekGrpChoice":"","abeekSubmattFg":"","theoFgNm":"이론","abeekDetaSubmattFgNm":"","sy32shtmRcomYn":"○","openTm":3.0,"pnt":3.0,"sbjtId":"20140401","abeekChoiceSbjtCnt":null,"corsYy":"2016","subInspTotalPnt":null,"abeekGrpNm":"","rowStatus":1,"theoFg":"U0210001","curiNo":"2016101482"},{"submattFg":"U0209001","stgNeceGrpNm":"","sideTotalPnt":3.0,"sbjtChgFg":"","subDgnTotalPnt":null,"sy62shtmRcomYn":"","abeekSubmattFgNm":"","sustLsnFgNm":"전선","sy12shtmRcomYn":"","sy42shtmRcomYn":"○","abeekInspPracPntCnt":null,"genrl1stgNeceSbjtCnt":null,"abeekSustLsnFg":"","abeekDetaSubmattFg":"","sy51shtmRcomYn":"","abeekSustLsnFgNm":"","sy11shtmRcomYn":"","abeekTheoPntCnt":null,"sy31shtmRcomYn":"","submattFgNm":"전공과목","sbjtCd":"MSE4416","subTheoTotalPnt":null,"mjCd":"DS03001024001","sy61shtmRcomYn":"","sy22shtmRcomYn":"","mjCdNm":"신소재공학전공(과)","sustLsnFg":"U0208005","sy52shtmRcomYn":"","sy21shtmRcomYn":"","sbjtChgFgNm":"","abeekDgnPntCnt":null,"sbjtKorNm":"환경친화재료공학","sy41shtmRcomYn":"","genrl1stgNeceGrp":"","abeekGrpChoice":"","abeekSubmattFg":"","theoFgNm":"이론","abeekDetaSubmattFgNm":"","sy32shtmRcomYn":"","openTm":3.0,"pnt":3.0,"sbjtId":"20140402","abeekChoiceSbjtCnt":null,"corsYy":"2016","subInspTotalPnt":null,"abeekGrpNm":"","rowStatus":1,"theoFg":"U0210001","curiNo":"2016101491"}]}}