{"VariableList":{"ErrorMsg":"success","ErrorCode":"0"},"DatasetList":{"DS_COUR030":[{"submattFg":"U0209001","stgNeceGrpNm":"","sideTotalPnt":1.0,"sbjtChgFg":"U0212002","subDgnTotalPnt":null,"sy62shtmRcomYn":"","abeekSubmattFgNm":"","sustLsnFgNm":"전필","sy12shtmRcomYn":"","sy42shtmRcomYn":"","abeekInspPracPntCnt":null,"genrl1stgNeceSbjtCnt":null,"abeekSustLsnFg":"","abeekDetaSubmattFg":"","sy51shtmRcomYn":"","abeekSustLsnFgNm":"","sy11shtmRcomYn":"","abeekTheoPntCnt":null,"sy31shtmRcomYn":"○","submattFgNm":"전공과목","sbjtCd":"PHRM3011","subTheoTotalPnt":null,"mjCd":"DS03013021001","sy61shtmRcomYn":"","sy22shtmRcomYn":"","mjCdNm":"약학전공(과)","sustLsnFg":"U0208004","sy52shtmRcomYn":"","sy21shtmRcomYn":"","sbjtChgFgNm":"변경","abeekDgnPntCnt":null,"sbjtKorNm":"약학실습1","sy41shtmRcomYn":"","genrl1stgNeceGrp":"","abeekGrpChoice":"","abeekSubmattFg":"","theoFgNm":"실습","abeekDetaSubmattFgNm":"","sy32shtmRcomYn":"","openTm":4.0,"pnt":1.0,"sbjtId":"20110055","abeekChoiceSbjtCnt":null,"corsYy":"2016","subInspTotalPnt":null,"abeekGrpNm":"","rowStatus":1,"theoFg":"U0210002","curiNo":"2016106273"},{"submattFg":"U0209001","stgNeceGrpNm":"","sideTotalPnt":1.0,"sbjtChgFg":"U0212002","subDgnTotalPnt":null,"sy62shtmRcomYn":"","abeekSubmattFgNm":"","sustLsnFgNm":"전필","sy12shtmRcomYn":"","sy42shtmRcomYn":"","abeekInspPracPntCnt":null,"genrl1stgNeceSbjtCnt":null,"abeekSustLsnFg":"","abeekDetaSubmattFg":"","sy51shtmRcomYn":"","abeekSustLsnFgNm":"","sy11shtmRcomYn":"","abeekTheoPntCnt":null,"sy31shtmRcomYn":"","submattFgNm":"전공과목","sbjtCd":"PHRM3012","subTheoTotalPnt":null,"mjCd":"DS03013021001","sy61shtmRcomYn":"","sy22shtmRcomYn":"","mjCdNm":"약학전공(과)","sustLsnFg":"U0208004","sy52shtmRcomYn":"","sy21shtmRcomYn":"","sbjtChgFgNm":"변경","abeekDgnPntCnt":null,"sbjtKorNm":"약학실습2","sy41shtmRcomYn":"","genrl1stgNeceGrp":"","abeekGrpChoice":"","abeekSubmattFg":"","theoFgNm":"실습","abeekDetaSubmattFgNm":"","sy32shtmRcomYn":"○","openTm":4.0,"pnt":1.0,"sbjtId":"20110056","abeekChoiceSbjtCnt":null,"corsYy":"2016","subInspTotalPnt":null,"abeekGrpNm":"","rowStatus":1,"theoFg":"U0210002","curiNo":"2016106274"},{"submattFg":"U0209001","stgNeceGrpNm":"택A1","sideTotalPnt":2.0,"sbjtChgFg":"U0212002","subDgnTotalPnt":null,"sy62shtmRcomYn":"","abeekSubmattFgNm":"","sustLsnFgNm":"전필","sy12shtmRcomYn":"","sy42shtmRcomYn":"","abeekInspPracPntCnt":null,"genrl1stgNeceSbjtCnt":1.0,"abeekSustLsnFg":"","abeekDetaSubmattFg":"","sy51shtmRcomYn":"","abeekSustLsnFgNm":"","sy11shtmRcomYn":"","abeekTheoPntCnt":null,"sy31shtmRcomYn":"○","submattFgNm":"전공과목","sbjtCd":"PHRM3013","subTheoTotalPnt":null,"mjCd":"DS03013021001","sy61shtmRcomYn":"","sy22shtmRcomYn":"","mjCdNm":"약학전공(과)","sustLsnFg":"U0208004","sy52shtmRcomYn":"","sy21shtmRcomYn":"","sbjtChgFgNm":"변경","abeekDgnPntCnt":null,"sbjtKorNm":"약물표적세포학","sy41shtmRcomYn":"","genrl1stgNeceGrp":"A","abeekGrpChoice":"","abeekSubmattFg":"","theoFgNm":"이론","abeekDetaSubmattFgNm":"","sy32shtmRcomYn":"","openTm":2.0,"pnt":2.0,"sbjtId":"20100287","abeekChoiceSbjtCnt":null,"corsYy":"2016","subInspTotalPnt":null,"abeekGrpNm":"","rowStatus":1,"theoFg":"U0210001","curiNo":"2016106271"},{"submattFg":"U0209001","stgNeceGrpNm":"","sideTotalPnt":0.0,"sbjtChgFg":"U0212002","subDgnTotalPnt":null,"sy62shtmRcomYn":"","abeekSubmattFgNm":"","sustLsnFgNm":"전필","sy12shtmRcomYn":"","sy42shtmRcomYn":"","abeekInspPracPntCnt":null,"genrl1stgNeceSbjtCnt":null,"abeekSustLsnFg":"","abeekDetaSubmattFg":"","sy51shtmRcomYn":"","abeekSustLsnFgNm":"","sy11shtmRcomYn":"","abeekTheoPntCnt":null,"sy31shtmRcomYn":"○","submattFgNm":"전공과목","sbjtCd":"PHRM3014","subTheoTotalPnt":null,"mjCd":"DS03013021001","sy61shtmRcomYn":"","sy22shtmRcomYn":"","mjCdNm":"약학전공(과)","sustLsnFg":"U0208004","sy52shtmRcomYn":"","sy21shtmRcomYn":"","sbjtChgFgNm":"변경","abeekDgnPntCnt":null,"sbjtKorNm":"약사와 사회 1","sy41shtmRcomYn":"","genrl1stgNeceGrp":"","abeekGrpChoice":"","abeekSubmattFg":"","theoFgNm":"이론","abeekDetaSubmattFgNm":"","sy32shtmRcomYn":"","openTm":2.0,"pnt":0.0,"sbjtId":"20100288","abeekChoiceSbjtCnt":null,"corsYy":"2016","subInspTotalPnt":null,"abeekGrpNm":"","rowStatus":1,"theoFg":"U0210001","curiNo":"2016106272"},{"submattFg":"U0209001","stgNeceGrpNm":"택A1","sideTotalPnt":2.0,"sbjtChgFg":"U0212002","subDgnTotalPnt":null,"sy62shtmRcomYn":"","abeekSubmattFgNm":"","sustLsnFgNm":"전필","sy12shtmRcomYn":"","sy42shtmRcomYn":"","abeekInspPracPntCnt":null,"genrl1stgNeceSbjtCnt":1.0,"abeekSustLsnFg":"","abeekDetaSubmattFg":"","sy51shtmRcomYn":"","abeekSustLsnFgNm":"","sy11shtmRcomYn":"","abeekTheoPntCnt":null,"sy31shtmRcomYn":"○","submattFgNm":"전공과목","sbjtCd":"PHRM3015","subTheoTotalPnt":null,"mjCd":"DS03013021001","sy61shtmRcomYn":"","sy22shtmRcomYn":"","mjCdNm":"약학전공(과)","sustLsnFg":"U0208004","sy52shtmRcomYn":"","sy21shtmRcomYn":"","sbjtChgFgNm":"변경","abeekDgnPntCnt":null,"sbjtKorNm":"약화학","sy41shtmRcomYn":"","genrl1stgNeceGrp":"A","abeekGrpChoice":"","abeekSubmattFg":"","theoFgNm":"이론","abeekDetaSubmattFgNm":"","sy32shtmRcomYn":"","openTm":2.0,"pnt":2.0,"sbjtId":"20100286","abeekChoiceSbjtCnt":null,"corsYy":"2016","subInspTotalPnt":null,"abeekGrpNm":"","rowStatus":1,"theoFg":"U0210001","curiNo":"2016106270"},{"submattFg":"U0209001","stgNeceGrpNm":"","sideTotalPnt":2.0,"sbjtChgFg":"U0212002","subDgnTotalPnt":null,"sy62shtmRcomYn":"","abeekSubmattFgNm":"","sustLsnFgNm":"전필","sy12shtmRcomYn":"","sy42shtmRcomYn":"","abeekInspPracPntCnt":null,"genrl1stgNeceSbjtCnt":null,"abeekSustLsnFg":"","abeekDetaSubmattFg":"","sy51shtmRcomYn":"","abeekSustLsnFgNm":"","sy11shtmRcomYn":"","abeekTheoPntCnt":null,"sy31shtmRcomYn":"○","submattFgNm":"전공과목","sbjtCd":"PHRM3110","subTheoTotalPnt":null,"mjCd":"DS03013021001","sy61shtmRcomYn":"","sy22shtmRcomYn":"","mjCdNm":"약학전공(과)","sustLsnFg":"U0208004","sy52shtmRcomYn":"","sy21shtmRcomYn":"","sbjtChgFgNm":"변경","abeekDgnPntCnt":null,"sbjtKorNm":"인체생리학1","sy41shtmRcomYn":"","genrl1stgNeceGrp":"","abeekGrpChoice":"","abeekSubmattFg":"","theoFgNm":"이론","abeekDetaSubmattFgNm":"","sy32shtmRcomYn":"","openTm":2.0,"pnt":2.0,"sbjtId":"20130461","abeekChoiceSbjtCnt":null,"corsYy":"2016","subInspTotalPnt":null,"abeekGrpNm":"","rowStatus":1,"theoFg":"U0210001","curiNo":"2016106283"},{"submattFg":"U0209001","stgNeceGrpNm":"","sideTotalPnt":2.0,"sbjtChgFg":"U0212002","subDgnTotalPnt":null,"sy62shtmRcomYn":"","abeekSubmattFgNm":"","sustLsnFgNm":"전필","sy12shtmRcomYn":"","sy42shtmRcomYn":"","abeekInspPracPntCnt":null,"genrl1stgNeceSbjtCnt":null,"abeekSustLsnFg":"","abeekDetaSubmattFg":"","sy51shtmRcomYn":"","abeekSustLsnFgNm":"","sy11shtmRcomYn":"","abeekTheoPntCnt":null,"sy31shtmRcomYn":"","submattFgNm":"전공과목","sbjtCd":"PHRM3111","subTheoTotalPnt":null,"mjCd":"DS03013021001","sy61shtmRcomYn":"","sy22shtmRcomYn":"","mjCdNm":"약학전공(과)","sustLsnFg":"U0208004","sy52shtmRcomYn":"","sy21shtmRcomYn":"","sbjtChgFgNm":"변경","abeekDgnPntCnt":null,"sbjtKorNm":"인체생리학2","sy41shtmRcomYn":"","genrl1stgNeceGrp":"","abeekGrpChoice":"","abeekSubmattFg":"","theoFgNm":"이론","abeekDetaSubmattFgNm":"","sy32shtmRcomYn":"○","openTm":2.0,"pnt":2.0,"sbjtId":"20130435","abeekChoiceSbjtCnt":null,"corsYy":"2016","subInspTotalPnt":null,"abeekGrpNm":"","rowStatus":1,"theoFg":"U0210001","curiNo":"2016106278"},{"submattFg":"U0209001","stgNeceGrpNm":"","sideTotalPnt":2.0,"sbjtChgFg":"U0212002","subDgnTotalPnt":null,"sy62shtmRcomYn":"","abeekSubmattFgNm":"","sustLsnFgNm":"전필","sy12shtmRcomYn":"","sy42shtmRcomYn":"","abeekInspPracPntCnt":null,"genrl1stgNeceSbjtCnt":null,"abeekSustLsnFg":"","abeekDetaSubmattFg":"","sy51shtmRcomYn":"","abeekSustLsnFgNm":"","sy11shtmRcomYn":"","abeekTheoPntCnt":null,"sy31shtmRcomYn":"○","submattFgNm":"전공과목","sbjtCd":"PHRM3112","subTheoTotalPnt":null,"mjCd":"DS03013021001","sy61shtmRcomYn":"","sy22shtmRcomYn":"","mjCdNm":"약학전공(과)","sustLsnFg":"U0208004","sy52shtmRcomYn":"","sy21shtmRcomYn":"","sbjtChgFgNm":"변경","abeekDgnPntCnt":null,"sbjtKorNm":"해부조직학","sy41shtmRcomYn":"","genrl1stgNeceGrp":"","abeekGrpChoice":"","abeekSubmattFg":"","theoFgNm":"이론","abeekDetaSubmattFgNm":"","sy32shtmRcomYn":"","openTm":2.0,"pnt":2.0,"sbjtId":"20130456","abeekChoiceSbjtCnt":null,"corsYy":"2016","subInspTotalPnt":null,"abeekGrpNm":"","rowStatus":1,"theoFg":"U0210001","curiNo":"2016106281"},{"submattFg":"U0209001","stgNeceGrpNm":"","sideTotalPnt":3.0,"sbjtChgFg":"U0212002","subDgnTotalPnt":null,"sy62shtmRcomYn":"","abeekSubmattFgNm":"","sustLsnFgNm":"전필","sy12shtmRcomYn":"","sy42shtmRcomYn":"","abeekInspPracPntCnt":null,"genrl1stgNeceSbjtCnt":null,"abeekSustLsnFg":"","abeekDetaSubmattFg":"","sy51shtmRcomYn":"","abeekSustLsnFgNm":"","sy11shtmRcomYn":"","abeekTheoPntCnt":null,"sy31shtmRcomYn":"○","submattFgNm":"전공과목","sbjtCd":"PHRM314","subTheoTotalPnt":null,"mjCd":"DS03013021001","sy61shtmRcomYn":"","sy22shtmRcomYn":"","mjCdNm":"약학전공(과)","sustLsnFg":"U0208004","sy52shtmRcomYn":"","sy21shtmRcomYn":"","sbjtChgFgNm":"변경","abeekDgnPntCnt":null,"sbjtKorNm":"미생물약품학1","sy41shtmRcomYn":"","genrl1stgNeceGrp":"","abeekGrpChoice":"","abeekSubmattFg":"","theoFgNm":"이론","abeekDetaSubmattFgNm":"","sy32shtmRcomYn":"","openTm":3.0,"pnt":3.0,"sbjtId":"20130455","abeekChoiceSbjtCnt":null,"corsYy":"2016","subInspTotalPnt":null,"abeekGrpNm":"","rowStatus":1,"theoFg":"U0210001","curiNo":"2016106280"},{"submattFg":"U0209001","stgNeceGrpNm":"","sideTotalPnt":3.0,"sbjtChgFg":"U0212002","subDgnTotalPnt":null,"sy62shtmRcomYn":"","abeekSubmattFgNm":"","sustLsnFgNm":"전필","sy12shtmRcomYn":"","sy42shtmRcomYn":"","abeekInspPracPntCnt":null,"genrl1stgNeceSbjtCnt":null,"abeekSustLsnFg":"","abeekDetaSubmattFg":"","sy51shtmRcomYn":"","abeekSustLsnFgNm":"","sy11shtmRcomYn":"","abeekTheoPntCnt":null,"sy31shtmRcomYn":"","submattFgNm":"전공과목","sbjtCd":"PHRM315","subTheoTotalPnt":null,"mjCd":"DS03013021001","sy61shtmRcomYn":"","sy22shtmRcomYn":"","mjCdNm":"약학전공(과)","sustLsnFg":"U0208004","sy52shtmRcomYn":"","sy21shtmRcomYn":"","sbjtChgFgNm":"변경","abeekDgnPntCnt":null,"sbjtKorNm":"미생물약품학2","sy41shtmRcomYn":"","genrl1stgNeceGrp":"","abeekGrpChoice":"","abeekSubmattFg":"","theoFgNm":"이론","abeekDetaSubmattFgNm":"","sy32shtmRcomYn":"○","openTm":3.0,"pnt":3.0,"sbjtId":"20130434","abeekChoiceSbjtCnt":null,"corsYy":"2016","subInspTotalPnt":null,"abeekGrpNm":"","rowStatus":1,"theoFg":"U0210001","curiNo":"2016106277"},{"submattFg":"U0209001","stgNeceGrpNm":"","sideTotalPnt":3.0,"sbjtChgFg":"U0212002","subDgnTotalPnt":null,"sy62shtmRcomYn":"","abeekSubmattFgNm":"","sustLsnFgNm":"전필","sy12shtmRcomYn":"","sy42shtmRcomYn":"","abeekInspPracPntCnt":null,"genrl1stgNeceSbjtCnt":null,"abeekSustLsnFg":"","abeekDetaSubmattFg":"","sy51shtmRcomYn":"","abeekSustLsnFgNm":"","sy11shtmRcomYn":"","abeekTheoPntCnt":null,"sy31shtmRcomYn":"","submattFgNm":"전공과목","sbjtCd":"PHRM316","subTheoTotalPnt":null,"mjCd":"DS03013021001","sy61shtmRcomYn":"","sy22shtmRcomYn":"","mjCdNm":"약학전공(과)","sustLsnFg":"U0208004","sy52shtmRcomYn":"","sy21shtmRcomYn":"","sbjtChgFgNm":"변경","abeekDgnPntCnt":null,"sbjtKorNm":"약품기기분석학","sy41shtmRcomYn":"","genrl1stgNeceGrp":"","abeekGrpChoice":"","abeekSubmattFg":"","theoFgNm":"이론","abeekDetaSubmattFgNm":"","sy32shtmRcomYn":"○","openTm":3.0,"pnt":3.0,"sbjtId":"20110629","abeekChoiceSbjtCnt":null,"corsYy":"2016","subInspTotalPnt":null,"abeekGrpNm":"","rowStatus":1,"theoFg":"U0210001","curiNo":"2016106276"},{"submattFg":"U0209001","stgNeceGrpNm":"","sideTotalPnt":3.0,"sbjtChgFg":"U0212002","subDgnTotalPnt":null,"sy62shtmRcomYn":"","abeekSubmattFgNm":"","sustLsnFgNm":"전필","sy12shtmRcomYn":"","sy42shtmRcomYn":"","abeekInspPracPntCnt":null,"genrl1stgNeceSbjtCnt":null,"abeekSustLsnFg":"","abeekDetaSubmattFg":"","sy51shtmRcomYn":"","abeekSustLsnFgNm":"","sy11shtmRcomYn":"","abeekTheoPntCnt":null,"sy31shtmRcomYn":"○","submattFgNm":"전공과목","sbjtCd":"PHRM317","subTheoTotalPnt":null,"mjCd":"DS03013021001","sy61shtmRcomYn":"","sy22shtmRcomYn":"","mjCdNm":"약학전공(과)","sustLsnFg":"U0208004","sy52shtmRcomYn":"","sy21shtmRcomYn":"","sbjtChgFgNm":"변경","abeekDgnPntCnt":null,"sbjtKorNm":"약품분석학","sy41shtmRcomYn":"","genrl1stgNeceGrp":"","abeekGrpChoice":"","abeekSubmattFg":"","theoFgNm":"이론","abeekDetaSubmattFgNm":"","sy32shtmRcomYn":"","openTm":3.0,"pnt":3.0,"sbjtId":"20110626","abeekChoiceSbjtCnt":null,"corsYy":"2016","subInspTotalPnt":null,"abeekGrpNm":"","rowStatus":1,"theoFg":"U0210001","curiNo":"2016106275"},{"submattFg":"U0209001","stgNeceGrpNm":"","sideTotalPnt":3.0,"sbjtChgFg":"U0212002","subDgnTotalPnt":null,"sy62shtmRcomYn":"","abeekSubmattFgNm":"","sustLsnFgNm":"전필","sy12shtmRcomYn":"","sy42shtmRcomYn":"","abeekInspPracPntCnt":null,"genrl1stgNeceSbjtCnt":null,"abeekSustLsnFg":"","abeekDetaSubmattFg":"","sy51shtmRcomYn":"","abeekSustLsnFgNm":"","sy11shtmRcomYn":"","abeekTheoPntCnt":null,"sy31shtmRcomYn":"○","submattFgNm":"전공과목","sbjtCd":"PHRM318","subTheoTotalPnt":null,"mjCd":"DS03013021001","sy61shtmRcomYn":"","sy22shtmRcomYn":"","mjCdNm":"약학전공(과)","sustLsnFg":"U0208004","sy52shtmRcomYn":"","sy21shtmRcomYn":"","sbjtChgFgNm":"변경","abeekDgnPntCnt":null,"sbjtKorNm":"약품생화학1","sy41shtmRcomYn":"","genrl1stgNeceGrp":"","abeekGrpChoice":"","abeekSubmattFg":"","theoFgNm":"이론","abeekDetaSubmattFgNm":"","sy32shtmRcomYn":"","openTm":3.0,"pnt":3.0,"sbjtId":"20130460","abeekChoiceSbjtCnt":null,"corsYy":"2016","subInspTotalPnt":null,"abeekGrpNm":"","rowStatus":1,"theoFg":"U0210001","curiNo":"2016106282"},{"submattFg":"U0209001","stgNeceGrpNm":"","sideTotalPnt":3.0,"sbjtChgFg":"U0212002","subDgnTotalPnt":null,"sy62shtmRcomYn":"","abeekSubmattFgNm":"","sustLsnFgNm":"전필","sy12shtmRcomYn":"","sy42shtmRcomYn":"","abeekInspPracPntCnt":null,"genrl1stgNeceSbjtCnt":null,"abeekSustLsnFg":"","abeekDetaSubmattFg":"","sy51shtmRcomYn":"","abeekSustLsnFgNm":"","sy11shtmRcomYn":"","abeekTheoPntCnt":null,"sy31shtmRcomYn":"","submattFgNm":"전공과목","sbjtCd":"PHRM319","subTheoTotalPnt":null,"mjCd":"DS03013021001","sy61shtmRcomYn":"","sy22shtmRcomYn":"","mjCdNm":"약학전공(과)","sustLsnFg":"U0208004","sy52shtmRcomYn":"","sy21shtmRcomYn":"","sbjtChgFgNm":"변경","abeekDgnPntCnt":null,"sbjtKorNm":"약품생화학2","sy41shtmRcomYn":"","genrl1stgNeceGrp":"","abeekGrpChoice":"","abeekSubmattFg":"","theoFgNm":"이론","abeekDetaSubmattFgNm":"","sy32shtmRcomYn":"○","openTm":3.0,"pnt":3.0,"sbjtId":"20130436","abeekChoiceSbjtCnt":null,"corsYy":"2016","subInspTotalPnt":null,"abeekGrpNm":"","rowStatus":1,"theoFg":"U0210001","curiNo":"2016106279"},{"submattFg":"U0209001","stgNeceGrpNm":"택H1","sideTotalPnt":2.0,"sbjtChgFg":"","subDgnTotalPnt":null,"sy62shtmRcomYn":"","abeekSubmattFgNm":"","sustLsnFgNm":"전필","sy12shtmRcomYn":"","sy42shtmRcomYn":"","abeekInspPracPntCnt":null,"genrl1stgNeceSbjtCnt":1.0,"abeekSustLsnFg":"","abeekDetaSubmattFg":"","sy51shtmRcomYn":"","abeekSustLsnFgNm":"","sy11shtmRcomYn":"","abeekTheoPntCnt":null,"sy31shtmRcomYn":"","submattFgNm":"전공과목","sbjtCd":"PHRM322","subTheoTotalPnt":null,"mjCd":"DS03013021001","sy61shtmRcomYn":"","sy22shtmRcomYn":"","mjCdNm":"약학전공(과)","sustLsnFg":"U0208004","sy52shtmRcomYn":"○","sy21shtmRcomYn":"","sbjtChgFgNm":"","abeekDgnPntCnt":null,"sbjtKorNm":"천연물약품학","sy41shtmRcomYn":"","genrl1stgNeceGrp":"H","abeekGrpChoice":"","abeekSubmattFg":"","theoFgNm":"이론","abeekDetaSubmattFgNm":"","sy32shtmRcomYn":"","openTm":2.0,"pnt":2.0,"sbjtId":"20100342","abeekChoiceSbjtCnt":null,"corsYy":"2016","subInspTotalPnt":null,"abeekGrpNm":"","rowStatus":1,"theoFg":"U0210001","curiNo":"2016106232"},{"submattFg":"U0209001","stgNeceGrpNm":"","sideTotalPnt":3.0,"sbjtChgFg":"","subDgnTotalPnt":null,"sy62shtmRcomYn":"","abeekSubmattFgNm":"","sustLsnFgNm":"전필","sy12shtmRcomYn":"","sy42shtmRcomYn":"","abeekInspPracPntCnt":null,"genrl1stgNeceSbjtCnt":null,"abeekSustLsnFg":"","abeekDetaSubmattFg":"","sy51shtmRcomYn":"","abeekSustLsnFgNm":"","sy11shtmRcomYn":"","abeekTheoPntCnt":null,"sy31shtmRcomYn":"○","submattFgNm":"전공과목","sbjtCd":"PHRM324","subTheoTotalPnt":null,"mjCd":"DS03013021001","sy61shtmRcomYn":"","sy22shtmRcomYn":"","mjCdNm":"약학전공(과)","sustLsnFg":"U0208004","sy52shtmRcomYn":"","sy21shtmRcomYn":"","sbjtChgFgNm":"","abeekDgnPntCnt":null,"sbjtKorNm":"생물의약품학","sy41shtmRcomYn":"","genrl1stgNeceGrp":"","abeekGrpChoice":"","abeekSubmattFg":"","theoFgNm":"이론","abeekDetaSubmattFgNm":"","sy32shtmRcomYn":"","openTm":3.0,"pnt":3.0,"sbjtId":"20140507","abeekChoiceSbjtCnt":null,"corsYy":"2016","subInspTotalPnt":null,"abeekGrpNm":"","rowStatus":1,"theoFg":"U0210001","curiNo":"2016106234"},{"submattFg":"U0209001","stgNeceGrpNm":"택A1","sideTotalPnt":2.0,"sbjtChgFg":"","subDgnTotalPnt":null,"sy62shtmRcomYn":"","abeekSubmattFgNm":"","sustLsnFgNm":"전필","sy12shtmRcomYn":"","sy42shtmRcomYn":"","abeekInspPracPntCnt":null,"genrl1stgNeceSbjtCnt":1.0,"abeekSustLsnFg":"","abeekDetaSubmattFg":"","sy51shtmRcomYn":"","abeekSustLsnFgNm":"","sy11shtmRcomYn":"","abeekTheoPntCnt":null,"sy31shtmRcomYn":"○","submattFgNm":"전공과목","sbjtCd":"PHRM325","subTheoTotalPnt":null,"mjCd":"DS03013021001","sy61shtmRcomYn":"","sy22shtmRcomYn":"","mjCdNm":"약학전공(과)","sustLsnFg":"U0208004","sy52shtmRcomYn":"","sy21shtmRcomYn":"","sbjtChgFgNm":"","abeekDgnPntCnt":null,"sbjtKorNm":"약품분자생물학","sy41shtmRcomYn":"","genrl1stgNeceGrp":"A","abeekGrpChoice":"","abeekSubmattFg":"","theoFgNm":"이론","abeekDetaSubmattFgNm":"","sy32shtmRcomYn":"","openTm":2.0,"pnt":2.0,"sbjtId":"20140508","abeekChoiceSbjtCnt":null,"corsYy":"2016","subInspTotalPnt":null,"abeekGrpNm":"","rowStatus":1,"theoFg":"U0210001","curiNo":"2016106235"},{"submattFg":"U0209001","stgNeceGrpNm":"택B1","sideTotalPnt":2.0,"sbjtChgFg":"U0212002","subDgnTotalPnt":null,"sy62shtmRcomYn":"","abeekSubmattFgNm":"","sustLsnFgNm":"전필","sy12shtmRcomYn":"","sy42shtmRcomYn":"","abeekInspPracPntCnt":null,"genrl1stgNeceSbjtCnt":1.0,"abeekSustLsnFg":"","abeekDetaSubmattFg":"","sy51shtmRcomYn":"","abeekSustLsnFgNm":"","sy11shtmRcomYn":"","abeekTheoPntCnt":null,"sy31shtmRcomYn":"","submattFgNm":"전공과목","sbjtCd":"PHRM327","subTheoTotalPnt":null,"mjCd":"DS03013021001","sy61shtmRcomYn":"","sy22shtmRcomYn":"","mjCdNm":"약학전공(과)","sustLsnFg":"U0208004","sy52shtmRcomYn":"","sy21shtmRcomYn":"","sbjtChgFgNm":"변경","abeekDgnPntCnt":null,"sbjtKorNm":"방사성의약품학","sy41shtmRcomYn":"","genrl1stgNeceGrp":"B","abeekGrpChoice":"","abeekSubmattFg":"","theoFgNm":"이론","abeekDetaSubmattFgNm":"","sy32shtmRcomYn":"○","openTm":2.0,"pnt":2.0,"sbjtId":"20150741","abeekChoiceSbjtCnt":null,"corsYy":"2016","subInspTotalPnt":null,"abeekGrpNm":"","rowStatus":1,"theoFg":"U0210001","curiNo":"2016106233"},{"submattFg":"U0209001","stgNeceGrpNm":"택B1","sideTotalPnt":2.0,"sbjtChgFg":"","subDgnTotalPnt":null,"sy62shtmRcomYn":"","abeekSubmattFgNm":"","sustLsnFgNm":"전필","sy12shtmRcomYn":"","sy42shtmRcomYn":"","abeekInspPracPntCnt":null,"genrl1stgNeceSbjtCnt":1.0,"abeekSustLsnFg":"","abeekDetaSubmattFg":"","sy51shtmRcomYn":"","abeekSustLsnFgNm":"","sy11shtmRcomYn":"","abeekTheoPntCnt":null,"sy31shtmRcomYn":"","submattFgNm":"전공과목","sbjtCd":"PHRM3316","subTheoTotalPnt":null,"mjCd":"DS03013021001","sy61shtmRcomYn":"","sy22shtmRcomYn":"","mjCdNm":"약학전공(과)","sustLsnFg":"U0208004","sy52shtmRcomYn":"","sy21shtmRcomYn":"","sbjtChgFgNm":"","abeekDgnPntCnt":null,"sbjtKorNm":"구조모델기반 신약디자인","sy41shtmRcomYn":"","genrl1stgNeceGrp":"B","abeekGrpChoice":"","abeekSubmattFg":"","theoFgNm":"이론","abeekDetaSubmattFgNm":"","sy32shtmRcomYn":"○","openTm":2.0,"pnt":2.0,"sbjtId":"20100348","abeekChoiceSbjtCnt":null,"corsYy":"2016","subInspTotalPnt":null,"abeekGrpNm":"","rowStatus":1,"theoFg":"U0210001","curiNo":"2016106241"},{"submattFg":"U0209001","stgNeceGrpNm":"택B1","sideTotalPnt":2.0,"sbjtChgFg":"U0212001","subDgnTotalPnt":null,"sy62shtmRcomYn":"","abeekSubmattFgNm":"","sustLsnFgNm":"전필","sy12shtmRcomYn":"","sy42shtmRcomYn":"","abeekInspPracPntCnt":null,"genrl1stgNeceSbjtCnt":1.0,"abeekSustLsnFg":"","abeekDetaSubmattFg":"","sy51shtmRcomYn":"","abeekSustLsnFgNm":"","sy11shtmRcomYn":"","abeekTheoPntCnt":null,"sy31shtmRcomYn":"","submattFgNm":"전공과목","sbjtCd":"PHRM3317","subTheoTotalPnt":null,"mjCd":"DS03013021001","sy61shtmRcomYn":"","sy22shtmRcomYn":"","mjCdNm":"약학전공(과)","sustLsnFg":"U0208004","sy52shtmRcomYn":"","sy21shtmRcomYn":"","sbjtChgFgNm":"신설","abeekDgnPntCnt":null,"sbjtKorNm":"약품합성학","sy41shtmRcomYn":"","genrl1stgNeceGrp":"B","abeekGrpChoice":"","abeekSubmattFg":"","theoFgNm":"","abeekDetaSubmattFgNm":"","sy32shtmRcomYn":"○","openTm":2.0,"pnt":2.0,"sbjtId":"20150737","abeekChoiceSbjtCnt":null,"corsYy":"2016","subInspTotalPnt":null,"abeekGrpNm":"","rowStatus":1,"theoFg":"","curiNo":"2016107268"},{"submattFg":"U0209001","stgNeceGrpNm":"","sideTotalPnt":3.0,"sbjtChgFg":"U0212002","subDgnTotalPnt":null,"sy62shtmRcomYn":"","abeekSubmattFgNm":"","sustLsnFgNm":"전필","sy12shtmRcomYn":"","sy42shtmRcomYn":"","abeekInspPracPntCnt":null,"genrl1stgNeceSbjtCnt":null,"abeekSustLsnFg":"","abeekDetaSubmattFg":"","sy51shtmRcomYn":"","abeekSustLsnFgNm":"","sy11shtmRcomYn":"","abeekTheoPntCnt":null,"sy31shtmRcomYn":"○","submattFgNm":"전공과목","sbjtCd":"PHRM3318","subTheoTotalPnt":null,"mjCd":"DS03013021001","sy61shtmRcomYn":"","sy22shtmRcomYn":"","mjCdNm":"약학전공(과)","sustLsnFg":"U0208004","sy52shtmRcomYn":"","sy21shtmRcomYn":"","sbjtChgFgNm":"변경","abeekDgnPntCnt":null,"sbjtKorNm":"물리약학1","sy41shtmRcomYn":"","genrl1stgNeceGrp":"","abeekGrpChoice":"","abeekSubmattFg":"","theoFgNm":"이론","abeekDetaSubmattFgNm":"","sy32shtmRcomYn":"","openTm":3.0,"pnt":3.0,"sbjtId":"20110627","abeekChoiceSbjtCnt":null,"corsYy":"2016","subInspTotalPnt":null,"abeekGrpNm":"","rowStatus":1,"theoFg":"U0210001","curiNo":"2016106285"},{"submattFg":"U0209001","stgNeceGrpNm":"","sideTotalPnt":3.0,"sbjtChgFg":"U0212002","subDgnTotalPnt":null,"sy62shtmRcomYn":"","abeekSubmattFgNm":"","sustLsnFgNm":"전필","sy12shtmRcomYn":"","sy42shtmRcomYn":"","abeekInspPracPntCnt":null,"genrl1stgNeceSbjtCnt":null,"abeekSustLsnFg":"","abeekDetaSubmattFg":"","sy51shtmRcomYn":"","abeekSustLsnFgNm":"","sy11shtmRcomYn":"","abeekTheoPntCnt":null,"sy31shtmRcomYn":"","submattFgNm":"전공과목","sbjtCd":"PHRM3319","subTheoTotalPnt":null,"mjCd":"DS03013021001","sy61shtmRcomYn":"","sy22shtmRcomYn":"","mjCdNm":"약학전공(과)","sustLsnFg":"U0208004","sy52shtmRcomYn":"","sy21shtmRcomYn":"","sbjtChgFgNm":"변경","abeekDgnPntCnt":null,"sbjtKorNm":"물리약학2","sy41shtmRcomYn":"","genrl1stgNeceGrp":"","abeekGrpChoice":"","abeekSubmattFg":"","theoFgNm":"이론","abeekDetaSubmattFgNm":"","sy32shtmRcomYn":"○","openTm":3.0,"pnt":3.0,"sbjtId":"20110628","abeekChoiceSbjtCnt":null,"corsYy":"2016","subInspTotalPnt":null,"abeekGrpNm":"","rowStatus":1,"theoFg":"U0210001","curiNo":"2016106286"},{"submattFg":"U0209001","stgNeceGrpNm":"","sideTotalPnt":3.0,"sbjtChgFg":"U0212002","subDgnTotalPnt":null,"sy62shtmRcomYn":"","abeekSubmattFgNm":"","sustLsnFgNm":"전필","sy12shtmRcomYn":"","sy42shtmRcomYn":"","abeekInspPracPntCnt":null,"genrl1stgNeceSbjtCnt":null,"abeekSustLsnFg":"","abeekDetaSubmattFg":"","sy51shtmRcomYn":"","abeekSustLsnFgNm":"","sy11shtmRcomYn":"","abeekTheoPntCnt":null,"sy31shtmRcomYn":"","submattFgNm":"전공과목","sbjtCd":"PHRM3320","subTheoTotalPnt":null,"mjCd":"DS03013021001","sy61shtmRcomYn":"","sy22shtmRcomYn":"","mjCdNm":"약학전공(과)","sustLsnFg":"U0208004","sy52shtmRcomYn":"","sy21shtmRcomYn":"","sbjtChgFgNm":"변경","abeekDgnPntCnt":null,"sbjtKorNm":"약품제조학 1","sy41shtmRcomYn":"","genrl1stgNeceGrp":"","abeekGrpChoice":"","abeekSubmattFg":"","theoFgNm":"이론","abeekDetaSubmattFgNm":"","sy32shtmRcomYn":"○","openTm":3.0,"pnt":3.0,"sbjtId":"20100282","abeekChoiceSbjtCnt":null,"corsYy":"2016","subInspTotalPnt":null,"abeekGrpNm":"","rowStatus":1,"theoFg":"U0210001","curiNo":"2016106284"},{"submattFg":"U0209001","stgNeceGrpNm":"","sideTotalPnt":3.0,"sbjtChgFg":"U0212002","subDgnTotalPnt":null,"sy62shtmRcomYn":"","abeekSubmattFgNm":"","sustLsnFgNm":"전필","sy12shtmRcomYn":"","sy42shtmRcomYn":"","abeekInspPracPntCnt":null,"genrl1stgNeceSbjtCnt":null,"abeekSustLsnFg":"","abeekDetaSubmattFg":"","sy51shtmRcomYn":"","abeekSustLsnFgNm":"","sy11shtmRcomYn":"","abeekTheoPntCnt":null,"sy31shtmRcomYn":"","submattFgNm":"전공과목","sbjtCd":"PHRM3426","subTheoTotalPnt":null,"mjCd":"DS03013021001","sy61shtmRcomYn":"","sy22shtmRcomYn":"","mjCdNm":"약학전공(과)","sustLsnFg":"U0208004","sy52shtmRcomYn":"","sy21shtmRcomYn":"","sbjtChgFgNm":"변경","abeekDgnPntCnt":null,"sbjtKorNm":"병태생리학1","sy41shtmRcomYn":"","genrl1stgNeceGrp":"","abeekGrpChoice":"","abeekSubmattFg":"","theoFgNm":"이론","abeekDetaSubmattFgNm":"","sy32shtmRcomYn":"○","openTm":3.0,"pnt":3.0,"sbjtId":"20130463","abeekChoiceSbjtCnt":null,"corsYy":"2016","subInspTotalPnt":null,"abeekGrpNm":"","rowStatus":1,"theoFg":"U0210001","curiNo":"2016106289"},{"submattFg":"U0209001","stgNeceGrpNm":"","sideTotalPnt":1.0,"sbjtChgFg":"U0212002","subDgnTotalPnt":null,"sy62shtmRcomYn":"","abeekSubmattFgNm":"","sustLsnFgNm":"전필","sy12shtmRcomYn":"","sy42shtmRcomYn":"","abeekInspPracPntCnt":null,"genrl1stgNeceSbjtCnt":null,"abeekSustLsnFg":"","abeekDetaSubmattFg":"","sy51shtmRcomYn":"","abeekSustLsnFgNm":"","sy11shtmRcomYn":"","abeekTheoPntCnt":null,"sy31shtmRcomYn":"○","submattFgNm":"전공과목","sbjtCd":"PHRM3427","subTheoTotalPnt":null,"mjCd":"DS03013021001","sy61shtmRcomYn":"","sy22shtmRcomYn":"","mjCdNm":"약학전공(과)","sustLsnFg":"U0208004","sy52shtmRcomYn":"","sy21shtmRcomYn":"","sbjtChgFgNm":"변경","abeekDgnPntCnt":null,"sbjtKorNm":"소통기법과 복약지도","sy41shtmRcomYn":"","genrl1stgNeceGrp":"","abeekGrpChoice":"","abeekSubmattFg":"","theoFgNm":"이론","abeekDetaSubmattFgNm":"","sy32shtmRcomYn":"","openTm":1.0,"pnt":1.0,"sbjtId":"20100336","abeekChoiceSbjtCnt":null,"corsYy":"2016","subInspTotalPnt":null,"abeekGrpNm":"","rowStatus":1,"theoFg":"U0210001","curiNo":"2016106287"},{"submattFg":"U0209001","stgNeceGrpNm":"","sideTotalPnt":2.0,"sbjtChgFg":"U0212002","subDgnTotalPnt":null,"sy62shtmRcomYn":"","abeekSubmattFgNm":"","sustLsnFgNm":"전필","sy12shtmRcomYn":"","sy42shtmRcomYn":"","abeekInspPracPntCnt":null,"genrl1stgNeceSbjtCnt":null,"abeekSustLsnFg":"","abeekDetaSubmattFg":"","sy51shtmRcomYn":"","abeekSustLsnFgNm":"","sy11shtmRcomYn":"","abeekTheoPntCnt":null,"sy31shtmRcomYn":"","submattFgNm":"전공과목","sbjtCd":"PHRM3428","subTheoTotalPnt":null,"mjCd":"DS03013021001","sy61shtmRcomYn":"","sy22shtmRcomYn":"","mjCdNm":"약학전공(과)","sustLsnFg":"U0208004","sy52shtmRcomYn":"","sy21shtmRcomYn":"","sbjtChgFgNm":"변경","abeekDgnPntCnt":null,"sbjtKorNm":"의약품정보학","sy41shtmRcomYn":"","genrl1stgNeceGrp":"","abeekGrpChoice":"","abeekSubmattFg":"","theoFgNm":"이론","abeekDetaSubmattFgNm":"","sy32shtmRcomYn":"○","openTm":2.0,"pnt":2.0,"sbjtId":"20100328","abeekChoiceSbjtCnt":null,"corsYy":"2016","subInspTotalPnt":null,"abeekGrpNm":"","rowStatus":1,"theoFg":"U0210001","curiNo":"2016106288"},{"submattFg":"U0209001","stgNeceGrpNm":"택C1","sideTotalPnt":2.0,"sbjtChgFg":"U0212002","subDgnTotalPnt":null,"sy62shtmRcomYn":"","abeekSubmattFgNm":"","sustLsnFgNm":"전필","sy12shtmRcomYn":"","sy42shtmRcomYn":"","abeekInspPracPntCnt":null,"genrl1stgNeceSbjtCnt":1.0,"abeekSustLsnFg":"","abeekDetaSubmattFg":"","sy51shtmRcomYn":"","abeekSustLsnFgNm":"","sy11shtmRcomYn":"","abeekTheoPntCnt":null,"sy31shtmRcomYn":"","submattFgNm":"전공과목","sbjtCd":"PHRM401","subTheoTotalPnt":null,"mjCd":"DS03013021001","sy61shtmRcomYn":"","sy22shtmRcomYn":"","mjCdNm":"약학전공(과)","sustLsnFg":"U0208004","sy52shtmRcomYn":"","sy21shtmRcomYn":"","sbjtChgFgNm":"변경","abeekDgnPntCnt":null,"sbjtKorNm":"산업약학연구기획1","sy41shtmRcomYn":"○","genrl1stgNeceGrp":"C","abeekGrpChoice":"","abeekSubmattFg":"","theoFgNm":"이론","abeekDetaSubmattFgNm":"","sy32shtmRcomYn":"","openTm":2.0,"pnt":2.0,"sbjtId":"20130439","abeekChoiceSbjtCnt":null,"corsYy":"2016","subInspTotalPnt":null,"abeekGrpNm":"","rowStatus":1,"theoFg":"U0210001","curiNo":"2016106294"},{"submattFg":"U0209001","stgNeceGrpNm":"","sideTotalPnt":1.0,"sbjtChgFg":"U0212002","subDgnTotalPnt":null,"sy62shtmRcomYn":"","abeekSubmattFgNm":"","sustLsnFgNm":"전필","sy12shtmRcomYn":"","sy42shtmRcomYn":"","abeekInspPracPntCnt":null,"genrl1stgNeceSbjtCnt":null,"abeekSustLsnFg":"","abeekDetaSubmattFg":"","sy51shtmRcomYn":"","abeekSustLsnFgNm":"","sy11shtmRcomYn":"","abeekTheoPntCnt":null,"sy31shtmRcomYn":"","submattFgNm":"전공과목","sbjtCd":"PHRM402","subTheoTotalPnt":null,"mjCd":"DS03013021001","sy61shtmRcomYn":"","sy22shtmRcomYn":"","mjCdNm":"약학전공(과)","sustLsnFg":"U0208004","sy52shtmRcomYn":"","sy21shtmRcomYn":"","sbjtChgFgNm":"변경","abeekDgnPntCnt":null,"sbjtKorNm":"약학실습3","sy41shtmRcomYn":"○","genrl1stgNeceGrp":"","abeekGrpChoice":"","abeekSubmattFg":"","theoFgNm":"실습","abeekDetaSubmattFgNm":"","sy32shtmRcomYn":"","openTm":4.0,"pnt":1.0,"sbjtId":"20110057","abeekChoiceSbjtCnt":null,"corsYy":"2016","subInspTotalPnt":null,"abeekGrpNm":"","rowStatus":1,"theoFg":"U0210002","curiNo":"2016106291"},{"submattFg":"U0209001","stgNeceGrpNm":"","sideTotalPnt":1.0,"sbjtChgFg":"U0212002","subDgnTotalPnt":null,"sy62shtmRcomYn":"","abeekSubmattFgNm":"","sustLsnFgNm":"전필","sy12shtmRcomYn":"","sy42shtmRcomYn":"○","abeekInspPracPntCnt":null,"genrl1stgNeceSbjtCnt":null,"abeekSustLsnFg":"","abeekDetaSubmattFg":"","sy51shtmRcomYn":"","abeekSustLsnFgNm":"","sy11shtmRcomYn":"","abeekTheoPntCnt":null,"sy31shtmRcomYn":"","submattFgNm":"전공과목","sbjtCd":"PHRM403","subTheoTotalPnt":null,"mjCd":"DS03013021001","sy61shtmRcomYn":"","sy22shtmRcomYn":"","mjCdNm":"약학전공(과)","sustLsnFg":"U0208004","sy52shtmRcomYn":"","sy21shtmRcomYn":"","sbjtChgFgNm":"변경","abeekDgnPntCnt":null,"sbjtKorNm":"약학실습4","sy41shtmRcomYn":"","genrl1stgNeceGrp":"","abeekGrpChoice":"","abeekSubmattFg":"","theoFgNm":"실습","abeekDetaSubmattFgNm":"","sy32shtmRcomYn":"","openTm":4.0,"pnt":1.0,"sbjtId":"20110058","abeekChoiceSbjtCnt":null,"corsYy":"2016","subInspTotalPnt":null,"abeekGrpNm":"","rowStatus":1,"theoFg":"U0210002","curiNo":"2016106292"},{"submattFg":"U0209001","stgNeceGrpNm":"택D1","sideTotalPnt":2.0,"sbjtChgFg":"U0212002","subDgnTotalPnt":null,"sy62shtmRcomYn":"","abeekSubmattFgNm":"","sustLsnFgNm":"전필","sy12shtmRcomYn":"","sy42shtmRcomYn":"○","abeekInspPracPntCnt":null,"genrl1stgNeceSbjtCnt":1.0,"abeekSustLsnFg":"","abeekDetaSubmattFg":"","sy51shtmRcomYn":"","abeekSustLsnFgNm":"","sy11shtmRcomYn":"","abeekTheoPntCnt":null,"sy31shtmRcomYn":"","submattFgNm":"전공과목","sbjtCd":"PHRM404","subTheoTotalPnt":null,"mjCd":"DS03013021001","sy61shtmRcomYn":"","sy22shtmRcomYn":"","mjCdNm":"약학전공(과)","sustLsnFg":"U0208004","sy52shtmRcomYn":"","sy21shtmRcomYn":"","sbjtChgFgNm":"변경","abeekDgnPntCnt":null,"sbjtKorNm":"산업약학연구기획2","sy41shtmRcomYn":"","genrl1stgNeceGrp":"D","abeekGrpChoice":"","abeekSubmattFg":"","theoFgNm":"이론","abeekDetaSubmattFgNm":"","sy32shtmRcomYn":"","openTm":2.0,"pnt":2.0,"sbjtId":"20130444","abeekChoiceSbjtCnt":null,"corsYy":"2016","subInspTotalPnt":null,"abeekGrpNm":"","rowStatus":1,"theoFg":"U0210001","curiNo":"2016106290"},{"submattFg":"U0209001","stgNeceGrpNm":"택C1","sideTotalPnt":2.0,"sbjtChgFg":"U0212002","subDgnTotalPnt":null,"sy62shtmRcomYn":"","abeekSubmattFgNm":"","sustLsnFgNm":"전필","sy12shtmRcomYn":"","sy42shtmRcomYn":"","abeekInspPracPntCnt":null,"genrl1stgNeceSbjtCnt":1.0,"abeekSustLsnFg":"","abeekDetaSubmattFg":"","sy51shtmRcomYn":"","abeekSustLsnFgNm":"","sy11shtmRcomYn":"","abeekTheoPntCnt":null,"sy31shtmRcomYn":"","submattFgNm":"전공과목","sbjtCd":"PHRM405","subTheoTotalPnt":null,"mjCd":"DS03013021001","sy61shtmRcomYn":"","sy22shtmRcomYn":"","mjCdNm":"약학전공(과)","sustLsnFg":"U0208004","sy52shtmRcomYn":"","sy21shtmRcomYn":"","sbjtChgFgNm":"변경","abeekDgnPntCnt":null,"sbjtKorNm":"생명약학연구기획1","sy41shtmRcomYn":"○","genrl1stgNeceGrp":"C","abeekGrpChoice":"","abeekSubmattFg":"","theoFgNm":"이론","abeekDetaSubmattFgNm":"","sy32shtmRcomYn":"","openTm":2.0,"pnt":2.0,"sbjtId":"20130438","abeekChoiceSbjtCnt":null,"corsYy":"2016","subInspTotalPnt":null,"abeekGrpNm":"","rowStatus":1,"theoFg":"U0210001","curiNo":"2016106293"},{"submattFg":"U0209001","stgNeceGrpNm":"택D1","sideTotalPnt":2.0,"sbjtChgFg":"U0212002","subDgnTotalPnt":null,"sy62shtmRcomYn":"","abeekSubmattFgNm":"","sustLsnFgNm":"전필","sy12shtmRcomYn":"","sy42shtmRcomYn":"○","abeekInspPracPntCnt":null,"genrl1stgNeceSbjtCnt":1.0,"abeekSustLsnFg":"","abeekDetaSubmattFg":"","sy51shtmRcomYn":"","abeekSustLsnFgNm":"","sy11shtmRcomYn":"","abeekTheoPntCnt":null,"sy31shtmRcomYn":"","submattFgNm":"전공과목","sbjtCd":"PHRM406","subTheoTotalPnt":null,"mjCd":"DS03013021001","sy61shtmRcomYn":"","sy22shtmRcomYn":"","mjCdNm":"약학전공(과)","sustLsnFg":"U0208004","sy52shtmRcomYn":"","sy21shtmRcomYn":"","sbjtChgFgNm":"변경","abeekDgnPntCnt":null,"sbjtKorNm":"생명약학연구기획2","sy41shtmRcomYn":"","genrl1stgNeceGrp":"D","abeekGrpChoice":"","abeekSubmattFg":"","theoFgNm":"이론","abeekDetaSubmattFgNm":"","sy32shtmRcomYn":"","openTm":2.0,"pnt":2.0,"sbjtId":"20130443","abeekChoiceSbjtCnt":null,"corsYy":"2016","subInspTotalPnt":null,"abeekGrpNm":"","rowStatus":1,"theoFg":"U0210001","curiNo":"2016106295"},{"submattFg":"U0209001","stgNeceGrpNm":"","sideTotalPnt":3.0,"sbjtChgFg":"U0212002","subDgnTotalPnt":null,"sy62shtmRcomYn":"","abeekSubmattFgNm":"","sustLsnFgNm":"전필","sy12shtmRcomYn":"","sy42shtmRcomYn":"","abeekInspPracPntCnt":null,"genrl1stgNeceSbjtCnt":null,"abeekSustLsnFg":"","abeekDetaSubmattFg":"","sy51shtmRcomYn":"","abeekSustLsnFgNm":"","sy11shtmRcomYn":"","abeekTheoPntCnt":null,"sy31shtmRcomYn":"","submattFgNm":"전공과목","sbjtCd":"PHRM411","subTheoTotalPnt":null,"mjCd":"DS03013021001","sy61shtmRcomYn":"","sy22shtmRcomYn":"","mjCdNm":"약학전공(과)","sustLsnFg":"U0208004","sy52shtmRcomYn":"","sy21shtmRcomYn":"","sbjtChgFgNm":"변경","abeekDgnPntCnt":null,"sbjtKorNm":"의약화학 1","sy41shtmRcomYn":"○","genrl1stgNeceGrp":"","abeekGrpChoice":"","abeekSubmattFg":"","theoFgNm":"이론","abeekDetaSubmattFgNm":"","sy32shtmRcomYn":"","openTm":3.0,"pnt":3.0,"sbjtId":"20100307","abeekChoiceSbjtCnt":null,"corsYy":"2016","subInspTotalPnt":null,"abeekGrpNm":"","rowStatus":1,"theoFg":"U0210001","curiNo":"2016106209"},{"submattFg":"U0209001","stgNeceGrpNm":"","sideTotalPnt":3.0,"sbjtChgFg":"U0212002","subDgnTotalPnt":null,"sy62shtmRcomYn":"","abeekSubmattFgNm":"","sustLsnFgNm":"전필","sy12shtmRcomYn":"","sy42shtmRcomYn":"○","abeekInspPracPntCnt":null,"genrl1stgNeceSbjtCnt":null,"abeekSustLsnFg":"","abeekDetaSubmattFg":"","sy51shtmRcomYn":"","abeekSustLsnFgNm":"","sy11shtmRcomYn":"","abeekTheoPntCnt":null,"sy31shtmRcomYn":"","submattFgNm":"전공과목","sbjtCd":"PHRM412","subTheoTotalPnt":null,"mjCd":"DS03013021001","sy61shtmRcomYn":"","sy22shtmRcomYn":"","mjCdNm":"약학전공(과)","sustLsnFg":"U0208004","sy52shtmRcomYn":"","sy21shtmRcomYn":"","sbjtChgFgNm":"변경","abeekDgnPntCnt":null,"sbjtKorNm":"의약화학 2","sy41shtmRcomYn":"","genrl1stgNeceGrp":"","abeekGrpChoice":"","abeekSubmattFg":"","theoFgNm":"이론","abeekDetaSubmattFgNm":"","sy32shtmRcomYn":"","openTm":3.0,"pnt":3.0,"sbjtId":"20100309","abeekChoiceSbjtCnt":null,"corsYy":"2016","subInspTotalPnt":null,"abeekGrpNm":"","rowStatus":1,"theoFg":"U0210001","curiNo":"2016106210"},{"submattFg":"U0209001","stgNeceGrpNm":"","sideTotalPnt":3.0,"sbjtChgFg":"U0212002","subDgnTotalPnt":null,"sy62shtmRcomYn":"","abeekSubmattFgNm":"","sustLsnFgNm":"전필","sy12shtmRcomYn":"","sy42shtmRcomYn":"","abeekInspPracPntCnt":null,"genrl1stgNeceSbjtCnt":null,"abeekSustLsnFg":"","abeekDetaSubmattFg":"","sy51shtmRcomYn":"","abeekSustLsnFgNm":"","sy11shtmRcomYn":"","abeekTheoPntCnt":null,"sy31shtmRcomYn":"","submattFgNm":"전공과목","sbjtCd":"PHRM421","subTheoTotalPnt":null,"mjCd":"DS03013021001","sy61shtmRcomYn":"","sy22shtmRcomYn":"","mjCdNm":"약학전공(과)","sustLsnFg":"U0208004","sy52shtmRcomYn":"","sy21shtmRcomYn":"","sbjtChgFgNm":"변경","abeekDgnPntCnt":null,"sbjtKorNm":"생약학1","sy41shtmRcomYn":"○","genrl1stgNeceGrp":"","abeekGrpChoice":"","abeekSubmattFg":"","theoFgNm":"이론","abeekDetaSubmattFgNm":"","sy32shtmRcomYn":"","openTm":3.0,"pnt":3.0,"sbjtId":"20130457","abeekChoiceSbjtCnt":null,"corsYy":"2016","subInspTotalPnt":null,"abeekGrpNm":"","rowStatus":1,"theoFg":"U0210001","curiNo":"2016106211"},{"submattFg":"U0209001","stgNeceGrpNm":"","sideTotalPnt":3.0,"sbjtChgFg":"U0212002","subDgnTotalPnt":null,"sy62shtmRcomYn":"","abeekSubmattFgNm":"","sustLsnFgNm":"전필","sy12shtmRcomYn":"","sy42shtmRcomYn":"○","abeekInspPracPntCnt":null,"genrl1stgNeceSbjtCnt":null,"abeekSustLsnFg":"","abeekDetaSubmattFg":"","sy51shtmRcomYn":"","abeekSustLsnFgNm":"","sy11shtmRcomYn":"","abeekTheoPntCnt":null,"sy31shtmRcomYn":"","submattFgNm":"전공과목","sbjtCd":"PHRM422","subTheoTotalPnt":null,"mjCd":"DS03013021001","sy61shtmRcomYn":"","sy22shtmRcomYn":"","mjCdNm":"약학전공(과)","sustLsnFg":"U0208004","sy52shtmRcomYn":"","sy21shtmRcomYn":"","sbjtChgFgNm":"변경","abeekDgnPntCnt":null,"sbjtKorNm":"생약학2","sy41shtmRcomYn":"","genrl1stgNeceGrp":"","abeekGrpChoice":"","abeekSubmattFg":"","theoFgNm":"이론","abeekDetaSubmattFgNm":"","sy32shtmRcomYn":"","openTm":3.0,"pnt":3.0,"sbjtId":"20130440","abeekChoiceSbjtCnt":null,"corsYy":"2016","subInspTotalPnt":null,"abeekGrpNm":"","rowStatus":1,"theoFg":"U0210001","curiNo":"2016106216"},{"submattFg":"U0209001","stgNeceGrpNm":"","sideTotalPnt":2.0,"sbjtChgFg":"U0212002","subDgnTotalPnt":null,"sy62shtmRcomYn":"","abeekSubmattFgNm":"","sustLsnFgNm":"전필","sy12shtmRcomYn":"","sy42shtmRcomYn":"","abeekInspPracPntCnt":null,"genrl1stgNeceSbjtCnt":null,"abeekSustLsnFg":"","abeekDetaSubmattFg":"","sy51shtmRcomYn":"","abeekSustLsnFgNm":"","sy11shtmRcomYn":"","abeekTheoPntCnt":null,"sy31shtmRcomYn":"","submattFgNm":"전공과목","sbjtCd":"PHRM423","subTheoTotalPnt":null,"mjCd":"DS03013021001","sy61shtmRcomYn":"","sy22shtmRcomYn":"","mjCdNm":"약학전공(과)","sustLsnFg":"U0208004","sy52shtmRcomYn":"","sy21shtmRcomYn":"","sbjtChgFgNm":"변경","abeekDgnPntCnt":null,"sbjtKorNm":"약동학","sy41shtmRcomYn":"○","genrl1stgNeceGrp":"","abeekGrpChoice":"","abeekSubmattFg":"","theoFgNm":"이론","abeekDetaSubmattFgNm":"","sy32shtmRcomYn":"","openTm":2.0,"pnt":2.0,"sbjtId":"20100313","abeekChoiceSbjtCnt":null,"corsYy":"2016","subInspTotalPnt":null,"abeekGrpNm":"","rowStatus":1,"theoFg":"U0210001","curiNo":"2016106214"},{"submattFg":"U0209001","stgNeceGrpNm":"","sideTotalPnt":3.0,"sbjtChgFg":"U0212002","subDgnTotalPnt":null,"sy62shtmRcomYn":"","abeekSubmattFgNm":"","sustLsnFgNm":"전필","sy12shtmRcomYn":"","sy42shtmRcomYn":"","abeekInspPracPntCnt":null,"genrl1stgNeceSbjtCnt":null,"abeekSustLsnFg":"","abeekDetaSubmattFg":"","sy51shtmRcomYn":"","abeekSustLsnFgNm":"","sy11shtmRcomYn":"","abeekTheoPntCnt":null,"sy31shtmRcomYn":"","submattFgNm":"전공과목","sbjtCd":"PHRM424","subTheoTotalPnt":null,"mjCd":"DS03013021001","sy61shtmRcomYn":"","sy22shtmRcomYn":"","mjCdNm":"약학전공(과)","sustLsnFg":"U0208004","sy52shtmRcomYn":"","sy21shtmRcomYn":"","sbjtChgFgNm":"변경","abeekDgnPntCnt":null,"sbjtKorNm":"약물학1","sy41shtmRcomYn":"○","genrl1stgNeceGrp":"","abeekGrpChoice":"","abeekSubmattFg":"","theoFgNm":"이론","abeekDetaSubmattFgNm":"","sy32shtmRcomYn":"","openTm":3.0,"pnt":3.0,"sbjtId":"20100310","abeekChoiceSbjtCnt":null,"corsYy":"2016","subInspTotalPnt":null,"abeekGrpNm":"","rowStatus":1,"theoFg":"U0210001","curiNo":"2016106212"},{"submattFg":"U0209001","stgNeceGrpNm":"","sideTotalPnt":3.0,"sbjtChgFg":"U0212002","subDgnTotalPnt":null,"sy62shtmRcomYn":"","abeekSubmattFgNm":"","sustLsnFgNm":"전필","sy12shtmRcomYn":"","sy42shtmRcomYn":"○","abeekInspPracPntCnt":null,"genrl1stgNeceSbjtCnt":null,"abeekSustLsnFg":"","abeekDetaSubmattFg":"","sy51shtmRcomYn":"","abeekSustLsnFgNm":"","sy11shtmRcomYn":"","abeekTheoPntCnt":null,"sy31shtmRcomYn":"","submattFgNm":"전공과목","sbjtCd":"PHRM425","subTheoTotalPnt":null,"mjCd":"DS03013021001","sy61shtmRcomYn":"","sy22shtmRcomYn":"","mjCdNm":"약학전공(과)","sustLsnFg":"U0208004","sy52shtmRcomYn":"","sy21shtmRcomYn":"","sbjtChgFgNm":"변경","abeekDgnPntCnt":null,"sbjtKorNm":"약물학2","sy41shtmRcomYn":"","genrl1stgNeceGrp":"","abeekGrpChoice":"","abeekSubmattFg":"","theoFgNm":"이론","abeekDetaSubmattFgNm":"","sy32shtmRcomYn":"","openTm":3.0,"pnt":3.0,"sbjtId":"20100312","abeekChoiceSbjtCnt":null,"corsYy":"2016","subInspTotalPnt":null,"abeekGrpNm":"","rowStatus":1,"theoFg":"U0210001","curiNo":"2016106213"},{"submattFg":"U0209001","stgNeceGrpNm":"택E1","sideTotalPnt":2.0,"sbjtChgFg":"U0212002","subDgnTotalPnt":null,"sy62shtmRcomYn":"","abeekSubmattFgNm":"","sustLsnFgNm":"전필","sy12shtmRcomYn":"","sy42shtmRcomYn":"○","abeekInspPracPntCnt":null,"genrl1stgNeceSbjtCnt":1.0,"abeekSustLsnFg":"","abeekDetaSubmattFg":"","sy51shtmRcomYn":"","abeekSustLsnFgNm":"","sy11shtmRcomYn":"","abeekTheoPntCnt":null,"sy31shtmRcomYn":"","submattFgNm":"전공과목","sbjtCd":"PHRM426","subTheoTotalPnt":null,"mjCd":"DS03013021001","sy61shtmRcomYn":"","sy22shtmRcomYn":"","mjCdNm":"약학전공(과)","sustLsnFg":"U0208004","sy52shtmRcomYn":"","sy21shtmRcomYn":"","sbjtChgFgNm":"변경","abeekDgnPntCnt":null,"sbjtKorNm":"항생물질학","sy41shtmRcomYn":"","genrl1stgNeceGrp":"E","abeekGrpChoice":"","abeekSubmattFg":"","theoFgNm":"이론","abeekDetaSubmattFgNm":"","sy32shtmRcomYn":"","openTm":2.0,"pnt":2.0,"sbjtId":"20100345","abeekChoiceSbjtCnt":null,"corsYy":"2016","subInspTotalPnt":null,"abeekGrpNm":"","rowStatus":1,"theoFg":"U0210001","curiNo":"2016106215"},{"submattFg":"U0209001","stgNeceGrpNm":"택E1","sideTotalPnt":2.0,"sbjtChgFg":"","subDgnTotalPnt":null,"sy62shtmRcomYn":"","abeekSubmattFgNm":"","sustLsnFgNm":"전필","sy12shtmRcomYn":"","sy42shtmRcomYn":"○","abeekInspPracPntCnt":null,"genrl1stgNeceSbjtCnt":1.0,"abeekSustLsnFg":"","abeekDetaSubmattFg":"","sy51shtmRcomYn":"","abeekSustLsnFgNm":"","sy11shtmRcomYn":"","abeekTheoPntCnt":null,"sy31shtmRcomYn":"","submattFgNm":"전공과목","sbjtCd":"PHRM434","subTheoTotalPnt":null,"mjCd":"DS03013021001","sy61shtmRcomYn":"","sy22shtmRcomYn":"","mjCdNm":"약학전공(과)","sustLsnFg":"U0208004","sy52shtmRcomYn":"","sy21shtmRcomYn":"","sbjtChgFgNm":"","abeekDgnPntCnt":null,"sbjtKorNm":"제약공학","sy41shtmRcomYn":"","genrl1stgNeceGrp":"E","abeekGrpChoice":"","abeekSubmattFg":"","theoFgNm":"이론","abeekDetaSubmattFgNm":"","sy32shtmRcomYn":"","openTm":2.0,"pnt":2.0,"sbjtId":"20100489","abeekChoiceSbjtCnt":null,"corsYy":"2016","subInspTotalPnt":null,"abeekGrpNm":"","rowStatus":1,"theoFg":"U0210001","curiNo":"2016106255"},{"submattFg":"U0209001","stgNeceGrpNm":"","sideTotalPnt":3.0,"sbjtChgFg":"U0212002","subDgnTotalPnt":null,"sy62shtmRcomYn":"","abeekSubmattFgNm":"","sustLsnFgNm":"전필","sy12shtmRcomYn":"","sy42shtmRcomYn":"","abeekInspPracPntCnt":null,"genrl1stgNeceSbjtCnt":null,"abeekSustLsnFg":"","abeekDetaSubmattFg":"","sy51shtmRcomYn":"","abeekSustLsnFgNm":"","sy11shtmRcomYn":"","abeekTheoPntCnt":null,"sy31shtmRcomYn":"","submattFgNm":"전공과목","sbjtCd":"PHRM435","subTheoTotalPnt":null,"mjCd":"DS03013021001","sy61shtmRcomYn":"","sy22shtmRcomYn":"","mjCdNm":"약학전공(과)","sustLsnFg":"U0208004","sy52shtmRcomYn":"","sy21shtmRcomYn":"","sbjtChgFgNm":"변경","abeekDgnPntCnt":null,"sbjtKorNm":"약품제조학 2","sy41shtmRcomYn":"○","genrl1stgNeceGrp":"","abeekGrpChoice":"","abeekSubmattFg":"","theoFgNm":"이론","abeekDetaSubmattFgNm":"","sy32shtmRcomYn":"","openTm":3.0,"pnt":3.0,"sbjtId":"20100283","abeekChoiceSbjtCnt":null,"corsYy":"2016","subInspTotalPnt":null,"abeekGrpNm":"","rowStatus":1,"theoFg":"U0210001","curiNo":"2016106218"},{"submattFg":"U0209001","stgNeceGrpNm":"","sideTotalPnt":3.0,"sbjtChgFg":"U0212002","subDgnTotalPnt":null,"sy62shtmRcomYn":"","abeekSubmattFgNm":"","sustLsnFgNm":"전필","sy12shtmRcomYn":"","sy42shtmRcomYn":"○","abeekInspPracPntCnt":null,"genrl1stgNeceSbjtCnt":null,"abeekSustLsnFg":"","abeekDetaSubmattFg":"","sy51shtmRcomYn":"","abeekSustLsnFgNm":"","sy11shtmRcomYn":"","abeekTheoPntCnt":null,"sy31shtmRcomYn":"","submattFgNm":"전공과목","sbjtCd":"PHRM436","subTheoTotalPnt":null,"mjCd":"DS03013021001","sy61shtmRcomYn":"","sy22shtmRcomYn":"","mjCdNm":"약학전공(과)","sustLsnFg":"U0208004","sy52shtmRcomYn":"","sy21shtmRcomYn":"","sbjtChgFgNm":"변경","abeekDgnPntCnt":null,"sbjtKorNm":"약제학 1","sy41shtmRcomYn":"","genrl1stgNeceGrp":"","abeekGrpChoice":"","abeekSubmattFg":"","theoFgNm":"이론","abeekDetaSubmattFgNm":"","sy32shtmRcomYn":"","openTm":3.0,"pnt":3.0,"sbjtId":"20100300","abeekChoiceSbjtCnt":null,"corsYy":"2016","subInspTotalPnt":null,"abeekGrpNm":"","rowStatus":1,"theoFg":"U0210001","curiNo":"2016106217"},{"submattFg":"U0209001","stgNeceGrpNm":"","sideTotalPnt":3.0,"sbjtChgFg":"U0212002","subDgnTotalPnt":null,"sy62shtmRcomYn":"","abeekSubmattFgNm":"","sustLsnFgNm":"전필","sy12shtmRcomYn":"","sy42shtmRcomYn":"","abeekInspPracPntCnt":null,"genrl1stgNeceSbjtCnt":null,"abeekSustLsnFg":"","abeekDetaSubmattFg":"","sy51shtmRcomYn":"","abeekSustLsnFgNm":"","sy11shtmRcomYn":"","abeekTheoPntCnt":null,"sy31shtmRcomYn":"","submattFgNm":"전공과목","sbjtCd":"PHRM441","subTheoTotalPnt":null,"mjCd":"DS03013021001","sy61shtmRcomYn":"","sy22shtmRcomYn":"","mjCdNm":"약학전공(과)","sustLsnFg":"U0208004","sy52shtmRcomYn":"","sy21shtmRcomYn":"","sbjtChgFgNm":"변경","abeekDgnPntCnt":null,"sbjtKorNm":"병태생리학2","sy41shtmRcomYn":"○","genrl1stgNeceGrp":"","abeekGrpChoice":"","abeekSubmattFg":"","theoFgNm":"이론","abeekDetaSubmattFgNm":"","sy32shtmRcomYn":"","openTm":3.0,"pnt":3.0,"sbjtId":"20130437","abeekChoiceSbjtCnt":null,"corsYy":"2016","subInspTotalPnt":null,"abeekGrpNm":"","rowStatus":1,"theoFg":"U0210001","curiNo":"2016106220"},{"submattFg":"U0209001","stgNeceGrpNm":"","sideTotalPnt":3.0,"sbjtChgFg":"U0212002","subDgnTotalPnt":null,"sy62shtmRcomYn":"","abeekSubmattFgNm":"","sustLsnFgNm":"전필","sy12shtmRcomYn":"","sy42shtmRcomYn":"○","abeekInspPracPntCnt":null,"genrl1stgNeceSbjtCnt":null,"abeekSustLsnFg":"","abeekDetaSubmattFg":"","sy51shtmRcomYn":"","abeekSustLsnFgNm":"","sy11shtmRcomYn":"","abeekTheoPntCnt":null,"sy31shtmRcomYn":"","submattFgNm":"전공과목","sbjtCd":"PHRM442","subTheoTotalPnt":null,"mjCd":"DS03013021001","sy61shtmRcomYn":"","sy22shtmRcomYn":"","mjCdNm":"약학전공(과)","sustLsnFg":"U0208004","sy52shtmRcomYn":"","sy21shtmRcomYn":"","sbjtChgFgNm":"변경","abeekDgnPntCnt":null,"sbjtKorNm":"약물치료학1-소화기, 신장질환","sy41shtmRcomYn":"","genrl1stgNeceGrp":"","abeekGrpChoice":"","abeekSubmattFg":"","theoFgNm":"이론","abeekDetaSubmattFgNm":"","sy32shtmRcomYn":"","openTm":3.0,"pnt":3.0,"sbjtId":"20110640","abeekChoiceSbjtCnt":null,"corsYy":"2016","subInspTotalPnt":null,"abeekGrpNm":"","rowStatus":1,"theoFg":"U0210001","curiNo":"2016106223"},{"submattFg":"U0209001","stgNeceGrpNm":"택E1","sideTotalPnt":2.0,"sbjtChgFg":"U0212002","subDgnTotalPnt":null,"sy62shtmRcomYn":"","abeekSubmattFgNm":"","sustLsnFgNm":"전필","sy12shtmRcomYn":"","sy42shtmRcomYn":"○","abeekInspPracPntCnt":null,"genrl1stgNeceSbjtCnt":1.0,"abeekSustLsnFg":"","abeekDetaSubmattFg":"","sy51shtmRcomYn":"","abeekSustLsnFgNm":"","sy11shtmRcomYn":"","abeekTheoPntCnt":null,"sy31shtmRcomYn":"","submattFgNm":"전공과목","sbjtCd":"PHRM443","subTheoTotalPnt":null,"mjCd":"DS03013021001","sy61shtmRcomYn":"","sy22shtmRcomYn":"","mjCdNm":"약학전공(과)","sustLsnFg":"U0208004","sy52shtmRcomYn":"","sy21shtmRcomYn":"","sbjtChgFgNm":"변경","abeekDgnPntCnt":null,"sbjtKorNm":"약전","sy41shtmRcomYn":"","genrl1stgNeceGrp":"E","abeekGrpChoice":"","abeekSubmattFg":"","theoFgNm":"이론","abeekDetaSubmattFgNm":"","sy32shtmRcomYn":"","openTm":2.0,"pnt":2.0,"sbjtId":"20110632","abeekChoiceSbjtCnt":null,"corsYy":"2016","subInspTotalPnt":null,"abeekGrpNm":"","rowStatus":1,"theoFg":"U0210001","curiNo":"2016106221"},{"submattFg":"U0209001","stgNeceGrpNm":"","sideTotalPnt":2.0,"sbjtChgFg":"U0212002","subDgnTotalPnt":null,"sy62shtmRcomYn":"","abeekSubmattFgNm":"","sustLsnFgNm":"전필","sy12shtmRcomYn":"","sy42shtmRcomYn":"○","abeekInspPracPntCnt":null,"genrl1stgNeceSbjtCnt":null,"abeekSustLsnFg":"","abeekDetaSubmattFg":"","sy51shtmRcomYn":"","abeekSustLsnFgNm":"","sy11shtmRcomYn":"","abeekTheoPntCnt":null,"sy31shtmRcomYn":"","submattFgNm":"전공과목","sbjtCd":"PHRM444","subTheoTotalPnt":null,"mjCd":"DS03013021001","sy61shtmRcomYn":"","sy22shtmRcomYn":"","mjCdNm":"약학전공(과)","sustLsnFg":"U0208004","sy52shtmRcomYn":"","sy21shtmRcomYn":"","sbjtChgFgNm":"변경","abeekDgnPntCnt":null,"sbjtKorNm":"임상약동학","sy41shtmRcomYn":"","genrl1stgNeceGrp":"","abeekGrpChoice":"","abeekSubmattFg":"","theoFgNm":"이론","abeekDetaSubmattFgNm":"","sy32shtmRcomYn":"","openTm":2.0,"pnt":2.0,"sbjtId":"20100334","abeekChoiceSbjtCnt":null,"corsYy":"2016","subInspTotalPnt":null,"abeekGrpNm":"","rowStatus":1,"theoFg":"U0210001","curiNo":"2016106222"},{"submattFg":"U0209001","stgNeceGrpNm":"","sideTotalPnt":2.0,"sbjtChgFg":"U0212002","subDgnTotalPnt":null,"sy62shtmRcomYn":"","abeekSubmattFgNm":"","sustLsnFgNm":"전필","sy12shtmRcomYn":"","sy42shtmRcomYn":"","abeekInspPracPntCnt":null,"genrl1stgNeceSbjtCnt":null,"abeekSustLsnFg":"","abeekDetaSubmattFg":"","sy51shtmRcomYn":"","abeekSustLsnFgNm":"","sy11shtmRcomYn":"","abeekTheoPntCnt":null,"sy31shtmRcomYn":"","submattFgNm":"전공과목","sbjtCd":"PHRM445","subTheoTotalPnt":null,"mjCd":"DS03013021001","sy61shtmRcomYn":"","sy22shtmRcomYn":"","mjCdNm":"약학전공(과)","sustLsnFg":"U0208004","sy52shtmRcomYn":"","sy21shtmRcomYn":"","sbjtChgFgNm":"변경","abeekDgnPntCnt":null,"sbjtKorNm":"임상자료해석과 약료","sy41shtmRcomYn":"○","genrl1stgNeceGrp":"","abeekGrpChoice":"","abeekSubmattFg":"","theoFgNm":"이론","abeekDetaSubmattFgNm":"","sy32shtmRcomYn":"","openTm":2.0,"pnt":2.0,"sbjtId":"20100317","abeekChoiceSbjtCnt":null,"corsYy":"2016","subInspTotalPnt":null,"abeekGrpNm":"","rowStatus":1,"theoFg":"U0210001","curiNo":"2016106219"},{"submattFg":"U0209001","stgNeceGrpNm":"","sideTotalPnt":3.0,"sbjtChgFg":"U0212002","subDgnTotalPnt":null,"sy62shtmRcomYn":"","abeekSubmattFgNm":"","sustLsnFgNm":"전필","sy12shtmRcomYn":"","sy42shtmRcomYn":"","abeekInspPracPntCnt":null,"genrl1stgNeceSbjtCnt":null,"abeekSustLsnFg":"","abeekDetaSubmattFg":"","sy51shtmRcomYn":"","abeekSustLsnFgNm":"","sy11shtmRcomYn":"","abeekTheoPntCnt":null,"sy31shtmRcomYn":"","submattFgNm":"전공과목","sbjtCd":"PHRM451","subTheoTotalPnt":null,"mjCd":"DS03013021001","sy61shtmRcomYn":"","sy22shtmRcomYn":"","mjCdNm":"약학전공(과)","sustLsnFg":"U0208004","sy52shtmRcomYn":"","sy21shtmRcomYn":"","sbjtChgFgNm":"변경","abeekDgnPntCnt":null,"sbjtKorNm":"예방약학1","sy41shtmRcomYn":"○","genrl1stgNeceGrp":"","abeekGrpChoice":"","abeekSubmattFg":"","theoFgNm":"이론","abeekDetaSubmattFgNm":"","sy32shtmRcomYn":"","openTm":3.0,"pnt":3.0,"sbjtId":"20130459","abeekChoiceSbjtCnt":null,"corsYy":"2016","subInspTotalPnt":null,"abeekGrpNm":"","rowStatus":1,"theoFg":"U0210001","curiNo":"2016106225"},{"submattFg":"U0209001","stgNeceGrpNm":"","sideTotalPnt":3.0,"sbjtChgFg":"U0212002","subDgnTotalPnt":null,"sy62shtmRcomYn":"","abeekSubmattFgNm":"","sustLsnFgNm":"전필","sy12shtmRcomYn":"","sy42shtmRcomYn":"○","abeekInspPracPntCnt":null,"genrl1stgNeceSbjtCnt":null,"abeekSustLsnFg":"","abeekDetaSubmattFg":"","sy51shtmRcomYn":"","abeekSustLsnFgNm":"","sy11shtmRcomYn":"","abeekTheoPntCnt":null,"sy31shtmRcomYn":"","submattFgNm":"전공과목","sbjtCd":"PHRM452","subTheoTotalPnt":null,"mjCd":"DS03013021001","sy61shtmRcomYn":"","sy22shtmRcomYn":"","mjCdNm":"약학전공(과)","sustLsnFg":"U0208004","sy52shtmRcomYn":"","sy21shtmRcomYn":"","sbjtChgFgNm":"변경","abeekDgnPntCnt":null,"sbjtKorNm":"예방약학2","sy41shtmRcomYn":"","genrl1stgNeceGrp":"","abeekGrpChoice":"","abeekSubmattFg":"","theoFgNm":"이론","abeekDetaSubmattFgNm":"","sy32shtmRcomYn":"","openTm":3.0,"pnt":3.0,"sbjtId":"20130442","abeekChoiceSbjtCnt":null,"corsYy":"2016","subInspTotalPnt":null,"abeekGrpNm":"","rowStatus":1,"theoFg":"U0210001","curiNo":"2016106224"},{"submattFg":"U0209001","stgNeceGrpNm":"","sideTotalPnt":3.0,"sbjtChgFg":"","subDgnTotalPnt":null,"sy62shtmRcomYn":"○","abeekSubmattFgNm":"","sustLsnFgNm":"전필","sy12shtmRcomYn":"","sy42shtmRcomYn":"","abeekInspPracPntCnt":null,"genrl1stgNeceSbjtCnt":null,"abeekSustLsnFg":"","abeekDetaSubmattFg":"","sy51shtmRcomYn":"","abeekSustLsnFgNm":"","sy11shtmRcomYn":"","abeekTheoPntCnt":null,"sy31shtmRcomYn":"","submattFgNm":"전공과목","sbjtCd":"PHRM4929","subTheoTotalPnt":null,"mjCd":"DS03013021001","sy61shtmRcomYn":"","sy22shtmRcomYn":"","mjCdNm":"약학전공(과)","sustLsnFg":"U0208004","sy52shtmRcomYn":"","sy21shtmRcomYn":"","sbjtChgFgNm":"","abeekDgnPntCnt":null,"sbjtKorNm":"임상약학심화실무실습1","sy41shtmRcomYn":"","genrl1stgNeceGrp":"","abeekGrpChoice":"","abeekSubmattFg":"","theoFgNm":"실습","abeekDetaSubmattFgNm":"","sy32shtmRcomYn":"","openTm":10.0,"pnt":3.0,"sbjtId":"20120698","abeekChoiceSbjtCnt":null,"corsYy":"2016","subInspTotalPnt":null,"abeekGrpNm":"","rowStatus":1,"theoFg":"U0210002","curiNo":"2016106264"},{"submattFg":"U0209001","stgNeceGrpNm":"택G1","sideTotalPnt":2.0,"sbjtChgFg":"","subDgnTotalPnt":null,"sy62shtmRcomYn":"","abeekSubmattFgNm":"","sustLsnFgNm":"전필","sy12shtmRcomYn":"","sy42shtmRcomYn":"","abeekInspPracPntCnt":null,"genrl1stgNeceSbjtCnt":1.0,"abeekSustLsnFg":"","abeekDetaSubmattFg":"","sy51shtmRcomYn":"","abeekSustLsnFgNm":"","sy11shtmRcomYn":"","abeekTheoPntCnt":null,"sy31shtmRcomYn":"","submattFgNm":"전공과목","sbjtCd":"PHRM501","subTheoTotalPnt":null,"mjCd":"DS03013021001","sy61shtmRcomYn":"","sy22shtmRcomYn":"","mjCdNm":"약학전공(과)","sustLsnFg":"U0208004","sy52shtmRcomYn":"○","sy21shtmRcomYn":"","sbjtChgFgNm":"","abeekDgnPntCnt":null,"sbjtKorNm":"약학통계","sy41shtmRcomYn":"","genrl1stgNeceGrp":"G","abeekGrpChoice":"","abeekSubmattFg":"","theoFgNm":"이론","abeekDetaSubmattFgNm":"","sy32shtmRcomYn":"","openTm":2.0,"pnt":2.0,"sbjtId":"20100284","abeekChoiceSbjtCnt":null,"corsYy":"2016","subInspTotalPnt":null,"abeekGrpNm":"","rowStatus":1,"theoFg":"U0210001","curiNo":"2016106266"},{"submattFg":"U0209001","stgNeceGrpNm":"택I1","sideTotalPnt":2.0,"sbjtChgFg":"","subDgnTotalPnt":null,"sy62shtmRcomYn":"","abeekSubmattFgNm":"","sustLsnFgNm":"전필","sy12shtmRcomYn":"","sy42shtmRcomYn":"","abeekInspPracPntCnt":null,"genrl1stgNeceSbjtCnt":1.0,"abeekSustLsnFg":"","abeekDetaSubmattFg":"","sy51shtmRcomYn":"","abeekSustLsnFgNm":"","sy11shtmRcomYn":"","abeekTheoPntCnt":null,"sy31shtmRcomYn":"","submattFgNm":"전공과목","sbjtCd":"PHRM502","subTheoTotalPnt":null,"mjCd":"DS03013021001","sy61shtmRcomYn":"","sy22shtmRcomYn":"","mjCdNm":"약학전공(과)","sustLsnFg":"U0208004","sy52shtmRcomYn":"○","sy21shtmRcomYn":"","sbjtChgFgNm":"","abeekDgnPntCnt":null,"sbjtKorNm":"생명약학연구2(캡스톤디자인)","sy41shtmRcomYn":"","genrl1stgNeceGrp":"I","abeekGrpChoice":"","abeekSubmattFg":"","theoFgNm":"실습+설계","abeekDetaSubmattFgNm":"","sy32shtmRcomYn":"","openTm":4.0,"pnt":2.0,"sbjtId":"20150313","abeekChoiceSbjtCnt":null,"corsYy":"2016","subInspTotalPnt":null,"abeekGrpNm":"","rowStatus":1,"theoFg":"U0210004","curiNo":"2016106267"},{"submattFg":"U0209001","stgNeceGrpNm":"택I1","sideTotalPnt":2.0,"sbjtChgFg":"","subDgnTotalPnt":null,"sy62shtmRcomYn":"","abeekSubmattFgNm":"","sustLsnFgNm":"전필","sy12shtmRcomYn":"","sy42shtmRcomYn":"","abeekInspPracPntCnt":null,"genrl1stgNeceSbjtCnt":1.0,"abeekSustLsnFg":"","abeekDetaSubmattFg":"","sy51shtmRcomYn":"","abeekSustLsnFgNm":"","sy11shtmRcomYn":"","abeekTheoPntCnt":null,"sy31shtmRcomYn":"","submattFgNm":"전공과목","sbjtCd":"PHRM503","subTheoTotalPnt":null,"mjCd":"DS03013021001","sy61shtmRcomYn":"","sy22shtmRcomYn":"","mjCdNm":"약학전공(과)","sustLsnFg":"U0208004","sy52shtmRcomYn":"○","sy21shtmRcomYn":"","sbjtChgFgNm":"","abeekDgnPntCnt":null,"sbjtKorNm":"산업약학연구2(캡스톤디자인)","sy41shtmRcomYn":"","genrl1stgNeceGrp":"I","abeekGrpChoice":"","abeekSubmattFg":"","theoFgNm":"실습+설계","abeekDetaSubmattFgNm":"","sy32shtmRcomYn":"","openTm":4.0,"pnt":2.0,"sbjtId":"20150314","abeekChoiceSbjtCnt":null,"corsYy":"2016","subInspTotalPnt":null,"abeekGrpNm":"","rowStatus":1,"theoFg":"U0210004","curiNo":"2016106268"},{"submattFg":"U0209001","stgNeceGrpNm":"","sideTotalPnt":3.0,"sbjtChgFg":"U0212002","subDgnTotalPnt":null,"sy62shtmRcomYn":"","abeekSubmattFgNm":"","sustLsnFgNm":"전필","sy12shtmRcomYn":"","sy42shtmRcomYn":"","abeekInspPracPntCnt":null,"genrl1stgNeceSbjtCnt":null,"abeekSustLsnFg":"","abeekDetaSubmattFg":"","sy51shtmRcomYn":"","abeekSustLsnFgNm":"","sy11shtmRcomYn":"","abeekTheoPntCnt":null,"sy31shtmRcomYn":"","submattFgNm":"전공과목","sbjtCd":"PHRM505","subTheoTotalPnt":null,"mjCd":"DS03013021001","sy61shtmRcomYn":"","sy22shtmRcomYn":"","mjCdNm":"약학전공(과)","sustLsnFg":"U0208004","sy52shtmRcomYn":"○","sy21shtmRcomYn":"","sbjtChgFgNm":"변경","abeekDgnPntCnt":null,"sbjtKorNm":"보건의약법규 및 윤리","sy41shtmRcomYn":"","genrl1stgNeceGrp":"","abeekGrpChoice":"","abeekSubmattFg":"","theoFgNm":"이론","abeekDetaSubmattFgNm":"","sy32shtmRcomYn":"","openTm":3.0,"pnt":3.0,"sbjtId":"20100327","abeekChoiceSbjtCnt":null,"corsYy":"2016","subInspTotalPnt":null,"abeekGrpNm":"","rowStatus":1,"theoFg":"U0210001","curiNo":"2016106226"},{"submattFg":"U0209001","stgNeceGrpNm":"택F1","sideTotalPnt":2.0,"sbjtChgFg":"U0212002","subDgnTotalPnt":null,"sy62shtmRcomYn":"","abeekSubmattFgNm":"","sustLsnFgNm":"전필","sy12shtmRcomYn":"","sy42shtmRcomYn":"","abeekInspPracPntCnt":null,"genrl1stgNeceSbjtCnt":1.0,"abeekSustLsnFg":"","abeekDetaSubmattFg":"","sy51shtmRcomYn":"○","abeekSustLsnFgNm":"","sy11shtmRcomYn":"","abeekTheoPntCnt":null,"sy31shtmRcomYn":"","submattFgNm":"전공과목","sbjtCd":"PHRM506","subTheoTotalPnt":null,"mjCd":"DS03013021001","sy61shtmRcomYn":"","sy22shtmRcomYn":"","mjCdNm":"약학전공(과)","sustLsnFg":"U0208004","sy52shtmRcomYn":"","sy21shtmRcomYn":"","sbjtChgFgNm":"변경","abeekDgnPntCnt":null,"sbjtKorNm":"산업약학연구1","sy41shtmRcomYn":"","genrl1stgNeceGrp":"F","abeekGrpChoice":"","abeekSubmattFg":"","theoFgNm":"실습+설계","abeekDetaSubmattFgNm":"","sy32shtmRcomYn":"","openTm":4.0,"pnt":2.0,"sbjtId":"20130448","abeekChoiceSbjtCnt":null,"corsYy":"2016","subInspTotalPnt":null,"abeekGrpNm":"","rowStatus":1,"theoFg":"U0210004","curiNo":"2016106229"},{"submattFg":"U0209001","stgNeceGrpNm":"택F1","sideTotalPnt":2.0,"sbjtChgFg":"U0212002","subDgnTotalPnt":null,"sy62shtmRcomYn":"","abeekSubmattFgNm":"","sustLsnFgNm":"전필","sy12shtmRcomYn":"","sy42shtmRcomYn":"","abeekInspPracPntCnt":null,"genrl1stgNeceSbjtCnt":1.0,"abeekSustLsnFg":"","abeekDetaSubmattFg":"","sy51shtmRcomYn":"○","abeekSustLsnFgNm":"","sy11shtmRcomYn":"","abeekTheoPntCnt":null,"sy31shtmRcomYn":"","submattFgNm":"전공과목","sbjtCd":"PHRM507","subTheoTotalPnt":null,"mjCd":"DS03013021001","sy61shtmRcomYn":"","sy22shtmRcomYn":"","mjCdNm":"약학전공(과)","sustLsnFg":"U0208004","sy52shtmRcomYn":"","sy21shtmRcomYn":"","sbjtChgFgNm":"변경","abeekDgnPntCnt":null,"sbjtKorNm":"생명약학연구1","sy41shtmRcomYn":"","genrl1stgNeceGrp":"F","abeekGrpChoice":"","abeekSubmattFg":"","theoFgNm":"실습+설계","abeekDetaSubmattFgNm":"","sy32shtmRcomYn":"","openTm":4.0,"pnt":2.0,"sbjtId":"20130447","abeekChoiceSbjtCnt":null,"corsYy":"2016","subInspTotalPnt":null,"abeekGrpNm":"","rowStatus":1,"theoFg":"U0210004","curiNo":"2016106228"},{"submattFg":"U0209001","stgNeceGrpNm":"","sideTotalPnt":3.0,"sbjtChgFg":"","subDgnTotalPnt":null,"sy62shtmRcomYn":"","abeekSubmattFgNm":"","sustLsnFgNm":"전필","sy12shtmRcomYn":"","sy42shtmRcomYn":"","abeekInspPracPntCnt":null,"genrl1stgNeceSbjtCnt":null,"abeekSustLsnFg":"","abeekDetaSubmattFg":"","sy51shtmRcomYn":"○","abeekSustLsnFgNm":"","sy11shtmRcomYn":"","abeekTheoPntCnt":null,"sy31shtmRcomYn":"","submattFgNm":"전공과목","sbjtCd":"PHRM531","subTheoTotalPnt":null,"mjCd":"DS03013021001","sy61shtmRcomYn":"","sy22shtmRcomYn":"","mjCdNm":"약학전공(과)","sustLsnFg":"U0208004","sy52shtmRcomYn":"","sy21shtmRcomYn":"","sbjtChgFgNm":"","abeekDgnPntCnt":null,"sbjtKorNm":"생물약제학","sy41shtmRcomYn":"","genrl1stgNeceGrp":"","abeekGrpChoice":"","abeekSubmattFg":"","theoFgNm":"이론","abeekDetaSubmattFgNm":"","sy32shtmRcomYn":"","openTm":3.0,"pnt":3.0,"sbjtId":"20140509","abeekChoiceSbjtCnt":null,"corsYy":"2016","subInspTotalPnt":null,"abeekGrpNm":"","rowStatus":1,"theoFg":"U0210001","curiNo":"2016106269"},{"submattFg":"U0209001","stgNeceGrpNm":"","sideTotalPnt":3.0,"sbjtChgFg":"U0212001","subDgnTotalPnt":null,"sy62shtmRcomYn":"","abeekSubmattFgNm":"","sustLsnFgNm":"전필","sy12shtmRcomYn":"","sy42shtmRcomYn":"","abeekInspPracPntCnt":null,"genrl1stgNeceSbjtCnt":null,"abeekSustLsnFg":"","abeekDetaSubmattFg":"","sy51shtmRcomYn":"","abeekSustLsnFgNm":"","sy11shtmRcomYn":"","abeekTheoPntCnt":null,"sy31shtmRcomYn":"","submattFgNm":"전공과목","sbjtCd":"PHRM532","subTheoTotalPnt":null,"mjCd":"DS03013021001","sy61shtmRcomYn":"","sy22shtmRcomYn":"","mjCdNm":"약학전공(과)","sustLsnFg":"U0208004","sy52shtmRcomYn":"○","sy21shtmRcomYn":"","sbjtChgFgNm":"신설","abeekDgnPntCnt":null,"sbjtKorNm":"무기의약품학","sy41shtmRcomYn":"","genrl1stgNeceGrp":"","abeekGrpChoice":"","abeekSubmattFg":"","theoFgNm":"","abeekDetaSubmattFgNm":"","sy32shtmRcomYn":"","openTm":3.0,"pnt":3.0,"sbjtId":"20150738","abeekChoiceSbjtCnt":null,"corsYy":"2016","subInspTotalPnt":null,"abeekGrpNm":"","rowStatus":1,"theoFg":"","curiNo":"2016107269"},{"submattFg":"U0209001","stgNeceGrpNm":"","sideTotalPnt":3.0,"sbjtChgFg":"U0212001","subDgnTotalPnt":null,"sy62shtmRcomYn":"","abeekSubmattFgNm":"","sustLsnFgNm":"전필","sy12shtmRcomYn":"","sy42shtmRcomYn":"","abeekInspPracPntCnt":null,"genrl1stgNeceSbjtCnt":null,"abeekSustLsnFg":"","abeekDetaSubmattFg":"","sy51shtmRcomYn":"","abeekSustLsnFgNm":"","sy11shtmRcomYn":"","abeekTheoPntCnt":null,"sy31shtmRcomYn":"","submattFgNm":"전공과목","sbjtCd":"PHRM533","subTheoTotalPnt":null,"mjCd":"DS03013021001","sy61shtmRcomYn":"","sy22shtmRcomYn":"","mjCdNm":"약학전공(과)","sustLsnFg":"U0208004","sy52shtmRcomYn":"○","sy21shtmRcomYn":"","sbjtChgFgNm":"신설","abeekDgnPntCnt":null,"sbjtKorNm":"나노의약학","sy41shtmRcomYn":"","genrl1stgNeceGrp":"","abeekGrpChoice":"","abeekSubmattFg":"","theoFgNm":"","abeekDetaSubmattFgNm":"","sy32shtmRcomYn":"","openTm":3.0,"pnt":3.0,"sbjtId":"20150739","abeekChoiceSbjtCnt":null,"corsYy":"2016","subInspTotalPnt":null,"abeekGrpNm":"","rowStatus":1,"theoFg":"","curiNo":"2016107270"},{"submattFg":"U0209001","stgNeceGrpNm":"","sideTotalPnt":3.0,"sbjtChgFg":"U0212002","subDgnTotalPnt":null,"sy62shtmRcomYn":"","abeekSubmattFgNm":"","sustLsnFgNm":"전필","sy12shtmRcomYn":"","sy42shtmRcomYn":"","abeekInspPracPntCnt":null,"genrl1stgNeceSbjtCnt":null,"abeekSustLsnFg":"","abeekDetaSubmattFg":"","sy51shtmRcomYn":"○","abeekSustLsnFgNm":"","sy11shtmRcomYn":"","abeekTheoPntCnt":null,"sy31shtmRcomYn":"","submattFgNm":"전공과목","sbjtCd":"PHRM534","subTheoTotalPnt":null,"mjCd":"DS03013021001","sy61shtmRcomYn":"","sy22shtmRcomYn":"","mjCdNm":"약학전공(과)","sustLsnFg":"U0208004","sy52shtmRcomYn":"","sy21shtmRcomYn":"","sbjtChgFgNm":"변경","abeekDgnPntCnt":null,"sbjtKorNm":"사회약학","sy41shtmRcomYn":"","genrl1stgNeceGrp":"","abeekGrpChoice":"","abeekSubmattFg":"","theoFgNm":"이론","abeekDetaSubmattFgNm":"","sy32shtmRcomYn":"","openTm":3.0,"pnt":3.0,"sbjtId":"20130462","abeekChoiceSbjtCnt":null,"corsYy":"2016","subInspTotalPnt":null,"abeekGrpNm":"","rowStatus":1,"theoFg":"U0210001","curiNo":"2016106240"},{"submattFg":"U0209001","stgNeceGrpNm":"","sideTotalPnt":3.0,"sbjtChgFg":"U0212002","subDgnTotalPnt":null,"sy62shtmRcomYn":"","abeekSubmattFgNm":"","sustLsnFgNm":"전필","sy12shtmRcomYn":"","sy42shtmRcomYn":"","abeekInspPracPntCnt":null,"genrl1stgNeceSbjtCnt":null,"abeekSustLsnFg":"","abeekDetaSubmattFg":"","sy51shtmRcomYn":"○","abeekSustLsnFgNm":"","sy11shtmRcomYn":"","abeekTheoPntCnt":null,"sy31shtmRcomYn":"","submattFgNm":"전공과목","sbjtCd":"PHRM535","subTheoTotalPnt":null,"mjCd":"DS03013021001","sy61shtmRcomYn":"","sy22shtmRcomYn":"","mjCdNm":"약학전공(과)","sustLsnFg":"U0208004","sy52shtmRcomYn":"","sy21shtmRcomYn":"","sbjtChgFgNm":"변경","abeekDgnPntCnt":null,"sbjtKorNm":"산업약학","sy41shtmRcomYn":"","genrl1stgNeceGrp":"","abeekGrpChoice":"","abeekSubmattFg":"","theoFgNm":"이론","abeekDetaSubmattFgNm":"","sy32shtmRcomYn":"","openTm":3.0,"pnt":3.0,"sbjtId":"20100325","abeekChoiceSbjtCnt":null,"corsYy":"2016","subInspTotalPnt":null,"abeekGrpNm":"","rowStatus":1,"theoFg":"U0210001","curiNo":"2016106236"},{"submattFg":"U0209001","stgNeceGrpNm":"","sideTotalPnt":3.0,"sbjtChgFg":"U0212002","subDgnTotalPnt":null,"sy62shtmRcomYn":"","abeekSubmattFgNm":"","sustLsnFgNm":"전필","sy12shtmRcomYn":"","sy42shtmRcomYn":"","abeekInspPracPntCnt":null,"genrl1stgNeceSbjtCnt":null,"abeekSustLsnFg":"","abeekDetaSubmattFg":"","sy51shtmRcomYn":"","abeekSustLsnFgNm":"","sy11shtmRcomYn":"","abeekTheoPntCnt":null,"sy31shtmRcomYn":"","submattFgNm":"전공과목","sbjtCd":"PHRM536","subTheoTotalPnt":null,"mjCd":"DS03013021001","sy61shtmRcomYn":"","sy22shtmRcomYn":"","mjCdNm":"약학전공(과)","sustLsnFg":"U0208004","sy52shtmRcomYn":"○","sy21shtmRcomYn":"","sbjtChgFgNm":"변경","abeekDgnPntCnt":null,"sbjtKorNm":"신약개발론","sy41shtmRcomYn":"","genrl1stgNeceGrp":"","abeekGrpChoice":"","abeekSubmattFg":"","theoFgNm":"이론","abeekDetaSubmattFgNm":"","sy32shtmRcomYn":"","openTm":3.0,"pnt":3.0,"sbjtId":"20100297","abeekChoiceSbjtCnt":null,"corsYy":"2016","subInspTotalPnt":null,"abeekGrpNm":"","rowStatus":1,"theoFg":"U0210001","curiNo":"2016106238"},{"submattFg":"U0209001","stgNeceGrpNm":"택H1","sideTotalPnt":2.0,"sbjtChgFg":"U0212002","subDgnTotalPnt":null,"sy62shtmRcomYn":"","abeekSubmattFgNm":"","sustLsnFgNm":"전필","sy12shtmRcomYn":"","sy42shtmRcomYn":"","abeekInspPracPntCnt":null,"genrl1stgNeceSbjtCnt":1.0,"abeekSustLsnFg":"","abeekDetaSubmattFg":"","sy51shtmRcomYn":"","abeekSustLsnFgNm":"","sy11shtmRcomYn":"","abeekTheoPntCnt":null,"sy31shtmRcomYn":"","submattFgNm":"전공과목","sbjtCd":"PHRM537","subTheoTotalPnt":null,"mjCd":"DS03013021001","sy61shtmRcomYn":"","sy22shtmRcomYn":"","mjCdNm":"약학전공(과)","sustLsnFg":"U0208004","sy52shtmRcomYn":"○","sy21shtmRcomYn":"","sbjtChgFgNm":"변경","abeekDgnPntCnt":null,"sbjtKorNm":"임상약리학","sy41shtmRcomYn":"","genrl1stgNeceGrp":"H","abeekGrpChoice":"","abeekSubmattFg":"","theoFgNm":"이론","abeekDetaSubmattFgNm":"","sy32shtmRcomYn":"","openTm":2.0,"pnt":2.0,"sbjtId":"20100339","abeekChoiceSbjtCnt":null,"corsYy":"2016","subInspTotalPnt":null,"abeekGrpNm":"","rowStatus":1,"theoFg":"U0210001","curiNo":"2016106242"},{"submattFg":"U0209001","stgNeceGrpNm":"택G1","sideTotalPnt":2.0,"sbjtChgFg":"U0212002","subDgnTotalPnt":null,"sy62shtmRcomYn":"","abeekSubmattFgNm":"","sustLsnFgNm":"전필","sy12shtmRcomYn":"","sy42shtmRcomYn":"","abeekInspPracPntCnt":null,"genrl1stgNeceSbjtCnt":1.0,"abeekSustLsnFg":"","abeekDetaSubmattFg":"","sy51shtmRcomYn":"","abeekSustLsnFgNm":"","sy11shtmRcomYn":"","abeekTheoPntCnt":null,"sy31shtmRcomYn":"","submattFgNm":"전공과목","sbjtCd":"PHRM538","subTheoTotalPnt":null,"mjCd":"DS03013021001","sy61shtmRcomYn":"","sy22shtmRcomYn":"","mjCdNm":"약학전공(과)","sustLsnFg":"U0208004","sy52shtmRcomYn":"○","sy21shtmRcomYn":"","sbjtChgFgNm":"변경","abeekDgnPntCnt":null,"sbjtKorNm":"약물전달시스템","sy41shtmRcomYn":"","genrl1stgNeceGrp":"G","abeekGrpChoice":"","abeekSubmattFg":"","theoFgNm":"이론","abeekDetaSubmattFgNm":"","sy32shtmRcomYn":"","openTm":2.0,"pnt":2.0,"sbjtId":"20130451","abeekChoiceSbjtCnt":null,"corsYy":"2016","subInspTotalPnt":null,"abeekGrpNm":"","rowStatus":1,"theoFg":"U0210001","curiNo":"2016106239"},{"submattFg":"U0209001","stgNeceGrpNm":"","sideTotalPnt":3.0,"sbjtChgFg":"U0212002","subDgnTotalPnt":null,"sy62shtmRcomYn":"","abeekSubmattFgNm":"","sustLsnFgNm":"전필","sy12shtmRcomYn":"","sy42shtmRcomYn":"","abeekInspPracPntCnt":null,"genrl1stgNeceSbjtCnt":null,"abeekSustLsnFg":"","abeekDetaSubmattFg":"","sy51shtmRcomYn":"○","abeekSustLsnFgNm":"","sy11shtmRcomYn":"","abeekTheoPntCnt":null,"sy31shtmRcomYn":"","submattFgNm":"전공과목","sbjtCd":"PHRM539","subTheoTotalPnt":null,"mjCd":"DS03013021001","sy61shtmRcomYn":"","sy22shtmRcomYn":"","mjCdNm":"약학전공(과)","sustLsnFg":"U0208004","sy52shtmRcomYn":"","sy21shtmRcomYn":"","sbjtChgFgNm":"변경","abeekDgnPntCnt":null,"sbjtKorNm":"약제학 2","sy41shtmRcomYn":"","genrl1stgNeceGrp":"","abeekGrpChoice":"","abeekSubmattFg":"","theoFgNm":"이론","abeekDetaSubmattFgNm":"","sy32shtmRcomYn":"","openTm":3.0,"pnt":3.0,"sbjtId":"20100301","abeekChoiceSbjtCnt":null,"corsYy":"2016","subInspTotalPnt":null,"abeekGrpNm":"","rowStatus":1,"theoFg":"U0210001","curiNo":"2016106237"},{"submattFg":"U0209001","stgNeceGrpNm":"","sideTotalPnt":3.0,"sbjtChgFg":"U0212002","subDgnTotalPnt":null,"sy62shtmRcomYn":"","abeekSubmattFgNm":"","sustLsnFgNm":"전필","sy12shtmRcomYn":"","sy42shtmRcomYn":"","abeekInspPracPntCnt":null,"genrl1stgNeceSbjtCnt":null,"abeekSustLsnFg":"","abeekDetaSubmattFg":"","sy51shtmRcomYn":"○","abeekSustLsnFgNm":"","sy11shtmRcomYn":"","abeekTheoPntCnt":null,"sy31shtmRcomYn":"","submattFgNm":"전공과목","sbjtCd":"PHRM541","subTheoTotalPnt":null,"mjCd":"DS03013021001","sy61shtmRcomYn":"","sy22shtmRcomYn":"","mjCdNm":"약학전공(과)","sustLsnFg":"U0208004","sy52shtmRcomYn":"","sy21shtmRcomYn":"","sbjtChgFgNm":"변경","abeekDgnPntCnt":null,"sbjtKorNm":"약물치료학2-순환기, 내분비질환","sy41shtmRcomYn":"","genrl1stgNeceGrp":"","abeekGrpChoice":"","abeekSubmattFg":"","theoFgNm":"이론","abeekDetaSubmattFgNm":"","sy32shtmRcomYn":"","openTm":3.0,"pnt":3.0,"sbjtId":"20110635","abeekChoiceSbjtCnt":null,"corsYy":"2016","subInspTotalPnt":null,"abeekGrpNm":"","rowStatus":1,"theoFg":"U0210001","curiNo":"2016106248"},{"submattFg":"U0209001","stgNeceGrpNm":"","sideTotalPnt":2.0,"sbjtChgFg":"U0212002","subDgnTotalPnt":null,"sy62shtmRcomYn":"","abeekSubmattFgNm":"","sustLsnFgNm":"전필","sy12shtmRcomYn":"","sy42shtmRcomYn":"","abeekInspPracPntCnt":null,"genrl1stgNeceSbjtCnt":null,"abeekSustLsnFg":"","abeekDetaSubmattFg":"","sy51shtmRcomYn":"○","abeekSustLsnFgNm":"","sy11shtmRcomYn":"","abeekTheoPntCnt":null,"sy31shtmRcomYn":"","submattFgNm":"전공과목","sbjtCd":"PHRM542","subTheoTotalPnt":null,"mjCd":"DS03013021001","sy61shtmRcomYn":"","sy22shtmRcomYn":"","mjCdNm":"약학전공(과)","sustLsnFg":"U0208004","sy52shtmRcomYn":"","sy21shtmRcomYn":"","sbjtChgFgNm":"변경","abeekDgnPntCnt":null,"sbjtKorNm":"약물치료학3-감염질환","sy41shtmRcomYn":"","genrl1stgNeceGrp":"","abeekGrpChoice":"","abeekSubmattFg":"","theoFgNm":"이론","abeekDetaSubmattFgNm":"","sy32shtmRcomYn":"","openTm":2.0,"pnt":2.0,"sbjtId":"20110624","abeekChoiceSbjtCnt":null,"corsYy":"2016","subInspTotalPnt":null,"abeekGrpNm":"","rowStatus":1,"theoFg":"U0210001","curiNo":"2016106245"},{"submattFg":"U0209001","stgNeceGrpNm":"","sideTotalPnt":2.0,"sbjtChgFg":"U0212002","subDgnTotalPnt":null,"sy62shtmRcomYn":"","abeekSubmattFgNm":"","sustLsnFgNm":"전필","sy12shtmRcomYn":"","sy42shtmRcomYn":"","abeekInspPracPntCnt":null,"genrl1stgNeceSbjtCnt":null,"abeekSustLsnFg":"","abeekDetaSubmattFg":"","sy51shtmRcomYn":"○","abeekSustLsnFgNm":"","sy11shtmRcomYn":"","abeekTheoPntCnt":null,"sy31shtmRcomYn":"","submattFgNm":"전공과목","sbjtCd":"PHRM543","subTheoTotalPnt":null,"mjCd":"DS03013021001","sy61shtmRcomYn":"","sy22shtmRcomYn":"","mjCdNm":"약학전공(과)","sustLsnFg":"U0208004","sy52shtmRcomYn":"","sy21shtmRcomYn":"","sbjtChgFgNm":"변경","abeekDgnPntCnt":null,"sbjtKorNm":"약물치료학4-호흡기, 근골격질환","sy41shtmRcomYn":"","genrl1stgNeceGrp":"","abeekGrpChoice":"","abeekSubmattFg":"","theoFgNm":"이론","abeekDetaSubmattFgNm":"","sy32shtmRcomYn":"","openTm":2.0,"pnt":2.0,"sbjtId":"20110630","abeekChoiceSbjtCnt":null,"corsYy":"2016","subInspTotalPnt":null,"abeekGrpNm":"","rowStatus":1,"theoFg":"U0210001","curiNo":"2016106246"},{"submattFg":"U0209001","stgNeceGrpNm":"","sideTotalPnt":2.0,"sbjtChgFg":"U0212002","subDgnTotalPnt":null,"sy62shtmRcomYn":"","abeekSubmattFgNm":"","sustLsnFgNm":"전필","sy12shtmRcomYn":"","sy42shtmRcomYn":"","abeekInspPracPntCnt":null,"genrl1stgNeceSbjtCnt":null,"abeekSustLsnFg":"","abeekDetaSubmattFg":"","sy51shtmRcomYn":"","abeekSustLsnFgNm":"","sy11shtmRcomYn":"","abeekTheoPntCnt":null,"sy31shtmRcomYn":"","submattFgNm":"전공과목","sbjtCd":"PHRM544","subTheoTotalPnt":null,"mjCd":"DS03013021001","sy61shtmRcomYn":"","sy22shtmRcomYn":"","mjCdNm":"약학전공(과)","sustLsnFg":"U0208004","sy52shtmRcomYn":"○","sy21shtmRcomYn":"","sbjtChgFgNm":"변경","abeekDgnPntCnt":null,"sbjtKorNm":"약물치료학5-신경, 정신 질환","sy41shtmRcomYn":"","genrl1stgNeceGrp":"","abeekGrpChoice":"","abeekSubmattFg":"","theoFgNm":"이론","abeekDetaSubmattFgNm":"","sy32shtmRcomYn":"","openTm":2.0,"pnt":2.0,"sbjtId":"20110614","abeekChoiceSbjtCnt":null,"corsYy":"2016","subInspTotalPnt":null,"abeekGrpNm":"","rowStatus":1,"theoFg":"U0210001","curiNo":"2016106244"},{"submattFg":"U0209001","stgNeceGrpNm":"","sideTotalPnt":3.0,"sbjtChgFg":"U0212002","subDgnTotalPnt":null,"sy62shtmRcomYn":"","abeekSubmattFgNm":"","sustLsnFgNm":"전필","sy12shtmRcomYn":"","sy42shtmRcomYn":"","abeekInspPracPntCnt":null,"genrl1stgNeceSbjtCnt":null,"abeekSustLsnFg":"","abeekDetaSubmattFg":"","sy51shtmRcomYn":"","abeekSustLsnFgNm":"","sy11shtmRcomYn":"","abeekTheoPntCnt":null,"sy31shtmRcomYn":"","submattFgNm":"전공과목","sbjtCd":"PHRM545","subTheoTotalPnt":null,"mjCd":"DS03013021001","sy61shtmRcomYn":"","sy22shtmRcomYn":"","mjCdNm":"약학전공(과)","sustLsnFg":"U0208004","sy52shtmRcomYn":"○","sy21shtmRcomYn":"","sbjtChgFgNm":"변경","abeekDgnPntCnt":null,"sbjtKorNm":"약물치료학6-항암약물요법","sy41shtmRcomYn":"","genrl1stgNeceGrp":"","abeekGrpChoice":"","abeekSubmattFg":"","theoFgNm":"이론","abeekDetaSubmattFgNm":"","sy32shtmRcomYn":"","openTm":3.0,"pnt":3.0,"sbjtId":"20110631","abeekChoiceSbjtCnt":null,"corsYy":"2016","subInspTotalPnt":null,"abeekGrpNm":"","rowStatus":1,"theoFg":"U0210001","curiNo":"2016106247"},{"submattFg":"U0209001","stgNeceGrpNm":"택G1","sideTotalPnt":2.0,"sbjtChgFg":"U0212002","subDgnTotalPnt":null,"sy62shtmRcomYn":"","abeekSubmattFgNm":"","sustLsnFgNm":"전필","sy12shtmRcomYn":"","sy42shtmRcomYn":"","abeekInspPracPntCnt":null,"genrl1stgNeceSbjtCnt":1.0,"abeekSustLsnFg":"","abeekDetaSubmattFg":"","sy51shtmRcomYn":"","abeekSustLsnFgNm":"","sy11shtmRcomYn":"","abeekTheoPntCnt":null,"sy31shtmRcomYn":"","submattFgNm":"전공과목","sbjtCd":"PHRM546","subTheoTotalPnt":null,"mjCd":"DS03013021001","sy61shtmRcomYn":"","sy22shtmRcomYn":"","mjCdNm":"약학전공(과)","sustLsnFg":"U0208004","sy52shtmRcomYn":"○","sy21shtmRcomYn":"","sbjtChgFgNm":"변경","abeekDgnPntCnt":null,"sbjtKorNm":"중환자약물치료학","sy41shtmRcomYn":"","genrl1stgNeceGrp":"G","abeekGrpChoice":"","abeekSubmattFg":"","theoFgNm":"이론","abeekDetaSubmattFgNm":"","sy32shtmRcomYn":"","openTm":2.0,"pnt":2.0,"sbjtId":"20100488","abeekChoiceSbjtCnt":null,"corsYy":"2016","subInspTotalPnt":null,"abeekGrpNm":"","rowStatus":1,"theoFg":"U0210001","curiNo":"2016106243"},{"submattFg":"U0209001","stgNeceGrpNm":"택H1","sideTotalPnt":2.0,"sbjtChgFg":"U0212002","subDgnTotalPnt":null,"sy62shtmRcomYn":"","abeekSubmattFgNm":"","sustLsnFgNm":"전필","sy12shtmRcomYn":"","sy42shtmRcomYn":"","abeekInspPracPntCnt":null,"genrl1stgNeceSbjtCnt":1.0,"abeekSustLsnFg":"","abeekDetaSubmattFg":"","sy51shtmRcomYn":"","abeekSustLsnFgNm":"","sy11shtmRcomYn":"","abeekTheoPntCnt":null,"sy31shtmRcomYn":"","submattFgNm":"전공과목","sbjtCd":"PHRM554","subTheoTotalPnt":null,"mjCd":"DS03013021001","sy61shtmRcomYn":"","sy22shtmRcomYn":"","mjCdNm":"약학전공(과)","sustLsnFg":"U0208004","sy52shtmRcomYn":"○","sy21shtmRcomYn":"","sbjtChgFgNm":"변경","abeekDgnPntCnt":null,"sbjtKorNm":"독성학","sy41shtmRcomYn":"","genrl1stgNeceGrp":"H","abeekGrpChoice":"","abeekSubmattFg":"","theoFgNm":"이론","abeekDetaSubmattFgNm":"","sy32shtmRcomYn":"","openTm":2.0,"pnt":2.0,"sbjtId":"20100316","abeekChoiceSbjtCnt":null,"corsYy":"2016","subInspTotalPnt":null,"abeekGrpNm":"","rowStatus":1,"theoFg":"U0210001","curiNo":"2016106250"},{"submattFg":"U0209001","stgNeceGrpNm":"","sideTotalPnt":2.0,"sbjtChgFg":"U0212002","subDgnTotalPnt":null,"sy62shtmRcomYn":"","abeekSubmattFgNm":"","sustLsnFgNm":"전필","sy12shtmRcomYn":"","sy42shtmRcomYn":"","abeekInspPracPntCnt":null,"genrl1stgNeceSbjtCnt":null,"abeekSustLsnFg":"","abeekDetaSubmattFg":"","sy51shtmRcomYn":"○","abeekSustLsnFgNm":"","sy11shtmRcomYn":"","abeekTheoPntCnt":null,"sy31shtmRcomYn":"","submattFgNm":"전공과목","sbjtCd":"PHRM591","subTheoTotalPnt":null,"mjCd":"DS03013021001","sy61shtmRcomYn":"","sy22shtmRcomYn":"","mjCdNm":"약학전공(과)","sustLsnFg":"U0208004","sy52shtmRcomYn":"","sy21shtmRcomYn":"","sbjtChgFgNm":"변경","abeekDgnPntCnt":null,"sbjtKorNm":"약료실무실습","sy41shtmRcomYn":"","genrl1stgNeceGrp":"","abeekGrpChoice":"","abeekSubmattFg":"","theoFgNm":"이론+실습","abeekDetaSubmattFgNm":"","sy32shtmRcomYn":"","openTm":4.0,"pnt":2.0,"sbjtId":"20110613","abeekChoiceSbjtCnt":null,"corsYy":"2016","subInspTotalPnt":null,"abeekGrpNm":"","rowStatus":1,"theoFg":"U0210005","curiNo":"2016106251"},{"submattFg":"U0209001","stgNeceGrpNm":"","sideTotalPnt":3.0,"sbjtChgFg":"U0212002","subDgnTotalPnt":null,"sy62shtmRcomYn":"","abeekSubmattFgNm":"","sustLsnFgNm":"전필","sy12shtmRcomYn":"","sy42shtmRcomYn":"","abeekInspPracPntCnt":null,"genrl1stgNeceSbjtCnt":null,"abeekSustLsnFg":"","abeekDetaSubmattFg":"","sy51shtmRcomYn":"","abeekSustLsnFgNm":"","sy11shtmRcomYn":"","abeekTheoPntCnt":null,"sy31shtmRcomYn":"","submattFgNm":"전공과목","sbjtCd":"PHRM6332","subTheoTotalPnt":null,"mjCd":"DS03013021001","sy61shtmRcomYn":"○","sy22shtmRcomYn":"","mjCdNm":"약학전공(과)","sustLsnFg":"U0208004","sy52shtmRcomYn":"","sy21shtmRcomYn":"","sbjtChgFgNm":"변경","abeekDgnPntCnt":null,"sbjtKorNm":"제약행정실무실습","sy41shtmRcomYn":"","genrl1stgNeceGrp":"","abeekGrpChoice":"","abeekSubmattFg":"","theoFgNm":"이론+실습","abeekDetaSubmattFgNm":"","sy32shtmRcomYn":"","openTm":10.0,"pnt":3.0,"sbjtId":"20130452","abeekChoiceSbjtCnt":null,"corsYy":"2016","subInspTotalPnt":null,"abeekGrpNm":"","rowStatus":1,"theoFg":"U0210005","curiNo":"2016106252"},{"submattFg":"U0209001","stgNeceGrpNm":"택J1","sideTotalPnt":3.0,"sbjtChgFg":"U0212002","subDgnTotalPnt":null,"sy62shtmRcomYn":"○","abeekSubmattFgNm":"","sustLsnFgNm":"전필","sy12shtmRcomYn":"","sy42shtmRcomYn":"","abeekInspPracPntCnt":null,"genrl1stgNeceSbjtCnt":1.0,"abeekSustLsnFg":"","abeekDetaSubmattFg":"","sy51shtmRcomYn":"","abeekSustLsnFgNm":"","sy11shtmRcomYn":"","abeekTheoPntCnt":null,"sy31shtmRcomYn":"","submattFgNm":"전공과목","sbjtCd":"PHRM6333","subTheoTotalPnt":null,"mjCd":"DS03013021001","sy61shtmRcomYn":"","sy22shtmRcomYn":"","mjCdNm":"약학전공(과)","sustLsnFg":"U0208004","sy52shtmRcomYn":"","sy21shtmRcomYn":"","sbjtChgFgNm":"변경","abeekDgnPntCnt":null,"sbjtKorNm":"제약행정심화실무실습1","sy41shtmRcomYn":"","genrl1stgNeceGrp":"J","abeekGrpChoice":"","abeekSubmattFg":"","theoFgNm":"이론+실습","abeekDetaSubmattFgNm":"","sy32shtmRcomYn":"","openTm":10.0,"pnt":3.0,"sbjtId":"20130453","abeekChoiceSbjtCnt":null,"corsYy":"2016","subInspTotalPnt":null,"abeekGrpNm":"","rowStatus":1,"theoFg":"U0210005","curiNo":"2016106253"},{"submattFg":"U0209001","stgNeceGrpNm":"택K1","sideTotalPnt":3.0,"sbjtChgFg":"U0212002","subDgnTotalPnt":null,"sy62shtmRcomYn":"○","abeekSubmattFgNm":"","sustLsnFgNm":"전필","sy12shtmRcomYn":"","sy42shtmRcomYn":"","abeekInspPracPntCnt":null,"genrl1stgNeceSbjtCnt":1.0,"abeekSustLsnFg":"","abeekDetaSubmattFg":"","sy51shtmRcomYn":"","abeekSustLsnFgNm":"","sy11shtmRcomYn":"","abeekTheoPntCnt":null,"sy31shtmRcomYn":"","submattFgNm":"전공과목","sbjtCd":"PHRM6334","subTheoTotalPnt":null,"mjCd":"DS03013021001","sy61shtmRcomYn":"","sy22shtmRcomYn":"","mjCdNm":"약학전공(과)","sustLsnFg":"U0208004","sy52shtmRcomYn":"","sy21shtmRcomYn":"","sbjtChgFgNm":"변경","abeekDgnPntCnt":null,"sbjtKorNm":"제약행정심화실무실습2","sy41shtmRcomYn":"","genrl1stgNeceGrp":"K","abeekGrpChoice":"","abeekSubmattFg":"","theoFgNm":"이론+실습","abeekDetaSubmattFgNm":"","sy32shtmRcomYn":"","openTm":10.0,"pnt":3.0,"sbjtId":"20130454","abeekChoiceSbjtCnt":null,"corsYy":"2016","subInspTotalPnt":null,"abeekGrpNm":"","rowStatus":1,"theoFg":"U0210005","curiNo":"2016106254"},{"submattFg":"U0209001","stgNeceGrpNm":"","sideTotalPnt":3.0,"sbjtChgFg":"U0212002","subDgnTotalPnt":null,"sy62shtmRcomYn":"○","abeekSubmattFgNm":"","sustLsnFgNm":"전필","sy12shtmRcomYn":"","sy42shtmRcomYn":"","abeekInspPracPntCnt":null,"genrl1stgNeceSbjtCnt":null,"abeekSustLsnFg":"","abeekDetaSubmattFg":"","sy51shtmRcomYn":"","abeekSustLsnFgNm":"","sy11shtmRcomYn":"","abeekTheoPntCnt":null,"sy31shtmRcomYn":"","submattFgNm":"전공과목","sbjtCd":"PHRM691","subTheoTotalPnt":null,"mjCd":"DS03013021001","sy61shtmRcomYn":"","sy22shtmRcomYn":"","mjCdNm":"약학전공(과)","sustLsnFg":"U0208004","sy52shtmRcomYn":"","sy21shtmRcomYn":"","sbjtChgFgNm":"변경","abeekDgnPntCnt":null,"sbjtKorNm":"약학연구심화실무실습1","sy41shtmRcomYn":"","genrl1stgNeceGrp":"","abeekGrpChoice":"","abeekSubmattFg":"","theoFgNm":"이론+실습","abeekDetaSubmattFgNm":"","sy32shtmRcomYn":"","openTm":10.0,"pnt":3.0,"sbjtId":"20100503","abeekChoiceSbjtCnt":null,"corsYy":"2016","subInspTotalPnt":null,"abeekGrpNm":"","rowStatus":1,"theoFg":"U0210005","curiNo":"2016106256"},{"submattFg":"U0209001","stgNeceGrpNm":"","sideTotalPnt":3.0,"sbjtChgFg":"U0212002","subDgnTotalPnt":null,"sy62shtmRcomYn":"","abeekSubmattFgNm":"","sustLsnFgNm":"전필","sy12shtmRcomYn":"","sy42shtmRcomYn":"","abeekInspPracPntCnt":null,"genrl1stgNeceSbjtCnt":null,"abeekSustLsnFg":"","abeekDetaSubmattFg":"","sy51shtmRcomYn":"","abeekSustLsnFgNm":"","sy11shtmRcomYn":"","abeekTheoPntCnt":null,"sy31shtmRcomYn":"","submattFgNm":"전공과목","sbjtCd":"PHRM692","subTheoTotalPnt":null,"mjCd":"DS03013021001","sy61shtmRcomYn":"○","sy22shtmRcomYn":"","mjCdNm":"약학전공(과)","sustLsnFg":"U0208004","sy52shtmRcomYn":"","sy21shtmRcomYn":"","sbjtChgFgNm":"변경","abeekDgnPntCnt":null,"sbjtKorNm":"임상약학실무실습4","sy41shtmRcomYn":"","genrl1stgNeceGrp":"","abeekGrpChoice":"","abeekSubmattFg":"","theoFgNm":"실습","abeekDetaSubmattFgNm":"","sy32shtmRcomYn":"","openTm":10.0,"pnt":3.0,"sbjtId":"20110609","abeekChoiceSbjtCnt":null,"corsYy":"2016","subInspTotalPnt":null,"abeekGrpNm":"","rowStatus":1,"theoFg":"U0210002","curiNo":"2016106259"},{"submattFg":"U0209001","stgNeceGrpNm":"","sideTotalPnt":3.0,"sbjtChgFg":"U0212002","subDgnTotalPnt":null,"sy62shtmRcomYn":"","abeekSubmattFgNm":"","sustLsnFgNm":"전필","sy12shtmRcomYn":"","sy42shtmRcomYn":"","abeekInspPracPntCnt":null,"genrl1stgNeceSbjtCnt":null,"abeekSustLsnFg":"","abeekDetaSubmattFg":"","sy51shtmRcomYn":"","abeekSustLsnFgNm":"","sy11shtmRcomYn":"","abeekTheoPntCnt":null,"sy31shtmRcomYn":"","submattFgNm":"전공과목","sbjtCd":"PHRM693","subTheoTotalPnt":null,"mjCd":"DS03013021001","sy61shtmRcomYn":"○","sy22shtmRcomYn":"","mjCdNm":"약학전공(과)","sustLsnFg":"U0208004","sy52shtmRcomYn":"","sy21shtmRcomYn":"","sbjtChgFgNm":"변경","abeekDgnPntCnt":null,"sbjtKorNm":"임상약학실무실습3","sy41shtmRcomYn":"","genrl1stgNeceGrp":"","abeekGrpChoice":"","abeekSubmattFg":"","theoFgNm":"실습","abeekDetaSubmattFgNm":"","sy32shtmRcomYn":"","openTm":10.0,"pnt":3.0,"sbjtId":"20110616","abeekChoiceSbjtCnt":null,"corsYy":"2016","subInspTotalPnt":null,"abeekGrpNm":"","rowStatus":1,"theoFg":"U0210002","curiNo":"2016106262"},{"submattFg":"U0209001","stgNeceGrpNm":"","sideTotalPnt":4.0,"sbjtChgFg":"U0212002","subDgnTotalPnt":null,"sy62shtmRcomYn":"","abeekSubmattFgNm":"","sustLsnFgNm":"전필","sy12shtmRcomYn":"","sy42shtmRcomYn":"","abeekInspPracPntCnt":null,"genrl1stgNeceSbjtCnt":null,"abeekSustLsnFg":"","abeekDetaSubmattFg":"","sy51shtmRcomYn":"","abeekSustLsnFgNm":"","sy11shtmRcomYn":"","abeekTheoPntCnt":null,"sy31shtmRcomYn":"","submattFgNm":"전공과목","sbjtCd":"PHRM694","subTheoTotalPnt":null,"mjCd":"DS03013021001","sy61shtmRcomYn":"○","sy22shtmRcomYn":"","mjCdNm":"약학전공(과)","sustLsnFg":"U0208004","sy52shtmRcomYn":"","sy21shtmRcomYn":"","sbjtChgFgNm":"변경","abeekDgnPntCnt":null,"sbjtKorNm":"임상약학실무실습1","sy41shtmRcomYn":"","genrl1stgNeceGrp":"","abeekGrpChoice":"","abeekSubmattFg":"","theoFgNm":"실습","abeekDetaSubmattFgNm":"","sy32shtmRcomYn":"","openTm":12.0,"pnt":4.0,"sbjtId":"20110611","abeekChoiceSbjtCnt":null,"corsYy":"2016","subInspTotalPnt":null,"abeekGrpNm":"","rowStatus":1,"theoFg":"U0210002","curiNo":"2016106260"},{"submattFg":"U0209001","stgNeceGrpNm":"택J1","sideTotalPnt":3.0,"sbjtChgFg":"U0212002","subDgnTotalPnt":null,"sy62shtmRcomYn":"○","abeekSubmattFgNm":"","sustLsnFgNm":"전필","sy12shtmRcomYn":"","sy42shtmRcomYn":"","abeekInspPracPntCnt":null,"genrl1stgNeceSbjtCnt":1.0,"abeekSustLsnFg":"","abeekDetaSubmattFg":"","sy51shtmRcomYn":"","abeekSustLsnFgNm":"","sy11shtmRcomYn":"","abeekTheoPntCnt":null,"sy31shtmRcomYn":"","submattFgNm":"전공과목","sbjtCd":"PHRM695","subTheoTotalPnt":null,"mjCd":"DS03013021001","sy61shtmRcomYn":"","sy22shtmRcomYn":"","mjCdNm":"약학전공(과)","sustLsnFg":"U0208004","sy52shtmRcomYn":"","sy21shtmRcomYn":"","sbjtChgFgNm":"변경","abeekDgnPntCnt":null,"sbjtKorNm":"약학연구심화실무실습2","sy41shtmRcomYn":"","genrl1stgNeceGrp":"J","abeekGrpChoice":"","abeekSubmattFg":"","theoFgNm":"이론+실습","abeekDetaSubmattFgNm":"","sy32shtmRcomYn":"","openTm":10.0,"pnt":3.0,"sbjtId":"20100504","abeekChoiceSbjtCnt":null,"corsYy":"2016","subInspTotalPnt":null,"abeekGrpNm":"","rowStatus":1,"theoFg":"U0210005","curiNo":"2016106257"},{"submattFg":"U0209001","stgNeceGrpNm":"택K1","sideTotalPnt":3.0,"sbjtChgFg":"U0212002","subDgnTotalPnt":null,"sy62shtmRcomYn":"○","abeekSubmattFgNm":"","sustLsnFgNm":"전필","sy12shtmRcomYn":"","sy42shtmRcomYn":"","abeekInspPracPntCnt":null,"genrl1stgNeceSbjtCnt":1.0,"abeekSustLsnFg":"","abeekDetaSubmattFg":"","sy51shtmRcomYn":"","abeekSustLsnFgNm":"","sy11shtmRcomYn":"","abeekTheoPntCnt":null,"sy31shtmRcomYn":"","submattFgNm":"전공과목","sbjtCd":"PHRM696","subTheoTotalPnt":null,"mjCd":"DS03013021001","sy61shtmRcomYn":"","sy22shtmRcomYn":"","mjCdNm":"약학전공(과)","sustLsnFg":"U0208004","sy52shtmRcomYn":"","sy21shtmRcomYn":"","sbjtChgFgNm":"변경","abeekDgnPntCnt":null,"sbjtKorNm":"약학연구심화실무실습3","sy41shtmRcomYn":"","genrl1stgNeceGrp":"K","abeekGrpChoice":"","abeekSubmattFg":"","theoFgNm":"이론+실습","abeekDetaSubmattFgNm":"","sy32shtmRcomYn":"","openTm":10.0,"pnt":3.0,"sbjtId":"20100505","abeekChoiceSbjtCnt":null,"corsYy":"2016","subInspTotalPnt":null,"abeekGrpNm":"","rowStatus":1,"theoFg":"U0210005","curiNo":"2016106258"},{"submattFg":"U0209001","stgNeceGrpNm":"","sideTotalPnt":3.0,"sbjtChgFg":"U0212002","subDgnTotalPnt":null,"sy62shtmRcomYn":"","abeekSubmattFgNm":"","sustLsnFgNm":"전필","sy12shtmRcomYn":"","sy42shtmRcomYn":"","abeekInspPracPntCnt":null,"genrl1stgNeceSbjtCnt":null,"abeekSustLsnFg":"","abeekDetaSubmattFg":"","sy51shtmRcomYn":"","abeekSustLsnFgNm":"","sy11shtmRcomYn":"","abeekTheoPntCnt":null,"sy31shtmRcomYn":"","submattFgNm":"전공과목","sbjtCd":"PHRM697","subTheoTotalPnt":null,"mjCd":"DS03013021001","sy61shtmRcomYn":"○","sy22shtmRcomYn":"","mjCdNm":"약학전공(과)","sustLsnFg":"U0208004","sy52shtmRcomYn":"","sy21shtmRcomYn":"","sbjtChgFgNm":"변경","abeekDgnPntCnt":null,"sbjtKorNm":"임상약학실무실습2","sy41shtmRcomYn":"","genrl1stgNeceGrp":"","abeekGrpChoice":"","abeekSubmattFg":"","theoFgNm":"실습","abeekDetaSubmattFgNm":"","sy32shtmRcomYn":"","openTm":10.0,"pnt":3.0,"sbjtId":"20110615","abeekChoiceSbjtCnt":null,"corsYy":"2016","subInspTotalPnt":null,"abeekGrpNm":"","rowStatus":1,"theoFg":"U0210002","curiNo":"2016106261"},{"submattFg":"U0209001","stgNeceGrpNm":"택J1","sideTotalPnt":3.0,"sbjtChgFg":"U0212002","subDgnTotalPnt":null,"sy62shtmRcomYn":"○","abeekSubmattFgNm":"","sustLsnFgNm":"전필","sy12shtmRcomYn":"","sy42shtmRcomYn":"","abeekInspPracPntCnt":null,"genrl1stgNeceSbjtCnt":1.0,"abeekSustLsnFg":"","abeekDetaSubmattFg":"","sy51shtmRcomYn":"","abeekSustLsnFgNm":"","sy11shtmRcomYn":"","abeekTheoPntCnt":null,"sy31shtmRcomYn":"","submattFgNm":"전공과목","sbjtCd":"PHRM698","subTheoTotalPnt":null,"mjCd":"DS03013021001","sy61shtmRcomYn":"","sy22shtmRcomYn":"","mjCdNm":"약학전공(과)","sustLsnFg":"U0208004","sy52shtmRcomYn":"","sy21shtmRcomYn":"","sbjtChgFgNm":"변경","abeekDgnPntCnt":null,"sbjtKorNm":"임상약학심화실무실습2","sy41shtmRcomYn":"","genrl1stgNeceGrp":"J","abeekGrpChoice":"","abeekSubmattFg":"","theoFgNm":"실습","abeekDetaSubmattFgNm":"","sy32shtmRcomYn":"","openTm":10.0,"pnt":3.0,"sbjtId":"20120700","abeekChoiceSbjtCnt":null,"corsYy":"2016","subInspTotalPnt":null,"abeekGrpNm":"","rowStatus":1,"theoFg":"U0210002","curiNo":"2016106265"},{"submattFg":"U0209001","stgNeceGrpNm":"택K1","sideTotalPnt":3.0,"sbjtChgFg":"U0212002","subDgnTotalPnt":null,"sy62shtmRcomYn":"○","abeekSubmattFgNm":"","sustLsnFgNm":"전필","sy12shtmRcomYn":"","sy42shtmRcomYn":"","abeekInspPracPntCnt":null,"genrl1stgNeceSbjtCnt":1.0,"abeekSustLsnFg":"","abeekDetaSubmattFg":"","sy51shtmRcomYn":"","abeekSustLsnFgNm":"","sy11shtmRcomYn":"","abeekTheoPntCnt":null,"sy31shtmRcomYn":"","submattFgNm":"전공과목","sbjtCd":"PHRM699","subTheoTotalPnt":null,"mjCd":"DS03013021001","sy61shtmRcomYn":"","sy22shtmRcomYn":"","mjCdNm":"약학전공(과)","sustLsnFg":"U0208004","sy52shtmRcomYn":"","sy21shtmRcomYn":"","sbjtChgFgNm":"변경","abeekDgnPntCnt":null,"sbjtKorNm":"임상약학심화실무실습3","sy41shtmRcomYn":"","genrl1stgNeceGrp":"K","abeekGrpChoice":"","abeekSubmattFg":"","theoFgNm":"실습","abeekDetaSubmattFgNm":"","sy32shtmRcomYn":"","openTm":10.0,"pnt":3.0,"sbjtId":"20120697","abeekChoiceSbjtCnt":null,"corsYy":"2016","subInspTotalPnt":null,"abeekGrpNm":"","rowStatus":1,"theoFg":"U0210002","curiNo":"2016106263"},{"submattFg":"U0209001","stgNeceGrpNm":"택M1","sideTotalPnt":2.0,"sbjtChgFg":"U0212002","subDgnTotalPnt":null,"sy62shtmRcomYn":"","abeekSubmattFgNm":"","sustLsnFgNm":"전선","sy12shtmRcomYn":"","sy42shtmRcomYn":"","abeekInspPracPntCnt":null,"genrl1stgNeceSbjtCnt":1.0,"abeekSustLsnFg":"","abeekDetaSubmattFg":"","sy51shtmRcomYn":"","abeekSustLsnFgNm":"","sy11shtmRcomYn":"","abeekTheoPntCnt":null,"sy31shtmRcomYn":"","submattFgNm":"전공과목","sbjtCd":"PHRM504","subTheoTotalPnt":null,"mjCd":"DS03013021001","sy61shtmRcomYn":"","sy22shtmRcomYn":"","mjCdNm":"약학전공(과)","sustLsnFg":"U0208005","sy52shtmRcomYn":"○","sy21shtmRcomYn":"","sbjtChgFgNm":"변경","abeekDgnPntCnt":null,"sbjtKorNm":"임상시험과 성과연구","sy41shtmRcomYn":"","genrl1stgNeceGrp":"M","abeekGrpChoice":"","abeekSubmattFg":"","theoFgNm":"이론","abeekDetaSubmattFgNm":"","sy32shtmRcomYn":"","openTm":2.0,"pnt":2.0,"sbjtId":"20100329","abeekChoiceSbjtCnt":null,"corsYy":"2016","subInspTotalPnt":null,"abeekGrpNm":"","rowStatus":1,"theoFg":"U0210001","curiNo":"2016106227"},{"submattFg":"U0209001","stgNeceGrpNm":"택M1","sideTotalPnt":2.0,"sbjtChgFg":"U0212002","subDgnTotalPnt":null,"sy62shtmRcomYn":"","abeekSubmattFgNm":"","sustLsnFgNm":"전선","sy12shtmRcomYn":"","sy42shtmRcomYn":"","abeekInspPracPntCnt":null,"genrl1stgNeceSbjtCnt":1.0,"abeekSustLsnFg":"","abeekDetaSubmattFg":"","sy51shtmRcomYn":"","abeekSustLsnFgNm":"","sy11shtmRcomYn":"","abeekTheoPntCnt":null,"sy31shtmRcomYn":"","submattFgNm":"전공과목","sbjtCd":"PHRM511","subTheoTotalPnt":null,"mjCd":"DS03013021001","sy61shtmRcomYn":"","sy22shtmRcomYn":"","mjCdNm":"약학전공(과)","sustLsnFg":"U0208005","sy52shtmRcomYn":"○","sy21shtmRcomYn":"","sbjtChgFgNm":"변경","abeekDgnPntCnt":null,"sbjtKorNm":"내분비약품학","sy41shtmRcomYn":"","genrl1stgNeceGrp":"M","abeekGrpChoice":"","abeekSubmattFg":"","theoFgNm":"이론","abeekDetaSubmattFgNm":"","sy32shtmRcomYn":"","openTm":2.0,"pnt":2.0,"sbjtId":"20100344","abeekChoiceSbjtCnt":null,"corsYy":"2016","subInspTotalPnt":null,"abeekGrpNm":"","rowStatus":1,"theoFg":"U0210001","curiNo":"2016106231"},{"submattFg":"U0209001","stgNeceGrpNm":"택M1","sideTotalPnt":2.0,"sbjtChgFg":"U0212002","subDgnTotalPnt":null,"sy62shtmRcomYn":"","abeekSubmattFgNm":"","sustLsnFgNm":"전선","sy12shtmRcomYn":"","sy42shtmRcomYn":"","abeekInspPracPntCnt":null,"genrl1stgNeceSbjtCnt":1.0,"abeekSustLsnFg":"","abeekDetaSubmattFg":"","sy51shtmRcomYn":"","abeekSustLsnFgNm":"","sy11shtmRcomYn":"","abeekTheoPntCnt":null,"sy31shtmRcomYn":"","submattFgNm":"전공과목","sbjtCd":"PHRM512","subTheoTotalPnt":null,"mjCd":"DS03013021001","sy61shtmRcomYn":"","sy22shtmRcomYn":"","mjCdNm":"약학전공(과)","sustLsnFg":"U0208005","sy52shtmRcomYn":"○","sy21shtmRcomYn":"","sbjtChgFgNm":"변경","abeekDgnPntCnt":null,"sbjtKorNm":"유전체약품학","sy41shtmRcomYn":"","genrl1stgNeceGrp":"M","abeekGrpChoice":"","abeekSubmattFg":"","theoFgNm":"이론","abeekDetaSubmattFgNm":"","sy32shtmRcomYn":"","openTm":2.0,"pnt":2.0,"sbjtId":"20100341","abeekChoiceSbjtCnt":null,"corsYy":"2016","subInspTotalPnt":null,"abeekGrpNm":"","rowStatus":1,"theoFg":"U0210001","curiNo":"2016106230"},{"submattFg":"U0209001","stgNeceGrpNm":"택M1","sideTotalPnt":2.0,"sbjtChgFg":"U0212002","subDgnTotalPnt":null,"sy62shtmRcomYn":"","abeekSubmattFgNm":"","sustLsnFgNm":"전선","sy12shtmRcomYn":"","sy42shtmRcomYn":"","abeekInspPracPntCnt":null,"genrl1stgNeceSbjtCnt":1.0,"abeekSustLsnFg":"","abeekDetaSubmattFg":"","sy51shtmRcomYn":"","abeekSustLsnFgNm":"","sy11shtmRcomYn":"","abeekTheoPntCnt":null,"sy31shtmRcomYn":"","submattFgNm":"전공과목","sbjtCd":"PHRM547","subTheoTotalPnt":null,"mjCd":"DS03013021001","sy61shtmRcomYn":"","sy22shtmRcomYn":"","mjCdNm":"약학전공(과)","sustLsnFg":"U0208005","sy52shtmRcomYn":"○","sy21shtmRcomYn":"","sbjtChgFgNm":"변경","abeekDgnPntCnt":null,"sbjtKorNm":"한약제제학","sy41shtmRcomYn":"","genrl1stgNeceGrp":"M","abeekGrpChoice":"","abeekSubmattFg":"","theoFgNm":"이론","abeekDetaSubmattFgNm":"","sy32shtmRcomYn":"","openTm":2.0,"pnt":2.0,"sbjtId":"20100326","abeekChoiceSbjtCnt":null,"corsYy":"2016","subInspTotalPnt":null,"abeekGrpNm":"","rowStatus":1,"theoFg":"U0210001","curiNo":"2016106249"},{"submattFg":"U0209001","stgNeceGrpNm":"택L1","sideTotalPnt":2.0,"sbjtChgFg":"","subDgnTotalPnt":null,"sy62shtmRcomYn":"","abeekSubmattFgNm":"","sustLsnFgNm":"전선","sy12shtmRcomYn":"","sy42shtmRcomYn":"","abeekInspPracPntCnt":null,"genrl1stgNeceSbjtCnt":1.0,"abeekSustLsnFg":"","abeekDetaSubmattFg":"","sy51shtmRcomYn":"","abeekSustLsnFgNm":"","sy11shtmRcomYn":"","abeekTheoPntCnt":null,"sy31shtmRcomYn":"","submattFgNm":"전공과목","sbjtCd":"PHRM551","subTheoTotalPnt":null,"mjCd":"DS03013021001","sy61shtmRcomYn":"","sy22shtmRcomYn":"","mjCdNm":"약학전공(과)","sustLsnFg":"U0208005","sy52shtmRcomYn":"○","sy21shtmRcomYn":"","sbjtChgFgNm":"","abeekDgnPntCnt":null,"sbjtKorNm":"동물의약품학","sy41shtmRcomYn":"","genrl1stgNeceGrp":"L","abeekGrpChoice":"","abeekSubmattFg":"","theoFgNm":"이론","abeekDetaSubmattFgNm":"","sy32shtmRcomYn":"","openTm":2.0,"pnt":2.0,"sbjtId":"20140506","abeekChoiceSbjtCnt":null,"corsYy":"2016","subInspTotalPnt":null,"abeekGrpNm":"","rowStatus":1,"theoFg":"U0210001","curiNo":"2016106297"},{"submattFg":"U0209001","stgNeceGrpNm":"택L1","sideTotalPnt":2.0,"sbjtChgFg":"U0212002","subDgnTotalPnt":null,"sy62shtmRcomYn":"","abeekSubmattFgNm":"","sustLsnFgNm":"전선","sy12shtmRcomYn":"","sy42shtmRcomYn":"","abeekInspPracPntCnt":null,"genrl1stgNeceSbjtCnt":1.0,"abeekSustLsnFg":"","abeekDetaSubmattFg":"","sy51shtmRcomYn":"","abeekSustLsnFgNm":"","sy11shtmRcomYn":"","abeekTheoPntCnt":null,"sy31shtmRcomYn":"","submattFgNm":"전공과목","sbjtCd":"PHRM552","subTheoTotalPnt":null,"mjCd":"DS03013021001","sy61shtmRcomYn":"","sy22shtmRcomYn":"","mjCdNm":"약학전공(과)","sustLsnFg":"U0208005","sy52shtmRcomYn":"○","sy21shtmRcomYn":"","sbjtChgFgNm":"변경","abeekDgnPntCnt":null,"sbjtKorNm":"공중보건약학","sy41shtmRcomYn":"","genrl1stgNeceGrp":"L","abeekGrpChoice":"","abeekSubmattFg":"","theoFgNm":"이론","abeekDetaSubmattFgNm":"","sy32shtmRcomYn":"","openTm":2.0,"pnt":2.0,"sbjtId":"20130446","abeekChoiceSbjtCnt":null,"corsYy":"2016","subInspTotalPnt":null,"abeekGrpNm":"","rowStatus":1,"theoFg":"U0210001","curiNo":"2016106298"},{"submattFg":"U0209001","stgNeceGrpNm":"택L1","sideTotalPnt":2.0,"sbjtChgFg":"U0212002","subDgnTotalPnt":null,"sy62shtmRcomYn":"","abeekSubmattFgNm":"","sustLsnFgNm":"전선","sy12shtmRcomYn":"","sy42shtmRcomYn":"","abeekInspPracPntCnt":null,"genrl1stgNeceSbjtCnt":1.0,"abeekSustLsnFg":"","abeekDetaSubmattFg":"","sy51shtmRcomYn":"","abeekSustLsnFgNm":"","sy11shtmRcomYn":"","abeekTheoPntCnt":null,"sy31shtmRcomYn":"","submattFgNm":"전공과목","sbjtCd":"PHRM553","subTheoTotalPnt":null,"mjCd":"DS03013021001","sy61shtmRcomYn":"","sy22shtmRcomYn":"","mjCdNm":"약학전공(과)","sustLsnFg":"U0208005","sy52shtmRcomYn":"○","sy21shtmRcomYn":"","sbjtChgFgNm":"변경","abeekDgnPntCnt":null,"sbjtKorNm":"기능성식품 및 향장학","sy41shtmRcomYn":"","genrl1stgNeceGrp":"L","abeekGrpChoice":"","abeekSubmattFg":"","theoFgNm":"이론","abeekDetaSubmattFgNm":"","sy32shtmRcomYn":"","openTm":2.0,"pnt":2.0,"sbjtId":"20130445","abeekChoiceSbjtCnt":null,"corsYy":"2016","subInspTotalPnt":null,"abeekGrpNm":"","rowStatus":1,"theoFg":"U0210001","curiNo":"2016106296"}]}}