{"VariableList":{"ErrorMsg":"success","ErrorCode":"0"},"DatasetList":{"DS_COUR030":[{"submattFg":"U0209003","stgNeceGrpNm":"","sideTotalPnt":3.0,"sbjtChgFg":"","subDgnTotalPnt":0.0,"sy62shtmRcomYn":"","abeekSubmattFgNm":"MSC","sustLsnFgNm":"교필","sy12shtmRcomYn":"","sy42shtmRcomYn":"","abeekInspPracPntCnt":0.0,"genrl1stgNeceSbjtCnt":null,"abeekSustLsnFg":"U0225001","abeekDetaSubmattFg":"U0227003","sy51shtmRcomYn":"","abeekSustLsnFgNm":"인필","sy11shtmRcomYn":"○","abeekTheoPntCnt":3.0,"sy31shtmRcomYn":"","submattFgNm":"기초과목","sbjtCd":"MATH102","subTheoTotalPnt":24.0,"mjCd":"DS03001025001","sy61shtmRcomYn":"","sy22shtmRcomYn":"","mjCdNm":"응용화학생명공학전공(과)","sustLsnFg":"U0208002","sy52shtmRcomYn":"","sy21shtmRcomYn":"","sbjtChgFgNm":"","abeekDgnPntCnt":0.0,"sbjtKorNm":"수학1","sy41shtmRcomYn":"","genrl1stgNeceGrp":"","abeekGrpChoice":"","abeekSubmattFg":"U0226002","theoFgNm":"이론","abeekDetaSubmattFgNm":"수학","sy32shtmRcomYn":"","openTm":3.0,"pnt":3.0,"sbjtId":"527","abeekChoiceSbjtCnt":null,"corsYy":"2019","subInspTotalPnt":5.0,"abeekGrpNm":"","rowStatus":1,"theoFg":"U0210001","curiNo":"2019101634"},{"submattFg":"U0209003","stgNeceGrpNm":"","sideTotalPnt":3.0,"sbjtChgFg":"","subDgnTotalPnt":0.0,"sy62shtmRcomYn":"","abeekSubmattFgNm":"MSC","sustLsnFgNm":"교필","sy12shtmRcomYn":"","sy42shtmRcomYn":"","abeekInspPracPntCnt":0.0,"genrl1stgNeceSbjtCnt":null,"abeekSustLsnFg":"U0225001","abeekDetaSubmattFg":"U0227003","sy51shtmRcomYn":"","abeekSustLsnFgNm":"인필","sy11shtmRcomYn":"","abeekTheoPntCnt":3.0,"sy31shtmRcomYn":"","submattFgNm":"기초과목","sbjtCd":"MATH103","subTheoTotalPnt":24.0,"mjCd":"DS03001025001","sy61shtmRcomYn":"","sy22shtmRcomYn":"","mjCdNm":"응용화학생명공학전공(과)","sustLsnFg":"U0208002","sy52shtmRcomYn":"","sy21shtmRcomYn":"○","sbjtChgFgNm":"","abeekDgnPntCnt":0.0,"sbjtKorNm":"수학2","sy41shtmRcomYn":"","genrl1stgNeceGrp":"","abeekGrpChoice":"","abeekSubmattFg":"U0226002","theoFgNm":"이론","abeekDetaSubmattFgNm":"수학","sy32shtmRcomYn":"","openTm":3.0,"pnt":3.0,"sbjtId":"528","abeekChoiceSbjtCnt":null,"corsYy":"2019","subInspTotalPnt":5.0,"abeekGrpNm":"","rowStatus":1,"theoFg":"U0210001","curiNo":"2019101635"},{"submattFg":"U0209003","stgNeceGrpNm":"","sideTotalPnt":3.0,"sbjtChgFg":"","subDgnTotalPnt":0.0,"sy62shtmRcomYn":"","abeekSubmattFgNm":"MSC","sustLsnFgNm":"교필","sy12shtmRcomYn":"○","sy42shtmRcomYn":"","abeekInspPracPntCnt":0.0,"genrl1stgNeceSbjtCnt":null,"abeekSustLsnFg":"U0225001","abeekDetaSubmattFg":"U0227004","sy51shtmRcomYn":"","abeekSustLsnFgNm":"인필","sy11shtmRcomYn":"","abeekTheoPntCnt":3.0,"sy31shtmRcomYn":"","submattFgNm":"기초과목","sbjtCd":"BIO102","subTheoTotalPnt":24.0,"mjCd":"DS03001025001","sy61shtmRcomYn":"","sy22shtmRcomYn":"","mjCdNm":"응용화학생명공학전공(과)","sustLsnFg":"U0208002","sy52shtmRcomYn":"","sy21shtmRcomYn":"","sbjtChgFgNm":"","abeekDgnPntCnt":0.0,"sbjtKorNm":"생물학2","sy41shtmRcomYn":"","genrl1stgNeceGrp":"","abeekGrpChoice":"","abeekSubmattFg":"U0226002","theoFgNm":"이론","abeekDetaSubmattFgNm":"기초과학","sy32shtmRcomYn":"","openTm":3.0,"pnt":3.0,"sbjtId":"450","abeekChoiceSbjtCnt":null,"corsYy":"2019","subInspTotalPnt":5.0,"abeekGrpNm":"","rowStatus":1,"theoFg":"U0210001","curiNo":"2019101636"},{"submattFg":"U0209003","stgNeceGrpNm":"","sideTotalPnt":1.0,"sbjtChgFg":"","subDgnTotalPnt":0.0,"sy62shtmRcomYn":"","abeekSubmattFgNm":"MSC","sustLsnFgNm":"교필","sy12shtmRcomYn":"○","sy42shtmRcomYn":"","abeekInspPracPntCnt":1.0,"genrl1stgNeceSbjtCnt":null,"abeekSustLsnFg":"U0225001","abeekDetaSubmattFg":"U0227004","sy51shtmRcomYn":"","abeekSustLsnFgNm":"인필","sy11shtmRcomYn":"","abeekTheoPntCnt":0.0,"sy31shtmRcomYn":"","submattFgNm":"기초과목","sbjtCd":"BIO103","subTheoTotalPnt":24.0,"mjCd":"DS03001025001","sy61shtmRcomYn":"","sy22shtmRcomYn":"","mjCdNm":"응용화학생명공학전공(과)","sustLsnFg":"U0208002","sy52shtmRcomYn":"","sy21shtmRcomYn":"","sbjtChgFgNm":"","abeekDgnPntCnt":0.0,"sbjtKorNm":"생물학실험2","sy41shtmRcomYn":"","genrl1stgNeceGrp":"","abeekGrpChoice":"","abeekSubmattFg":"U0226002","theoFgNm":"실습","abeekDetaSubmattFgNm":"기초과학","sy32shtmRcomYn":"","openTm":2.0,"pnt":1.0,"sbjtId":"452","abeekChoiceSbjtCnt":null,"corsYy":"2019","subInspTotalPnt":5.0,"abeekGrpNm":"","rowStatus":1,"theoFg":"U0210002","curiNo":"2019101637"},{"submattFg":"U0209003","stgNeceGrpNm":"","sideTotalPnt":3.0,"sbjtChgFg":"","subDgnTotalPnt":0.0,"sy62shtmRcomYn":"","abeekSubmattFgNm":"MSC","sustLsnFgNm":"교필","sy12shtmRcomYn":"","sy42shtmRcomYn":"","abeekInspPracPntCnt":0.0,"genrl1stgNeceSbjtCnt":null,"abeekSustLsnFg":"U0225001","abeekDetaSubmattFg":"U0227004","sy51shtmRcomYn":"","abeekSustLsnFgNm":"인필","sy11shtmRcomYn":"○","abeekTheoPntCnt":3.0,"sy31shtmRcomYn":"","submattFgNm":"기초과목","sbjtCd":"BIO112","subTheoTotalPnt":24.0,"mjCd":"DS03001025001","sy61shtmRcomYn":"","sy22shtmRcomYn":"","mjCdNm":"응용화학생명공학전공(과)","sustLsnFg":"U0208002","sy52shtmRcomYn":"","sy21shtmRcomYn":"","sbjtChgFgNm":"","abeekDgnPntCnt":0.0,"sbjtKorNm":"생물학1","sy41shtmRcomYn":"","genrl1stgNeceGrp":"","abeekGrpChoice":"","abeekSubmattFg":"U0226002","theoFgNm":"이론","abeekDetaSubmattFgNm":"기초과학","sy32shtmRcomYn":"","openTm":3.0,"pnt":3.0,"sbjtId":"449","abeekChoiceSbjtCnt":null,"corsYy":"2019","subInspTotalPnt":5.0,"abeekGrpNm":"","rowStatus":1,"theoFg":"U0210001","curiNo":"2019101638"},{"submattFg":"U0209003","stgNeceGrpNm":"","sideTotalPnt":1.0,"sbjtChgFg":"","subDgnTotalPnt":0.0,"sy62shtmRcomYn":"","abeekSubmattFgNm":"MSC","sustLsnFgNm":"교필","sy12shtmRcomYn":"","sy42shtmRcomYn":"","abeekInspPracPntCnt":1.0,"genrl1stgNeceSbjtCnt":null,"abeekSustLsnFg":"U0225001","abeekDetaSubmattFg":"U0227004","sy51shtmRcomYn":"","abeekSustLsnFgNm":"인필","sy11shtmRcomYn":"○","abeekTheoPntCnt":0.0,"sy31shtmRcomYn":"","submattFgNm":"기초과목","sbjtCd":"BIO113","subTheoTotalPnt":24.0,"mjCd":"DS03001025001","sy61shtmRcomYn":"","sy22shtmRcomYn":"","mjCdNm":"응용화학생명공학전공(과)","sustLsnFg":"U0208002","sy52shtmRcomYn":"","sy21shtmRcomYn":"","sbjtChgFgNm":"","abeekDgnPntCnt":0.0,"sbjtKorNm":"생물학실험1","sy41shtmRcomYn":"","genrl1stgNeceGrp":"","abeekGrpChoice":"","abeekSubmattFg":"U0226002","theoFgNm":"실습","abeekDetaSubmattFgNm":"기초과학","sy32shtmRcomYn":"","openTm":2.0,"pnt":1.0,"sbjtId":"451","abeekChoiceSbjtCnt":null,"corsYy":"2019","subInspTotalPnt":5.0,"abeekGrpNm":"","rowStatus":1,"theoFg":"U0210002","curiNo":"2019101639"},{"submattFg":"U0209003","stgNeceGrpNm":"","sideTotalPnt":3.0,"sbjtChgFg":"","subDgnTotalPnt":0.0,"sy62shtmRcomYn":"","abeekSubmattFgNm":"MSC","sustLsnFgNm":"교필","sy12shtmRcomYn":"","sy42shtmRcomYn":"","abeekInspPracPntCnt":0.0,"genrl1stgNeceSbjtCnt":null,"abeekSustLsnFg":"U0225001","abeekDetaSubmattFg":"U0227004","sy51shtmRcomYn":"","abeekSustLsnFgNm":"인필","sy11shtmRcomYn":"○","abeekTheoPntCnt":3.0,"sy31shtmRcomYn":"","submattFgNm":"기초과목","sbjtCd":"CHEM112","subTheoTotalPnt":24.0,"mjCd":"DS03001025001","sy61shtmRcomYn":"","sy22shtmRcomYn":"","mjCdNm":"응용화학생명공학전공(과)","sustLsnFg":"U0208002","sy52shtmRcomYn":"","sy21shtmRcomYn":"","sbjtChgFgNm":"","abeekDgnPntCnt":0.0,"sbjtKorNm":"화학1","sy41shtmRcomYn":"","genrl1stgNeceGrp":"","abeekGrpChoice":"","abeekSubmattFg":"U0226002","theoFgNm":"이론","abeekDetaSubmattFgNm":"기초과학","sy32shtmRcomYn":"","openTm":3.0,"pnt":3.0,"sbjtId":"991","abeekChoiceSbjtCnt":null,"corsYy":"2019","subInspTotalPnt":5.0,"abeekGrpNm":"","rowStatus":1,"theoFg":"U0210001","curiNo":"2019101643"},{"submattFg":"U0209003","stgNeceGrpNm":"","sideTotalPnt":3.0,"sbjtChgFg":"","subDgnTotalPnt":0.0,"sy62shtmRcomYn":"","abeekSubmattFgNm":"MSC","sustLsnFgNm":"교필","sy12shtmRcomYn":"○","sy42shtmRcomYn":"","abeekInspPracPntCnt":0.0,"genrl1stgNeceSbjtCnt":null,"abeekSustLsnFg":"U0225001","abeekDetaSubmattFg":"U0227004","sy51shtmRcomYn":"","abeekSustLsnFgNm":"인필","sy11shtmRcomYn":"","abeekTheoPntCnt":3.0,"sy31shtmRcomYn":"","submattFgNm":"기초과목","sbjtCd":"CHEM113","subTheoTotalPnt":24.0,"mjCd":"DS03001025001","sy61shtmRcomYn":"","sy22shtmRcomYn":"","mjCdNm":"응용화학생명공학전공(과)","sustLsnFg":"U0208002","sy52shtmRcomYn":"","sy21shtmRcomYn":"","sbjtChgFgNm":"","abeekDgnPntCnt":0.0,"sbjtKorNm":"화학2","sy41shtmRcomYn":"","genrl1stgNeceGrp":"","abeekGrpChoice":"","abeekSubmattFg":"U0226002","theoFgNm":"이론","abeekDetaSubmattFgNm":"기초과학","sy32shtmRcomYn":"","openTm":3.0,"pnt":3.0,"sbjtId":"992","abeekChoiceSbjtCnt":null,"corsYy":"2019","subInspTotalPnt":5.0,"abeekGrpNm":"","rowStatus":1,"theoFg":"U0210001","curiNo":"2019101644"},{"submattFg":"U0209003","stgNeceGrpNm":"","sideTotalPnt":1.0,"sbjtChgFg":"","subDgnTotalPnt":0.0,"sy62shtmRcomYn":"","abeekSubmattFgNm":"MSC","sustLsnFgNm":"교필","sy12shtmRcomYn":"","sy42shtmRcomYn":"","abeekInspPracPntCnt":1.0,"genrl1stgNeceSbjtCnt":null,"abeekSustLsnFg":"U0225001","abeekDetaSubmattFg":"U0227004","sy51shtmRcomYn":"","abeekSustLsnFgNm":"인필","sy11shtmRcomYn":"○","abeekTheoPntCnt":0.0,"sy31shtmRcomYn":"","submattFgNm":"기초과목","sbjtCd":"CHEM115","subTheoTotalPnt":24.0,"mjCd":"DS03001025001","sy61shtmRcomYn":"","sy22shtmRcomYn":"","mjCdNm":"응용화학생명공학전공(과)","sustLsnFg":"U0208002","sy52shtmRcomYn":"","sy21shtmRcomYn":"","sbjtChgFgNm":"","abeekDgnPntCnt":0.0,"sbjtKorNm":"화학실험1","sy41shtmRcomYn":"","genrl1stgNeceGrp":"","abeekGrpChoice":"","abeekSubmattFg":"U0226002","theoFgNm":"실습","abeekDetaSubmattFgNm":"기초과학","sy32shtmRcomYn":"","openTm":2.0,"pnt":1.0,"sbjtId":"1002","abeekChoiceSbjtCnt":null,"corsYy":"2019","subInspTotalPnt":5.0,"abeekGrpNm":"","rowStatus":1,"theoFg":"U0210002","curiNo":"2019101645"},{"submattFg":"U0209003","stgNeceGrpNm":"","sideTotalPnt":1.0,"sbjtChgFg":"","subDgnTotalPnt":0.0,"sy62shtmRcomYn":"","abeekSubmattFgNm":"MSC","sustLsnFgNm":"교필","sy12shtmRcomYn":"○","sy42shtmRcomYn":"","abeekInspPracPntCnt":1.0,"genrl1stgNeceSbjtCnt":null,"abeekSustLsnFg":"U0225001","abeekDetaSubmattFg":"U0227004","sy51shtmRcomYn":"","abeekSustLsnFgNm":"인필","sy11shtmRcomYn":"","abeekTheoPntCnt":0.0,"sy31shtmRcomYn":"","submattFgNm":"기초과목","sbjtCd":"CHEM116","subTheoTotalPnt":24.0,"mjCd":"DS03001025001","sy61shtmRcomYn":"","sy22shtmRcomYn":"","mjCdNm":"응용화학생명공학전공(과)","sustLsnFg":"U0208002","sy52shtmRcomYn":"","sy21shtmRcomYn":"","sbjtChgFgNm":"","abeekDgnPntCnt":0.0,"sbjtKorNm":"화학실험2","sy41shtmRcomYn":"","genrl1stgNeceGrp":"","abeekGrpChoice":"","abeekSubmattFg":"U0226002","theoFgNm":"실습","abeekDetaSubmattFgNm":"기초과학","sy32shtmRcomYn":"","openTm":2.0,"pnt":1.0,"sbjtId":"1003","abeekChoiceSbjtCnt":null,"corsYy":"2019","subInspTotalPnt":5.0,"abeekGrpNm":"","rowStatus":1,"theoFg":"U0210002","curiNo":"2019101646"},{"submattFg":"U0209003","stgNeceGrpNm":"","sideTotalPnt":3.0,"sbjtChgFg":"","subDgnTotalPnt":0.0,"sy62shtmRcomYn":"","abeekSubmattFgNm":"MSC","sustLsnFgNm":"교필","sy12shtmRcomYn":"○","sy42shtmRcomYn":"","abeekInspPracPntCnt":0.0,"genrl1stgNeceSbjtCnt":null,"abeekSustLsnFg":"U0225001","abeekDetaSubmattFg":"U0227004","sy51shtmRcomYn":"","abeekSustLsnFgNm":"인필","sy11shtmRcomYn":"","abeekTheoPntCnt":3.0,"sy31shtmRcomYn":"","submattFgNm":"기초과목","sbjtCd":"PHYS117","subTheoTotalPnt":24.0,"mjCd":"DS03001025001","sy61shtmRcomYn":"","sy22shtmRcomYn":"","mjCdNm":"응용화학생명공학전공(과)","sustLsnFg":"U0208002","sy52shtmRcomYn":"","sy21shtmRcomYn":"","sbjtChgFgNm":"","abeekDgnPntCnt":0.0,"sbjtKorNm":"물리학","sy41shtmRcomYn":"","genrl1stgNeceGrp":"","abeekGrpChoice":"","abeekSubmattFg":"U0226002","theoFgNm":"이론","abeekDetaSubmattFgNm":"기초과학","sy32shtmRcomYn":"","openTm":3.0,"pnt":3.0,"sbjtId":"11813","abeekChoiceSbjtCnt":null,"corsYy":"2019","subInspTotalPnt":5.0,"abeekGrpNm":"","rowStatus":1,"theoFg":"U0210001","curiNo":"2019101632"},{"submattFg":"U0209003","stgNeceGrpNm":"","sideTotalPnt":1.0,"sbjtChgFg":"","subDgnTotalPnt":0.0,"sy62shtmRcomYn":"","abeekSubmattFgNm":"MSC","sustLsnFgNm":"교필","sy12shtmRcomYn":"○","sy42shtmRcomYn":"","abeekInspPracPntCnt":1.0,"genrl1stgNeceSbjtCnt":null,"abeekSustLsnFg":"U0225001","abeekDetaSubmattFg":"U0227004","sy51shtmRcomYn":"","abeekSustLsnFgNm":"인필","sy11shtmRcomYn":"","abeekTheoPntCnt":0.0,"sy31shtmRcomYn":"","submattFgNm":"기초과목","sbjtCd":"PHYS118","subTheoTotalPnt":24.0,"mjCd":"DS03001025001","sy61shtmRcomYn":"","sy22shtmRcomYn":"","mjCdNm":"응용화학생명공학전공(과)","sustLsnFg":"U0208002","sy52shtmRcomYn":"","sy21shtmRcomYn":"","sbjtChgFgNm":"","abeekDgnPntCnt":0.0,"sbjtKorNm":"물리학실험","sy41shtmRcomYn":"","genrl1stgNeceGrp":"","abeekGrpChoice":"","abeekSubmattFg":"U0226002","theoFgNm":"실습","abeekDetaSubmattFgNm":"기초과학","sy32shtmRcomYn":"","openTm":2.0,"pnt":1.0,"sbjtId":"11874","abeekChoiceSbjtCnt":null,"corsYy":"2019","subInspTotalPnt":5.0,"abeekGrpNm":"","rowStatus":1,"theoFg":"U0210002","curiNo":"2019101633"},{"submattFg":"U0209003","stgNeceGrpNm":"","sideTotalPnt":1.0,"sbjtChgFg":"","subDgnTotalPnt":null,"sy62shtmRcomYn":"","abeekSubmattFgNm":"","sustLsnFgNm":"교필","sy12shtmRcomYn":"","sy42shtmRcomYn":"","abeekInspPracPntCnt":null,"genrl1stgNeceSbjtCnt":null,"abeekSustLsnFg":"","abeekDetaSubmattFg":"","sy51shtmRcomYn":"","abeekSustLsnFgNm":"","sy11shtmRcomYn":"○","abeekTheoPntCnt":null,"sy31shtmRcomYn":"","submattFgNm":"기초과목","sbjtCd":"CAJO113","subTheoTotalPnt":null,"mjCd":"DS03001025001","sy61shtmRcomYn":"","sy22shtmRcomYn":"","mjCdNm":"응용화학생명공학전공(과)","sustLsnFg":"U0208002","sy52shtmRcomYn":"","sy21shtmRcomYn":"","sbjtChgFgNm":"","abeekDgnPntCnt":null,"sbjtKorNm":"아주인성","sy41shtmRcomYn":"","genrl1stgNeceGrp":"","abeekGrpChoice":"","abeekSubmattFg":"","theoFgNm":"이론","abeekDetaSubmattFgNm":"","sy32shtmRcomYn":"","openTm":1.5,"pnt":1.0,"sbjtId":"20150728","abeekChoiceSbjtCnt":null,"corsYy":"2019","subInspTotalPnt":null,"abeekGrpNm":"","rowStatus":1,"theoFg":"U0210001","curiNo":"2019101640"},{"submattFg":"U0209003","stgNeceGrpNm":"","sideTotalPnt":1.0,"sbjtChgFg":"","subDgnTotalPnt":null,"sy62shtmRcomYn":"","abeekSubmattFgNm":"","sustLsnFgNm":"교필","sy12shtmRcomYn":"","sy42shtmRcomYn":"","abeekInspPracPntCnt":null,"genrl1stgNeceSbjtCnt":null,"abeekSustLsnFg":"","abeekDetaSubmattFg":"","sy51shtmRcomYn":"","abeekSustLsnFgNm":"","sy11shtmRcomYn":"○","abeekTheoPntCnt":null,"sy31shtmRcomYn":"","submattFgNm":"기초과목","sbjtCd":"CAJO114","subTheoTotalPnt":null,"mjCd":"DS03001025001","sy61shtmRcomYn":"","sy22shtmRcomYn":"","mjCdNm":"응용화학생명공학전공(과)","sustLsnFg":"U0208002","sy52shtmRcomYn":"","sy21shtmRcomYn":"","sbjtChgFgNm":"","abeekDgnPntCnt":null,"sbjtKorNm":"아주희망","sy41shtmRcomYn":"","genrl1stgNeceGrp":"","abeekGrpChoice":"","abeekSubmattFg":"","theoFgNm":"이론","abeekDetaSubmattFgNm":"","sy32shtmRcomYn":"","openTm":1.5,"pnt":1.0,"sbjtId":"20150729","abeekChoiceSbjtCnt":null,"corsYy":"2019","subInspTotalPnt":null,"abeekGrpNm":"","rowStatus":1,"theoFg":"U0210001","curiNo":"2019101641"},{"submattFg":"U0209003","stgNeceGrpNm":"","sideTotalPnt":3.0,"sbjtChgFg":"","subDgnTotalPnt":null,"sy62shtmRcomYn":"","abeekSubmattFgNm":"","sustLsnFgNm":"교필","sy12shtmRcomYn":"","sy42shtmRcomYn":"","abeekInspPracPntCnt":null,"genrl1stgNeceSbjtCnt":null,"abeekSustLsnFg":"","abeekDetaSubmattFg":"","sy51shtmRcomYn":"","abeekSustLsnFgNm":"","sy11shtmRcomYn":"","abeekTheoPntCnt":null,"sy31shtmRcomYn":"","submattFgNm":"기초과목","sbjtCd":"CCMP201","subTheoTotalPnt":null,"mjCd":"DS03001025001","sy61shtmRcomYn":"","sy22shtmRcomYn":"○","mjCdNm":"응용화학생명공학전공(과)","sustLsnFg":"U0208002","sy52shtmRcomYn":"","sy21shtmRcomYn":"","sbjtChgFgNm":"","abeekDgnPntCnt":null,"sbjtKorNm":"응용화학생명공학 데이터 분석","sy41shtmRcomYn":"","genrl1stgNeceGrp":"","abeekGrpChoice":"","abeekSubmattFg":"","theoFgNm":"이론+실습","abeekDetaSubmattFgNm":"","sy32shtmRcomYn":"","openTm":3.0,"pnt":3.0,"sbjtId":"20150490","abeekChoiceSbjtCnt":null,"corsYy":"2019","subInspTotalPnt":null,"abeekGrpNm":"","rowStatus":1,"theoFg":"U0210005","curiNo":"2019101642"},{"submattFg":"U0209003","stgNeceGrpNm":"","sideTotalPnt":3.0,"sbjtChgFg":"","subDgnTotalPnt":null,"sy62shtmRcomYn":"","abeekSubmattFgNm":"","sustLsnFgNm":"교필","sy12shtmRcomYn":"○","sy42shtmRcomYn":"","abeekInspPracPntCnt":null,"genrl1stgNeceSbjtCnt":null,"abeekSustLsnFg":"","abeekDetaSubmattFg":"","sy51shtmRcomYn":"","abeekSustLsnFgNm":"","sy11shtmRcomYn":"","abeekTheoPntCnt":null,"sy31shtmRcomYn":"","submattFgNm":"기초과목","sbjtCd":"CMP104","subTheoTotalPnt":null,"mjCd":"DS03001025001","sy61shtmRcomYn":"","sy22shtmRcomYn":"","mjCdNm":"응용화학생명공학전공(과)","sustLsnFg":"U0208002","sy52shtmRcomYn":"","sy21shtmRcomYn":"","sbjtChgFgNm":"","abeekDgnPntCnt":null,"sbjtKorNm":"과학계산 프로그래밍","sy41shtmRcomYn":"","genrl1stgNeceGrp":"","abeekGrpChoice":"","abeekSubmattFg":"","theoFgNm":"","abeekDetaSubmattFgNm":"","sy32shtmRcomYn":"","openTm":3.0,"pnt":3.0,"sbjtId":"10369","abeekChoiceSbjtCnt":null,"corsYy":"2019","subInspTotalPnt":null,"abeekGrpNm":"","rowStatus":1,"theoFg":"","curiNo":"2019101647"},{"submattFg":"U0209003","stgNeceGrpNm":"","sideTotalPnt":3.0,"sbjtChgFg":"","subDgnTotalPnt":0.0,"sy62shtmRcomYn":"","abeekSubmattFgNm":"MSC","sustLsnFgNm":"교선","sy12shtmRcomYn":"","sy42shtmRcomYn":"","abeekInspPracPntCnt":null,"genrl1stgNeceSbjtCnt":null,"abeekSustLsnFg":"U0225001","abeekDetaSubmattFg":"U0227003","sy51shtmRcomYn":"","abeekSustLsnFgNm":"인필","sy11shtmRcomYn":"","abeekTheoPntCnt":3.0,"sy31shtmRcomYn":"","submattFgNm":"기초과목","sbjtCd":"MATH207","subTheoTotalPnt":24.0,"mjCd":"DS03001025001","sy61shtmRcomYn":"","sy22shtmRcomYn":"","mjCdNm":"응용화학생명공학전공(과)","sustLsnFg":"U0208003","sy52shtmRcomYn":"","sy21shtmRcomYn":"○","sbjtChgFgNm":"","abeekDgnPntCnt":null,"sbjtKorNm":"공업수학C","sy41shtmRcomYn":"","genrl1stgNeceGrp":"","abeekGrpChoice":"","abeekSubmattFg":"U0226002","theoFgNm":"이론","abeekDetaSubmattFgNm":"수학","sy32shtmRcomYn":"","openTm":3.0,"pnt":3.0,"sbjtId":"11831","abeekChoiceSbjtCnt":null,"corsYy":"2019","subInspTotalPnt":5.0,"abeekGrpNm":"","rowStatus":1,"theoFg":"U0210001","curiNo":"2019101648"},{"submattFg":"U0209001","stgNeceGrpNm":"","sideTotalPnt":1.0,"sbjtChgFg":"U0212002","subDgnTotalPnt":27.0,"sy62shtmRcomYn":"","abeekSubmattFgNm":"전공","sustLsnFgNm":"전필","sy12shtmRcomYn":"","sy42shtmRcomYn":"","abeekInspPracPntCnt":2.0,"genrl1stgNeceSbjtCnt":null,"abeekSustLsnFg":"U0225001","abeekDetaSubmattFg":"","sy51shtmRcomYn":"","abeekSustLsnFgNm":"인필","sy11shtmRcomYn":"","abeekTheoPntCnt":0.0,"sy31shtmRcomYn":"","submattFgNm":"전공과목","sbjtCd":"CBE215","subTheoTotalPnt":120.0,"mjCd":"DS03001025001","sy61shtmRcomYn":"","sy22shtmRcomYn":"","mjCdNm":"응용화학생명공학전공(과)","sustLsnFg":"U0208004","sy52shtmRcomYn":"","sy21shtmRcomYn":"○","sbjtChgFgNm":"변경","abeekDgnPntCnt":0.0,"sbjtKorNm":"분리분석실험","sy41shtmRcomYn":"","genrl1stgNeceGrp":"","abeekGrpChoice":"","abeekSubmattFg":"U0226003","theoFgNm":"실습","abeekDetaSubmattFgNm":"","sy32shtmRcomYn":"","openTm":2.0,"pnt":1.0,"sbjtId":"20180417","abeekChoiceSbjtCnt":null,"corsYy":"2019","subInspTotalPnt":8.0,"abeekGrpNm":"","rowStatus":1,"theoFg":"U0210002","curiNo":"2019101574"},{"submattFg":"U0209001","stgNeceGrpNm":"","sideTotalPnt":1.0,"sbjtChgFg":"U0212002","subDgnTotalPnt":27.0,"sy62shtmRcomYn":"","abeekSubmattFgNm":"전공","sustLsnFgNm":"전필","sy12shtmRcomYn":"","sy42shtmRcomYn":"","abeekInspPracPntCnt":2.0,"genrl1stgNeceSbjtCnt":null,"abeekSustLsnFg":"U0225001","abeekDetaSubmattFg":"","sy51shtmRcomYn":"","abeekSustLsnFgNm":"인필","sy11shtmRcomYn":"","abeekTheoPntCnt":0.0,"sy31shtmRcomYn":"","submattFgNm":"전공과목","sbjtCd":"CBE216","subTheoTotalPnt":120.0,"mjCd":"DS03001025001","sy61shtmRcomYn":"","sy22shtmRcomYn":"○","mjCdNm":"응용화학생명공학전공(과)","sustLsnFg":"U0208004","sy52shtmRcomYn":"","sy21shtmRcomYn":"","sbjtChgFgNm":"변경","abeekDgnPntCnt":0.0,"sbjtKorNm":"생화학실험","sy41shtmRcomYn":"","genrl1stgNeceGrp":"","abeekGrpChoice":"","abeekSubmattFg":"U0226003","theoFgNm":"실습","abeekDetaSubmattFgNm":"","sy32shtmRcomYn":"","openTm":2.0,"pnt":1.0,"sbjtId":"20180418","abeekChoiceSbjtCnt":null,"corsYy":"2019","subInspTotalPnt":8.0,"abeekGrpNm":"","rowStatus":1,"theoFg":"U0210002","curiNo":"2019101573"},{"submattFg":"U0209001","stgNeceGrpNm":"","sideTotalPnt":3.0,"sbjtChgFg":"","subDgnTotalPnt":27.0,"sy62shtmRcomYn":"","abeekSubmattFgNm":"전공","sustLsnFgNm":"전필","sy12shtmRcomYn":"","sy42shtmRcomYn":"","abeekInspPracPntCnt":0.0,"genrl1stgNeceSbjtCnt":null,"abeekSustLsnFg":"U0225001","abeekDetaSubmattFg":"","sy51shtmRcomYn":"","abeekSustLsnFgNm":"인필","sy11shtmRcomYn":"","abeekTheoPntCnt":3.0,"sy31shtmRcomYn":"","submattFgNm":"전공과목","sbjtCd":"CBE221","subTheoTotalPnt":120.0,"mjCd":"DS03001025001","sy61shtmRcomYn":"","sy22shtmRcomYn":"","mjCdNm":"응용화학생명공학전공(과)","sustLsnFg":"U0208004","sy52shtmRcomYn":"","sy21shtmRcomYn":"○","sbjtChgFgNm":"","abeekDgnPntCnt":0.0,"sbjtKorNm":"분자생물학","sy41shtmRcomYn":"","genrl1stgNeceGrp":"","abeekGrpChoice":"","abeekSubmattFg":"U0226003","theoFgNm":"이론","abeekDetaSubmattFgNm":"","sy32shtmRcomYn":"","openTm":3.0,"pnt":3.0,"sbjtId":"389","abeekChoiceSbjtCnt":null,"corsYy":"2019","subInspTotalPnt":8.0,"abeekGrpNm":"","rowStatus":1,"theoFg":"U0210001","curiNo":"2019101582"},{"submattFg":"U0209001","stgNeceGrpNm":"","sideTotalPnt":3.0,"sbjtChgFg":"","subDgnTotalPnt":27.0,"sy62shtmRcomYn":"","abeekSubmattFgNm":"전공","sustLsnFgNm":"전필","sy12shtmRcomYn":"","sy42shtmRcomYn":"","abeekInspPracPntCnt":0.0,"genrl1stgNeceSbjtCnt":null,"abeekSustLsnFg":"U0225001","abeekDetaSubmattFg":"","sy51shtmRcomYn":"","abeekSustLsnFgNm":"인필","sy11shtmRcomYn":"","abeekTheoPntCnt":3.0,"sy31shtmRcomYn":"","submattFgNm":"전공과목","sbjtCd":"CBE231","subTheoTotalPnt":120.0,"mjCd":"DS03001025001","sy61shtmRcomYn":"","sy22shtmRcomYn":"","mjCdNm":"응용화학생명공학전공(과)","sustLsnFg":"U0208004","sy52shtmRcomYn":"","sy21shtmRcomYn":"○","sbjtChgFgNm":"","abeekDgnPntCnt":0.0,"sbjtKorNm":"유기화학1","sy41shtmRcomYn":"","genrl1stgNeceGrp":"","abeekGrpChoice":"","abeekSubmattFg":"U0226003","theoFgNm":"이론","abeekDetaSubmattFgNm":"","sy32shtmRcomYn":"","openTm":3.0,"pnt":3.0,"sbjtId":"645","abeekChoiceSbjtCnt":null,"corsYy":"2019","subInspTotalPnt":8.0,"abeekGrpNm":"","rowStatus":1,"theoFg":"U0210001","curiNo":"2019101581"},{"submattFg":"U0209001","stgNeceGrpNm":"","sideTotalPnt":3.0,"sbjtChgFg":"","subDgnTotalPnt":27.0,"sy62shtmRcomYn":"","abeekSubmattFgNm":"전공","sustLsnFgNm":"전필","sy12shtmRcomYn":"","sy42shtmRcomYn":"","abeekInspPracPntCnt":0.0,"genrl1stgNeceSbjtCnt":null,"abeekSustLsnFg":"U0225001","abeekDetaSubmattFg":"","sy51shtmRcomYn":"","abeekSustLsnFgNm":"인필","sy11shtmRcomYn":"","abeekTheoPntCnt":3.0,"sy31shtmRcomYn":"","submattFgNm":"전공과목","sbjtCd":"CBE232","subTheoTotalPnt":120.0,"mjCd":"DS03001025001","sy61shtmRcomYn":"","sy22shtmRcomYn":"○","mjCdNm":"응용화학생명공학전공(과)","sustLsnFg":"U0208004","sy52shtmRcomYn":"","sy21shtmRcomYn":"","sbjtChgFgNm":"","abeekDgnPntCnt":0.0,"sbjtKorNm":"물리화학1","sy41shtmRcomYn":"","genrl1stgNeceGrp":"","abeekGrpChoice":"","abeekSubmattFg":"U0226003","theoFgNm":"이론","abeekDetaSubmattFgNm":"","sy32shtmRcomYn":"","openTm":3.0,"pnt":3.0,"sbjtId":"331","abeekChoiceSbjtCnt":null,"corsYy":"2019","subInspTotalPnt":8.0,"abeekGrpNm":"","rowStatus":1,"theoFg":"U0210001","curiNo":"2019101580"},{"submattFg":"U0209001","stgNeceGrpNm":"","sideTotalPnt":3.0,"sbjtChgFg":"","subDgnTotalPnt":27.0,"sy62shtmRcomYn":"","abeekSubmattFgNm":"전공","sustLsnFgNm":"전필","sy12shtmRcomYn":"","sy42shtmRcomYn":"","abeekInspPracPntCnt":0.0,"genrl1stgNeceSbjtCnt":null,"abeekSustLsnFg":"U0225001","abeekDetaSubmattFg":"","sy51shtmRcomYn":"","abeekSustLsnFgNm":"인필","sy11shtmRcomYn":"","abeekTheoPntCnt":3.0,"sy31shtmRcomYn":"","submattFgNm":"전공과목","sbjtCd":"CBE243","subTheoTotalPnt":120.0,"mjCd":"DS03001025001","sy61shtmRcomYn":"","sy22shtmRcomYn":"","mjCdNm":"응용화학생명공학전공(과)","sustLsnFg":"U0208004","sy52shtmRcomYn":"","sy21shtmRcomYn":"○","sbjtChgFgNm":"","abeekDgnPntCnt":0.0,"sbjtKorNm":"화학생명공학양론","sy41shtmRcomYn":"","genrl1stgNeceGrp":"","abeekGrpChoice":"","abeekSubmattFg":"U0226003","theoFgNm":"이론","abeekDetaSubmattFgNm":"","sy32shtmRcomYn":"","openTm":3.0,"pnt":3.0,"sbjtId":"20100230","abeekChoiceSbjtCnt":null,"corsYy":"2019","subInspTotalPnt":8.0,"abeekGrpNm":"","rowStatus":1,"theoFg":"U0210001","curiNo":"2019101583"},{"submattFg":"U0209001","stgNeceGrpNm":"","sideTotalPnt":1.0,"sbjtChgFg":"U0212002","subDgnTotalPnt":27.0,"sy62shtmRcomYn":"","abeekSubmattFgNm":"전공","sustLsnFgNm":"전필","sy12shtmRcomYn":"","sy42shtmRcomYn":"","abeekInspPracPntCnt":2.0,"genrl1stgNeceSbjtCnt":null,"abeekSustLsnFg":"U0225001","abeekDetaSubmattFg":"","sy51shtmRcomYn":"","abeekSustLsnFgNm":"인필","sy11shtmRcomYn":"","abeekTheoPntCnt":0.0,"sy31shtmRcomYn":"○","submattFgNm":"전공과목","sbjtCd":"CBE315","subTheoTotalPnt":120.0,"mjCd":"DS03001025001","sy61shtmRcomYn":"","sy22shtmRcomYn":"","mjCdNm":"응용화학생명공학전공(과)","sustLsnFg":"U0208004","sy52shtmRcomYn":"","sy21shtmRcomYn":"","sbjtChgFgNm":"변경","abeekDgnPntCnt":0.0,"sbjtKorNm":"화학반응공정실험","sy41shtmRcomYn":"","genrl1stgNeceGrp":"","abeekGrpChoice":"","abeekSubmattFg":"U0226003","theoFgNm":"실습","abeekDetaSubmattFgNm":"","sy32shtmRcomYn":"","openTm":2.0,"pnt":1.0,"sbjtId":"20180419","abeekChoiceSbjtCnt":null,"corsYy":"2019","subInspTotalPnt":8.0,"abeekGrpNm":"","rowStatus":1,"theoFg":"U0210002","curiNo":"2019101575"},{"submattFg":"U0209001","stgNeceGrpNm":"","sideTotalPnt":1.0,"sbjtChgFg":"U0212002","subDgnTotalPnt":27.0,"sy62shtmRcomYn":"","abeekSubmattFgNm":"전공","sustLsnFgNm":"전필","sy12shtmRcomYn":"","sy42shtmRcomYn":"","abeekInspPracPntCnt":2.0,"genrl1stgNeceSbjtCnt":null,"abeekSustLsnFg":"U0225001","abeekDetaSubmattFg":"","sy51shtmRcomYn":"","abeekSustLsnFgNm":"인필","sy11shtmRcomYn":"","abeekTheoPntCnt":0.0,"sy31shtmRcomYn":"","submattFgNm":"전공과목","sbjtCd":"CBE316","subTheoTotalPnt":120.0,"mjCd":"DS03001025001","sy61shtmRcomYn":"","sy22shtmRcomYn":"","mjCdNm":"응용화학생명공학전공(과)","sustLsnFg":"U0208004","sy52shtmRcomYn":"","sy21shtmRcomYn":"","sbjtChgFgNm":"변경","abeekDgnPntCnt":0.0,"sbjtKorNm":"생물공정실험","sy41shtmRcomYn":"","genrl1stgNeceGrp":"","abeekGrpChoice":"","abeekSubmattFg":"U0226003","theoFgNm":"실습","abeekDetaSubmattFgNm":"","sy32shtmRcomYn":"○","openTm":2.0,"pnt":1.0,"sbjtId":"20180420","abeekChoiceSbjtCnt":null,"corsYy":"2019","subInspTotalPnt":8.0,"abeekGrpNm":"","rowStatus":1,"theoFg":"U0210002","curiNo":"2019101578"},{"submattFg":"U0209001","stgNeceGrpNm":"","sideTotalPnt":3.0,"sbjtChgFg":"","subDgnTotalPnt":27.0,"sy62shtmRcomYn":"","abeekSubmattFgNm":"전공","sustLsnFgNm":"전필","sy12shtmRcomYn":"","sy42shtmRcomYn":"","abeekInspPracPntCnt":0.0,"genrl1stgNeceSbjtCnt":null,"abeekSustLsnFg":"U0225001","abeekDetaSubmattFg":"","sy51shtmRcomYn":"","abeekSustLsnFgNm":"인필","sy11shtmRcomYn":"","abeekTheoPntCnt":3.0,"sy31shtmRcomYn":"","submattFgNm":"전공과목","sbjtCd":"CBE321","subTheoTotalPnt":120.0,"mjCd":"DS03001025001","sy61shtmRcomYn":"","sy22shtmRcomYn":"○","mjCdNm":"응용화학생명공학전공(과)","sustLsnFg":"U0208004","sy52shtmRcomYn":"","sy21shtmRcomYn":"","sbjtChgFgNm":"","abeekDgnPntCnt":0.0,"sbjtKorNm":"생화학","sy41shtmRcomYn":"","genrl1stgNeceGrp":"","abeekGrpChoice":"","abeekSubmattFg":"U0226003","theoFgNm":"이론","abeekDetaSubmattFgNm":"","sy32shtmRcomYn":"","openTm":3.0,"pnt":3.0,"sbjtId":"471","abeekChoiceSbjtCnt":null,"corsYy":"2019","subInspTotalPnt":8.0,"abeekGrpNm":"","rowStatus":1,"theoFg":"U0210001","curiNo":"2019101576"},{"submattFg":"U0209001","stgNeceGrpNm":"","sideTotalPnt":3.0,"sbjtChgFg":"","subDgnTotalPnt":27.0,"sy62shtmRcomYn":"","abeekSubmattFgNm":"전공","sustLsnFgNm":"전필","sy12shtmRcomYn":"","sy42shtmRcomYn":"","abeekInspPracPntCnt":0.0,"genrl1stgNeceSbjtCnt":null,"abeekSustLsnFg":"U0225001","abeekDetaSubmattFg":"","sy51shtmRcomYn":"","abeekSustLsnFgNm":"인필","sy11shtmRcomYn":"","abeekTheoPntCnt":3.0,"sy31shtmRcomYn":"○","submattFgNm":"전공과목","sbjtCd":"CBE348","subTheoTotalPnt":120.0,"mjCd":"DS03001025001","sy61shtmRcomYn":"","sy22shtmRcomYn":"","mjCdNm":"응용화학생명공학전공(과)","sustLsnFg":"U0208004","sy52shtmRcomYn":"","sy21shtmRcomYn":"","sbjtChgFgNm":"","abeekDgnPntCnt":0.0,"sbjtKorNm":"화학생명공학 단위조작","sy41shtmRcomYn":"","genrl1stgNeceGrp":"","abeekGrpChoice":"","abeekSubmattFg":"U0226003","theoFgNm":"이론","abeekDetaSubmattFgNm":"","sy32shtmRcomYn":"","openTm":3.0,"pnt":3.0,"sbjtId":"20100231","abeekChoiceSbjtCnt":null,"corsYy":"2019","subInspTotalPnt":8.0,"abeekGrpNm":"","rowStatus":1,"theoFg":"U0210001","curiNo":"2019101577"},{"submattFg":"U0209001","stgNeceGrpNm":"","sideTotalPnt":3.0,"sbjtChgFg":"","subDgnTotalPnt":27.0,"sy62shtmRcomYn":"","abeekSubmattFgNm":"전공","sustLsnFgNm":"전필","sy12shtmRcomYn":"","sy42shtmRcomYn":"○","abeekInspPracPntCnt":0.0,"genrl1stgNeceSbjtCnt":null,"abeekSustLsnFg":"U0225001","abeekDetaSubmattFg":"","sy51shtmRcomYn":"","abeekSustLsnFgNm":"인필","sy11shtmRcomYn":"","abeekTheoPntCnt":0.0,"sy31shtmRcomYn":"","submattFgNm":"전공과목","sbjtCd":"CBE444","subTheoTotalPnt":120.0,"mjCd":"DS03001025001","sy61shtmRcomYn":"","sy22shtmRcomYn":"","mjCdNm":"응용화학생명공학전공(과)","sustLsnFg":"U0208004","sy52shtmRcomYn":"","sy21shtmRcomYn":"","sbjtChgFgNm":"","abeekDgnPntCnt":3.0,"sbjtKorNm":"화학생명공학종합설계","sy41shtmRcomYn":"○","genrl1stgNeceGrp":"","abeekGrpChoice":"","abeekSubmattFg":"U0226003","theoFgNm":"설계","abeekDetaSubmattFgNm":"","sy32shtmRcomYn":"","openTm":3.0,"pnt":3.0,"sbjtId":"21385","abeekChoiceSbjtCnt":null,"corsYy":"2019","subInspTotalPnt":8.0,"abeekGrpNm":"","rowStatus":1,"theoFg":"U0210003","curiNo":"2019101579"},{"submattFg":"U0209001","stgNeceGrpNm":"","sideTotalPnt":1.0,"sbjtChgFg":"U0212001","subDgnTotalPnt":null,"sy62shtmRcomYn":"","abeekSubmattFgNm":"","sustLsnFgNm":"전필","sy12shtmRcomYn":"","sy42shtmRcomYn":"","abeekInspPracPntCnt":null,"genrl1stgNeceSbjtCnt":null,"abeekSustLsnFg":"","abeekDetaSubmattFg":"","sy51shtmRcomYn":"","abeekSustLsnFgNm":"","sy11shtmRcomYn":"","abeekTheoPntCnt":null,"sy31shtmRcomYn":"","submattFgNm":"전공과목","sbjtCd":"CBE217","subTheoTotalPnt":null,"mjCd":"DS03001025001","sy61shtmRcomYn":"","sy22shtmRcomYn":"","mjCdNm":"응용화학생명공학전공(과)","sustLsnFg":"U0208004","sy52shtmRcomYn":"","sy21shtmRcomYn":"○","sbjtChgFgNm":"신설","abeekDgnPntCnt":null,"sbjtKorNm":"분자생물학실험","sy41shtmRcomYn":"","genrl1stgNeceGrp":"","abeekGrpChoice":"","abeekSubmattFg":"","theoFgNm":"실습","abeekDetaSubmattFgNm":"","sy32shtmRcomYn":"","openTm":2.0,"pnt":1.0,"sbjtId":"20180421","abeekChoiceSbjtCnt":null,"corsYy":"2019","subInspTotalPnt":null,"abeekGrpNm":"","rowStatus":1,"theoFg":"U0210002","curiNo":"2019107779"},{"submattFg":"U0209001","stgNeceGrpNm":"","sideTotalPnt":1.0,"sbjtChgFg":"U0212001","subDgnTotalPnt":null,"sy62shtmRcomYn":"","abeekSubmattFgNm":"","sustLsnFgNm":"전필","sy12shtmRcomYn":"","sy42shtmRcomYn":"","abeekInspPracPntCnt":null,"genrl1stgNeceSbjtCnt":null,"abeekSustLsnFg":"","abeekDetaSubmattFg":"","sy51shtmRcomYn":"","abeekSustLsnFgNm":"","sy11shtmRcomYn":"","abeekTheoPntCnt":null,"sy31shtmRcomYn":"","submattFgNm":"전공과목","sbjtCd":"CBE218","subTheoTotalPnt":null,"mjCd":"DS03001025001","sy61shtmRcomYn":"","sy22shtmRcomYn":"○","mjCdNm":"응용화학생명공학전공(과)","sustLsnFg":"U0208004","sy52shtmRcomYn":"","sy21shtmRcomYn":"","sbjtChgFgNm":"신설","abeekDgnPntCnt":null,"sbjtKorNm":"유기합성실험","sy41shtmRcomYn":"","genrl1stgNeceGrp":"","abeekGrpChoice":"","abeekSubmattFg":"","theoFgNm":"실습","abeekDetaSubmattFgNm":"","sy32shtmRcomYn":"","openTm":2.0,"pnt":1.0,"sbjtId":"20180422","abeekChoiceSbjtCnt":null,"corsYy":"2019","subInspTotalPnt":null,"abeekGrpNm":"","rowStatus":1,"theoFg":"U0210002","curiNo":"2019107780"},{"submattFg":"U0209001","stgNeceGrpNm":"","sideTotalPnt":1.0,"sbjtChgFg":"U0212001","subDgnTotalPnt":null,"sy62shtmRcomYn":"","abeekSubmattFgNm":"","sustLsnFgNm":"전필","sy12shtmRcomYn":"","sy42shtmRcomYn":"","abeekInspPracPntCnt":null,"genrl1stgNeceSbjtCnt":null,"abeekSustLsnFg":"","abeekDetaSubmattFg":"","sy51shtmRcomYn":"","abeekSustLsnFgNm":"","sy11shtmRcomYn":"","abeekTheoPntCnt":null,"sy31shtmRcomYn":"○","submattFgNm":"전공과목","sbjtCd":"CBE317","subTheoTotalPnt":null,"mjCd":"DS03001025001","sy61shtmRcomYn":"","sy22shtmRcomYn":"","mjCdNm":"응용화학생명공학전공(과)","sustLsnFg":"U0208004","sy52shtmRcomYn":"","sy21shtmRcomYn":"","sbjtChgFgNm":"신설","abeekDgnPntCnt":null,"sbjtKorNm":"세포공학실험","sy41shtmRcomYn":"","genrl1stgNeceGrp":"","abeekGrpChoice":"","abeekSubmattFg":"","theoFgNm":"실습","abeekDetaSubmattFgNm":"","sy32shtmRcomYn":"","openTm":2.0,"pnt":1.0,"sbjtId":"20180423","abeekChoiceSbjtCnt":null,"corsYy":"2019","subInspTotalPnt":null,"abeekGrpNm":"","rowStatus":1,"theoFg":"U0210002","curiNo":"2019107781"},{"submattFg":"U0209001","stgNeceGrpNm":"","sideTotalPnt":1.0,"sbjtChgFg":"U0212001","subDgnTotalPnt":null,"sy62shtmRcomYn":"","abeekSubmattFgNm":"","sustLsnFgNm":"전필","sy12shtmRcomYn":"","sy42shtmRcomYn":"","abeekInspPracPntCnt":null,"genrl1stgNeceSbjtCnt":null,"abeekSustLsnFg":"","abeekDetaSubmattFg":"","sy51shtmRcomYn":"","abeekSustLsnFgNm":"","sy11shtmRcomYn":"","abeekTheoPntCnt":null,"sy31shtmRcomYn":"","submattFgNm":"전공과목","sbjtCd":"CBE318","subTheoTotalPnt":null,"mjCd":"DS03001025001","sy61shtmRcomYn":"","sy22shtmRcomYn":"","mjCdNm":"응용화학생명공학전공(과)","sustLsnFg":"U0208004","sy52shtmRcomYn":"","sy21shtmRcomYn":"","sbjtChgFgNm":"신설","abeekDgnPntCnt":null,"sbjtKorNm":"고분자합성실험","sy41shtmRcomYn":"","genrl1stgNeceGrp":"","abeekGrpChoice":"","abeekSubmattFg":"","theoFgNm":"실습","abeekDetaSubmattFgNm":"","sy32shtmRcomYn":"○","openTm":2.0,"pnt":1.0,"sbjtId":"20180424","abeekChoiceSbjtCnt":null,"corsYy":"2019","subInspTotalPnt":null,"abeekGrpNm":"","rowStatus":1,"theoFg":"U0210002","curiNo":"2019107782"},{"submattFg":"U0209001","stgNeceGrpNm":"","sideTotalPnt":3.0,"sbjtChgFg":"","subDgnTotalPnt":27.0,"sy62shtmRcomYn":"","abeekSubmattFgNm":"전공","sustLsnFgNm":"전선","sy12shtmRcomYn":"","sy42shtmRcomYn":"","abeekInspPracPntCnt":0.0,"genrl1stgNeceSbjtCnt":null,"abeekSustLsnFg":"U0225001","abeekDetaSubmattFg":"","sy51shtmRcomYn":"","abeekSustLsnFgNm":"인필","sy11shtmRcomYn":"","abeekTheoPntCnt":3.0,"sy31shtmRcomYn":"","submattFgNm":"전공과목","sbjtCd":"CBE214","subTheoTotalPnt":120.0,"mjCd":"DS03001025001","sy61shtmRcomYn":"","sy22shtmRcomYn":"","mjCdNm":"응용화학생명공학전공(과)","sustLsnFg":"U0208005","sy52shtmRcomYn":"","sy21shtmRcomYn":"○","sbjtChgFgNm":"","abeekDgnPntCnt":0.0,"sbjtKorNm":"화학생물분석","sy41shtmRcomYn":"","genrl1stgNeceGrp":"","abeekGrpChoice":"","abeekSubmattFg":"U0226003","theoFgNm":"이론","abeekDetaSubmattFgNm":"","sy32shtmRcomYn":"","openTm":3.0,"pnt":3.0,"sbjtId":"20100228","abeekChoiceSbjtCnt":null,"corsYy":"2019","subInspTotalPnt":8.0,"abeekGrpNm":"","rowStatus":1,"theoFg":"U0210001","curiNo":"2019101627"},{"submattFg":"U0209001","stgNeceGrpNm":"","sideTotalPnt":3.0,"sbjtChgFg":"","subDgnTotalPnt":27.0,"sy62shtmRcomYn":"","abeekSubmattFgNm":"전공","sustLsnFgNm":"전선","sy12shtmRcomYn":"","sy42shtmRcomYn":"","abeekInspPracPntCnt":0.0,"genrl1stgNeceSbjtCnt":null,"abeekSustLsnFg":"U0225002","abeekDetaSubmattFg":"","sy51shtmRcomYn":"","abeekSustLsnFgNm":"인선","sy11shtmRcomYn":"","abeekTheoPntCnt":3.0,"sy31shtmRcomYn":"","submattFgNm":"전공과목","sbjtCd":"CBE233","subTheoTotalPnt":120.0,"mjCd":"DS03001025001","sy61shtmRcomYn":"","sy22shtmRcomYn":"○","mjCdNm":"응용화학생명공학전공(과)","sustLsnFg":"U0208005","sy52shtmRcomYn":"","sy21shtmRcomYn":"","sbjtChgFgNm":"","abeekDgnPntCnt":0.0,"sbjtKorNm":"유기화학2","sy41shtmRcomYn":"","genrl1stgNeceGrp":"","abeekGrpChoice":"","abeekSubmattFg":"U0226003","theoFgNm":"이론","abeekDetaSubmattFgNm":"","sy32shtmRcomYn":"","openTm":3.0,"pnt":3.0,"sbjtId":"644","abeekChoiceSbjtCnt":null,"corsYy":"2019","subInspTotalPnt":8.0,"abeekGrpNm":"","rowStatus":1,"theoFg":"U0210001","curiNo":"2019101630"},{"submattFg":"U0209001","stgNeceGrpNm":"","sideTotalPnt":3.0,"sbjtChgFg":"","subDgnTotalPnt":27.0,"sy62shtmRcomYn":"","abeekSubmattFgNm":"전공","sustLsnFgNm":"전선","sy12shtmRcomYn":"","sy42shtmRcomYn":"","abeekInspPracPntCnt":0.0,"genrl1stgNeceSbjtCnt":null,"abeekSustLsnFg":"U0225002","abeekDetaSubmattFg":"","sy51shtmRcomYn":"","abeekSustLsnFgNm":"인선","sy11shtmRcomYn":"","abeekTheoPntCnt":1.0,"sy31shtmRcomYn":"","submattFgNm":"전공과목","sbjtCd":"CBE313","subTheoTotalPnt":120.0,"mjCd":"DS03001025001","sy61shtmRcomYn":"","sy22shtmRcomYn":"","mjCdNm":"응용화학생명공학전공(과)","sustLsnFg":"U0208005","sy52shtmRcomYn":"","sy21shtmRcomYn":"","sbjtChgFgNm":"","abeekDgnPntCnt":2.0,"sbjtKorNm":"나노기술입문","sy41shtmRcomYn":"","genrl1stgNeceGrp":"","abeekGrpChoice":"","abeekSubmattFg":"U0226003","theoFgNm":"이론","abeekDetaSubmattFgNm":"","sy32shtmRcomYn":"○","openTm":3.0,"pnt":3.0,"sbjtId":"11854","abeekChoiceSbjtCnt":null,"corsYy":"2019","subInspTotalPnt":8.0,"abeekGrpNm":"","rowStatus":1,"theoFg":"U0210001","curiNo":"2019101629"},{"submattFg":"U0209001","stgNeceGrpNm":"","sideTotalPnt":3.0,"sbjtChgFg":"","subDgnTotalPnt":27.0,"sy62shtmRcomYn":"","abeekSubmattFgNm":"전공","sustLsnFgNm":"전선","sy12shtmRcomYn":"","sy42shtmRcomYn":"","abeekInspPracPntCnt":0.0,"genrl1stgNeceSbjtCnt":null,"abeekSustLsnFg":"U0225002","abeekDetaSubmattFg":"","sy51shtmRcomYn":"","abeekSustLsnFgNm":"인선","sy11shtmRcomYn":"","abeekTheoPntCnt":1.0,"sy31shtmRcomYn":"","submattFgNm":"전공과목","sbjtCd":"CBE3210","subTheoTotalPnt":120.0,"mjCd":"DS03001025001","sy61shtmRcomYn":"","sy22shtmRcomYn":"","mjCdNm":"응용화학생명공학전공(과)","sustLsnFg":"U0208005","sy52shtmRcomYn":"","sy21shtmRcomYn":"","sbjtChgFgNm":"","abeekDgnPntCnt":2.0,"sbjtKorNm":"면역학","sy41shtmRcomYn":"","genrl1stgNeceGrp":"","abeekGrpChoice":"","abeekSubmattFg":"U0226003","theoFgNm":"이론","abeekDetaSubmattFgNm":"","sy32shtmRcomYn":"○","openTm":3.0,"pnt":3.0,"sbjtId":"308","abeekChoiceSbjtCnt":null,"corsYy":"2019","subInspTotalPnt":8.0,"abeekGrpNm":"","rowStatus":1,"theoFg":"U0210001","curiNo":"2019101626"},{"submattFg":"U0209001","stgNeceGrpNm":"","sideTotalPnt":3.0,"sbjtChgFg":"","subDgnTotalPnt":27.0,"sy62shtmRcomYn":"","abeekSubmattFgNm":"전공","sustLsnFgNm":"전선","sy12shtmRcomYn":"","sy42shtmRcomYn":"","abeekInspPracPntCnt":0.0,"genrl1stgNeceSbjtCnt":null,"abeekSustLsnFg":"U0225002","abeekDetaSubmattFg":"","sy51shtmRcomYn":"","abeekSustLsnFgNm":"인선","sy11shtmRcomYn":"","abeekTheoPntCnt":1.0,"sy31shtmRcomYn":"","submattFgNm":"전공과목","sbjtCd":"CBE3211","subTheoTotalPnt":120.0,"mjCd":"DS03001025001","sy61shtmRcomYn":"","sy22shtmRcomYn":"","mjCdNm":"응용화학생명공학전공(과)","sustLsnFg":"U0208005","sy52shtmRcomYn":"","sy21shtmRcomYn":"","sbjtChgFgNm":"","abeekDgnPntCnt":2.0,"sbjtKorNm":"식품공학","sy41shtmRcomYn":"","genrl1stgNeceGrp":"","abeekGrpChoice":"","abeekSubmattFg":"U0226003","theoFgNm":"이론+설계","abeekDetaSubmattFgNm":"","sy32shtmRcomYn":"○","openTm":3.0,"pnt":3.0,"sbjtId":"550","abeekChoiceSbjtCnt":null,"corsYy":"2019","subInspTotalPnt":8.0,"abeekGrpNm":"","rowStatus":1,"theoFg":"U0210006","curiNo":"2019101625"},{"submattFg":"U0209001","stgNeceGrpNm":"","sideTotalPnt":3.0,"sbjtChgFg":"","subDgnTotalPnt":27.0,"sy62shtmRcomYn":"","abeekSubmattFgNm":"전공","sustLsnFgNm":"전선","sy12shtmRcomYn":"","sy42shtmRcomYn":"","abeekInspPracPntCnt":0.0,"genrl1stgNeceSbjtCnt":null,"abeekSustLsnFg":"U0225002","abeekDetaSubmattFg":"","sy51shtmRcomYn":"","abeekSustLsnFgNm":"인선","sy11shtmRcomYn":"","abeekTheoPntCnt":3.0,"sy31shtmRcomYn":"","submattFgNm":"전공과목","sbjtCd":"CBE3213","subTheoTotalPnt":120.0,"mjCd":"DS03001025001","sy61shtmRcomYn":"","sy22shtmRcomYn":"","mjCdNm":"응용화학생명공학전공(과)","sustLsnFg":"U0208005","sy52shtmRcomYn":"","sy21shtmRcomYn":"","sbjtChgFgNm":"","abeekDgnPntCnt":0.0,"sbjtKorNm":"응용생화학","sy41shtmRcomYn":"","genrl1stgNeceGrp":"","abeekGrpChoice":"","abeekSubmattFg":"U0226003","theoFgNm":"이론","abeekDetaSubmattFgNm":"","sy32shtmRcomYn":"○","openTm":3.0,"pnt":3.0,"sbjtId":"20120705","abeekChoiceSbjtCnt":null,"corsYy":"2019","subInspTotalPnt":8.0,"abeekGrpNm":"","rowStatus":1,"theoFg":"U0210001","curiNo":"2019101624"},{"submattFg":"U0209001","stgNeceGrpNm":"","sideTotalPnt":3.0,"sbjtChgFg":"","subDgnTotalPnt":27.0,"sy62shtmRcomYn":"","abeekSubmattFgNm":"전공","sustLsnFgNm":"전선","sy12shtmRcomYn":"","sy42shtmRcomYn":"","abeekInspPracPntCnt":0.0,"genrl1stgNeceSbjtCnt":null,"abeekSustLsnFg":"U0225002","abeekDetaSubmattFg":"","sy51shtmRcomYn":"","abeekSustLsnFgNm":"인선","sy11shtmRcomYn":"","abeekTheoPntCnt":1.0,"sy31shtmRcomYn":"○","submattFgNm":"전공과목","sbjtCd":"CBE322","subTheoTotalPnt":120.0,"mjCd":"DS03001025001","sy61shtmRcomYn":"","sy22shtmRcomYn":"","mjCdNm":"응용화학생명공학전공(과)","sustLsnFg":"U0208005","sy52shtmRcomYn":"","sy21shtmRcomYn":"","sbjtChgFgNm":"","abeekDgnPntCnt":2.0,"sbjtKorNm":"미생물학","sy41shtmRcomYn":"","genrl1stgNeceGrp":"","abeekGrpChoice":"","abeekSubmattFg":"U0226003","theoFgNm":"이론","abeekDetaSubmattFgNm":"","sy32shtmRcomYn":"○","openTm":3.0,"pnt":3.0,"sbjtId":"345","abeekChoiceSbjtCnt":null,"corsYy":"2019","subInspTotalPnt":8.0,"abeekGrpNm":"","rowStatus":1,"theoFg":"U0210001","curiNo":"2019101623"},{"submattFg":"U0209001","stgNeceGrpNm":"","sideTotalPnt":3.0,"sbjtChgFg":"","subDgnTotalPnt":27.0,"sy62shtmRcomYn":"","abeekSubmattFgNm":"전공","sustLsnFgNm":"전선","sy12shtmRcomYn":"","sy42shtmRcomYn":"","abeekInspPracPntCnt":0.0,"genrl1stgNeceSbjtCnt":null,"abeekSustLsnFg":"U0225002","abeekDetaSubmattFg":"","sy51shtmRcomYn":"","abeekSustLsnFgNm":"인선","sy11shtmRcomYn":"","abeekTheoPntCnt":1.0,"sy31shtmRcomYn":"○","submattFgNm":"전공과목","sbjtCd":"CBE323","subTheoTotalPnt":120.0,"mjCd":"DS03001025001","sy61shtmRcomYn":"","sy22shtmRcomYn":"","mjCdNm":"응용화학생명공학전공(과)","sustLsnFg":"U0208005","sy52shtmRcomYn":"","sy21shtmRcomYn":"","sbjtChgFgNm":"","abeekDgnPntCnt":2.0,"sbjtKorNm":"세포학","sy41shtmRcomYn":"","genrl1stgNeceGrp":"","abeekGrpChoice":"","abeekSubmattFg":"U0226003","theoFgNm":"이론","abeekDetaSubmattFgNm":"","sy32shtmRcomYn":"","openTm":3.0,"pnt":3.0,"sbjtId":"497","abeekChoiceSbjtCnt":null,"corsYy":"2019","subInspTotalPnt":8.0,"abeekGrpNm":"","rowStatus":1,"theoFg":"U0210001","curiNo":"2019101622"},{"submattFg":"U0209001","stgNeceGrpNm":"","sideTotalPnt":3.0,"sbjtChgFg":"","subDgnTotalPnt":27.0,"sy62shtmRcomYn":"","abeekSubmattFgNm":"전공","sustLsnFgNm":"전선","sy12shtmRcomYn":"","sy42shtmRcomYn":"","abeekInspPracPntCnt":0.0,"genrl1stgNeceSbjtCnt":null,"abeekSustLsnFg":"U0225002","abeekDetaSubmattFg":"","sy51shtmRcomYn":"","abeekSustLsnFgNm":"인선","sy11shtmRcomYn":"","abeekTheoPntCnt":3.0,"sy31shtmRcomYn":"","submattFgNm":"전공과목","sbjtCd":"CBE325","subTheoTotalPnt":120.0,"mjCd":"DS03001025001","sy61shtmRcomYn":"","sy22shtmRcomYn":"","mjCdNm":"응용화학생명공학전공(과)","sustLsnFg":"U0208005","sy52shtmRcomYn":"","sy21shtmRcomYn":"","sbjtChgFgNm":"","abeekDgnPntCnt":0.0,"sbjtKorNm":"유전공학","sy41shtmRcomYn":"","genrl1stgNeceGrp":"","abeekGrpChoice":"","abeekSubmattFg":"U0226003","theoFgNm":"이론","abeekDetaSubmattFgNm":"","sy32shtmRcomYn":"○","openTm":3.0,"pnt":3.0,"sbjtId":"655","abeekChoiceSbjtCnt":null,"corsYy":"2019","subInspTotalPnt":8.0,"abeekGrpNm":"","rowStatus":1,"theoFg":"U0210001","curiNo":"2019101621"},{"submattFg":"U0209001","stgNeceGrpNm":"","sideTotalPnt":3.0,"sbjtChgFg":"","subDgnTotalPnt":27.0,"sy62shtmRcomYn":"","abeekSubmattFgNm":"전공","sustLsnFgNm":"전선","sy12shtmRcomYn":"","sy42shtmRcomYn":"","abeekInspPracPntCnt":0.0,"genrl1stgNeceSbjtCnt":null,"abeekSustLsnFg":"U0225002","abeekDetaSubmattFg":"","sy51shtmRcomYn":"","abeekSustLsnFgNm":"인선","sy11shtmRcomYn":"","abeekTheoPntCnt":3.0,"sy31shtmRcomYn":"○","submattFgNm":"전공과목","sbjtCd":"CBE326","subTheoTotalPnt":120.0,"mjCd":"DS03001025001","sy61shtmRcomYn":"","sy22shtmRcomYn":"","mjCdNm":"응용화학생명공학전공(과)","sustLsnFg":"U0208005","sy52shtmRcomYn":"","sy21shtmRcomYn":"","sbjtChgFgNm":"","abeekDgnPntCnt":0.0,"sbjtKorNm":"단백질공학","sy41shtmRcomYn":"","genrl1stgNeceGrp":"","abeekGrpChoice":"","abeekSubmattFg":"U0226003","theoFgNm":"이론","abeekDetaSubmattFgNm":"","sy32shtmRcomYn":"","openTm":3.0,"pnt":3.0,"sbjtId":"11793","abeekChoiceSbjtCnt":null,"corsYy":"2019","subInspTotalPnt":8.0,"abeekGrpNm":"","rowStatus":1,"theoFg":"U0210001","curiNo":"2019101620"},{"submattFg":"U0209001","stgNeceGrpNm":"","sideTotalPnt":3.0,"sbjtChgFg":"","subDgnTotalPnt":27.0,"sy62shtmRcomYn":"","abeekSubmattFgNm":"전공","sustLsnFgNm":"전선","sy12shtmRcomYn":"","sy42shtmRcomYn":"","abeekInspPracPntCnt":0.0,"genrl1stgNeceSbjtCnt":null,"abeekSustLsnFg":"U0225002","abeekDetaSubmattFg":"","sy51shtmRcomYn":"","abeekSustLsnFgNm":"인선","sy11shtmRcomYn":"","abeekTheoPntCnt":3.0,"sy31shtmRcomYn":"","submattFgNm":"전공과목","sbjtCd":"CBE327","subTheoTotalPnt":120.0,"mjCd":"DS03001025001","sy61shtmRcomYn":"","sy22shtmRcomYn":"","mjCdNm":"응용화학생명공학전공(과)","sustLsnFg":"U0208005","sy52shtmRcomYn":"","sy21shtmRcomYn":"","sbjtChgFgNm":"","abeekDgnPntCnt":0.0,"sbjtKorNm":"세포공학","sy41shtmRcomYn":"","genrl1stgNeceGrp":"","abeekGrpChoice":"","abeekSubmattFg":"U0226003","theoFgNm":"이론","abeekDetaSubmattFgNm":"","sy32shtmRcomYn":"○","openTm":3.0,"pnt":3.0,"sbjtId":"13717","abeekChoiceSbjtCnt":null,"corsYy":"2019","subInspTotalPnt":8.0,"abeekGrpNm":"","rowStatus":1,"theoFg":"U0210001","curiNo":"2019101584"},{"submattFg":"U0209001","stgNeceGrpNm":"","sideTotalPnt":3.0,"sbjtChgFg":"","subDgnTotalPnt":27.0,"sy62shtmRcomYn":"","abeekSubmattFgNm":"전공","sustLsnFgNm":"전선","sy12shtmRcomYn":"","sy42shtmRcomYn":"","abeekInspPracPntCnt":0.0,"genrl1stgNeceSbjtCnt":null,"abeekSustLsnFg":"U0225002","abeekDetaSubmattFg":"","sy51shtmRcomYn":"","abeekSustLsnFgNm":"인선","sy11shtmRcomYn":"","abeekTheoPntCnt":3.0,"sy31shtmRcomYn":"○","submattFgNm":"전공과목","sbjtCd":"CBE331","subTheoTotalPnt":120.0,"mjCd":"DS03001025001","sy61shtmRcomYn":"","sy22shtmRcomYn":"","mjCdNm":"응용화학생명공학전공(과)","sustLsnFg":"U0208005","sy52shtmRcomYn":"","sy21shtmRcomYn":"","sbjtChgFgNm":"","abeekDgnPntCnt":0.0,"sbjtKorNm":"유기공업화학","sy41shtmRcomYn":"","genrl1stgNeceGrp":"","abeekGrpChoice":"","abeekSubmattFg":"U0226003","theoFgNm":"이론","abeekDetaSubmattFgNm":"","sy32shtmRcomYn":"","openTm":3.0,"pnt":3.0,"sbjtId":"638","abeekChoiceSbjtCnt":null,"corsYy":"2019","subInspTotalPnt":8.0,"abeekGrpNm":"","rowStatus":1,"theoFg":"U0210001","curiNo":"2019101585"},{"submattFg":"U0209001","stgNeceGrpNm":"","sideTotalPnt":3.0,"sbjtChgFg":"","subDgnTotalPnt":27.0,"sy62shtmRcomYn":"","abeekSubmattFgNm":"전공","sustLsnFgNm":"전선","sy12shtmRcomYn":"","sy42shtmRcomYn":"","abeekInspPracPntCnt":0.0,"genrl1stgNeceSbjtCnt":null,"abeekSustLsnFg":"U0225002","abeekDetaSubmattFg":"","sy51shtmRcomYn":"","abeekSustLsnFgNm":"인선","sy11shtmRcomYn":"","abeekTheoPntCnt":1.0,"sy31shtmRcomYn":"○","submattFgNm":"전공과목","sbjtCd":"CBE332","subTheoTotalPnt":120.0,"mjCd":"DS03001025001","sy61shtmRcomYn":"","sy22shtmRcomYn":"","mjCdNm":"응용화학생명공학전공(과)","sustLsnFg":"U0208005","sy52shtmRcomYn":"","sy21shtmRcomYn":"","sbjtChgFgNm":"","abeekDgnPntCnt":2.0,"sbjtKorNm":"천연물이용학","sy41shtmRcomYn":"","genrl1stgNeceGrp":"","abeekGrpChoice":"","abeekSubmattFg":"U0226003","theoFgNm":"이론","abeekDetaSubmattFgNm":"","sy32shtmRcomYn":"","openTm":3.0,"pnt":3.0,"sbjtId":"11679","abeekChoiceSbjtCnt":null,"corsYy":"2019","subInspTotalPnt":8.0,"abeekGrpNm":"","rowStatus":1,"theoFg":"U0210001","curiNo":"2019101586"},{"submattFg":"U0209001","stgNeceGrpNm":"","sideTotalPnt":3.0,"sbjtChgFg":"","subDgnTotalPnt":27.0,"sy62shtmRcomYn":"","abeekSubmattFgNm":"전공","sustLsnFgNm":"전선","sy12shtmRcomYn":"","sy42shtmRcomYn":"","abeekInspPracPntCnt":0.0,"genrl1stgNeceSbjtCnt":null,"abeekSustLsnFg":"U0225002","abeekDetaSubmattFg":"","sy51shtmRcomYn":"","abeekSustLsnFgNm":"인선","sy11shtmRcomYn":"","abeekTheoPntCnt":1.0,"sy31shtmRcomYn":"○","submattFgNm":"전공과목","sbjtCd":"CBE333","subTheoTotalPnt":120.0,"mjCd":"DS03001025001","sy61shtmRcomYn":"","sy22shtmRcomYn":"","mjCdNm":"응용화학생명공학전공(과)","sustLsnFg":"U0208005","sy52shtmRcomYn":"","sy21shtmRcomYn":"","sbjtChgFgNm":"","abeekDgnPntCnt":2.0,"sbjtKorNm":"무기화학1","sy41shtmRcomYn":"","genrl1stgNeceGrp":"","abeekGrpChoice":"","abeekSubmattFg":"U0226003","theoFgNm":"이론","abeekDetaSubmattFgNm":"","sy32shtmRcomYn":"","openTm":3.0,"pnt":3.0,"sbjtId":"16802","abeekChoiceSbjtCnt":null,"corsYy":"2019","subInspTotalPnt":8.0,"abeekGrpNm":"","rowStatus":1,"theoFg":"U0210001","curiNo":"2019101587"},{"submattFg":"U0209001","stgNeceGrpNm":"","sideTotalPnt":3.0,"sbjtChgFg":"","subDgnTotalPnt":27.0,"sy62shtmRcomYn":"","abeekSubmattFgNm":"전공","sustLsnFgNm":"전선","sy12shtmRcomYn":"","sy42shtmRcomYn":"","abeekInspPracPntCnt":0.0,"genrl1stgNeceSbjtCnt":null,"abeekSustLsnFg":"U0225002","abeekDetaSubmattFg":"","sy51shtmRcomYn":"","abeekSustLsnFgNm":"인선","sy11shtmRcomYn":"","abeekTheoPntCnt":1.0,"sy31shtmRcomYn":"○","submattFgNm":"전공과목","sbjtCd":"CBE334","subTheoTotalPnt":120.0,"mjCd":"DS03001025001","sy61shtmRcomYn":"","sy22shtmRcomYn":"","mjCdNm":"응용화학생명공학전공(과)","sustLsnFg":"U0208005","sy52shtmRcomYn":"","sy21shtmRcomYn":"","sbjtChgFgNm":"","abeekDgnPntCnt":2.0,"sbjtKorNm":"고분자과학","sy41shtmRcomYn":"","genrl1stgNeceGrp":"","abeekGrpChoice":"","abeekSubmattFg":"U0226003","theoFgNm":"이론","abeekDetaSubmattFgNm":"","sy32shtmRcomYn":"","openTm":3.0,"pnt":3.0,"sbjtId":"86","abeekChoiceSbjtCnt":null,"corsYy":"2019","subInspTotalPnt":8.0,"abeekGrpNm":"","rowStatus":1,"theoFg":"U0210001","curiNo":"2019101588"},{"submattFg":"U0209001","stgNeceGrpNm":"","sideTotalPnt":3.0,"sbjtChgFg":"","subDgnTotalPnt":27.0,"sy62shtmRcomYn":"","abeekSubmattFgNm":"전공","sustLsnFgNm":"전선","sy12shtmRcomYn":"","sy42shtmRcomYn":"","abeekInspPracPntCnt":0.0,"genrl1stgNeceSbjtCnt":null,"abeekSustLsnFg":"U0225002","abeekDetaSubmattFg":"","sy51shtmRcomYn":"","abeekSustLsnFgNm":"인선","sy11shtmRcomYn":"","abeekTheoPntCnt":3.0,"sy31shtmRcomYn":"","submattFgNm":"전공과목","sbjtCd":"CBE336","subTheoTotalPnt":120.0,"mjCd":"DS03001025001","sy61shtmRcomYn":"","sy22shtmRcomYn":"","mjCdNm":"응용화학생명공학전공(과)","sustLsnFg":"U0208005","sy52shtmRcomYn":"","sy21shtmRcomYn":"","sbjtChgFgNm":"","abeekDgnPntCnt":0.0,"sbjtKorNm":"생체소재화학","sy41shtmRcomYn":"","genrl1stgNeceGrp":"","abeekGrpChoice":"","abeekSubmattFg":"U0226003","theoFgNm":"이론","abeekDetaSubmattFgNm":"","sy32shtmRcomYn":"○","openTm":3.0,"pnt":3.0,"sbjtId":"15899","abeekChoiceSbjtCnt":null,"corsYy":"2019","subInspTotalPnt":8.0,"abeekGrpNm":"","rowStatus":1,"theoFg":"U0210001","curiNo":"2019101589"},{"submattFg":"U0209001","stgNeceGrpNm":"","sideTotalPnt":3.0,"sbjtChgFg":"","subDgnTotalPnt":27.0,"sy62shtmRcomYn":"","abeekSubmattFgNm":"전공","sustLsnFgNm":"전선","sy12shtmRcomYn":"","sy42shtmRcomYn":"","abeekInspPracPntCnt":0.0,"genrl1stgNeceSbjtCnt":null,"abeekSustLsnFg":"U0225002","abeekDetaSubmattFg":"","sy51shtmRcomYn":"","abeekSustLsnFgNm":"인선","sy11shtmRcomYn":"","abeekTheoPntCnt":3.0,"sy31shtmRcomYn":"","submattFgNm":"전공과목","sbjtCd":"CBE337","subTheoTotalPnt":120.0,"mjCd":"DS03001025001","sy61shtmRcomYn":"","sy22shtmRcomYn":"","mjCdNm":"응용화학생명공학전공(과)","sustLsnFg":"U0208005","sy52shtmRcomYn":"","sy21shtmRcomYn":"","sbjtChgFgNm":"","abeekDgnPntCnt":0.0,"sbjtKorNm":"의약화학","sy41shtmRcomYn":"","genrl1stgNeceGrp":"","abeekGrpChoice":"","abeekSubmattFg":"U0226003","theoFgNm":"이론","abeekDetaSubmattFgNm":"","sy32shtmRcomYn":"○","openTm":3.0,"pnt":3.0,"sbjtId":"15900","abeekChoiceSbjtCnt":null,"corsYy":"2019","subInspTotalPnt":8.0,"abeekGrpNm":"","rowStatus":1,"theoFg":"U0210001","curiNo":"2019101590"},{"submattFg":"U0209001","stgNeceGrpNm":"","sideTotalPnt":3.0,"sbjtChgFg":"","subDgnTotalPnt":27.0,"sy62shtmRcomYn":"","abeekSubmattFgNm":"전공","sustLsnFgNm":"전선","sy12shtmRcomYn":"","sy42shtmRcomYn":"","abeekInspPracPntCnt":0.0,"genrl1stgNeceSbjtCnt":null,"abeekSustLsnFg":"U0225002","abeekDetaSubmattFg":"","sy51shtmRcomYn":"","abeekSustLsnFgNm":"인선","sy11shtmRcomYn":"","abeekTheoPntCnt":1.0,"sy31shtmRcomYn":"","submattFgNm":"전공과목","sbjtCd":"CBE341","subTheoTotalPnt":120.0,"mjCd":"DS03001025001","sy61shtmRcomYn":"","sy22shtmRcomYn":"","mjCdNm":"응용화학생명공학전공(과)","sustLsnFg":"U0208005","sy52shtmRcomYn":"","sy21shtmRcomYn":"","sbjtChgFgNm":"","abeekDgnPntCnt":2.0,"sbjtKorNm":"고분자합성","sy41shtmRcomYn":"","genrl1stgNeceGrp":"","abeekGrpChoice":"","abeekSubmattFg":"U0226003","theoFgNm":"이론","abeekDetaSubmattFgNm":"","sy32shtmRcomYn":"○","openTm":3.0,"pnt":3.0,"sbjtId":"88","abeekChoiceSbjtCnt":null,"corsYy":"2019","subInspTotalPnt":8.0,"abeekGrpNm":"","rowStatus":1,"theoFg":"U0210001","curiNo":"2019101591"},{"submattFg":"U0209001","stgNeceGrpNm":"","sideTotalPnt":3.0,"sbjtChgFg":"","subDgnTotalPnt":27.0,"sy62shtmRcomYn":"","abeekSubmattFgNm":"전공","sustLsnFgNm":"전선","sy12shtmRcomYn":"","sy42shtmRcomYn":"","abeekInspPracPntCnt":0.0,"genrl1stgNeceSbjtCnt":null,"abeekSustLsnFg":"U0225002","abeekDetaSubmattFg":"","sy51shtmRcomYn":"","abeekSustLsnFgNm":"인선","sy11shtmRcomYn":"","abeekTheoPntCnt":3.0,"sy31shtmRcomYn":"","submattFgNm":"전공과목","sbjtCd":"CBE342","subTheoTotalPnt":120.0,"mjCd":"DS03001025001","sy61shtmRcomYn":"","sy22shtmRcomYn":"","mjCdNm":"응용화학생명공학전공(과)","sustLsnFg":"U0208005","sy52shtmRcomYn":"","sy21shtmRcomYn":"","sbjtChgFgNm":"","abeekDgnPntCnt":0.0,"sbjtKorNm":"무기공업화학","sy41shtmRcomYn":"","genrl1stgNeceGrp":"","abeekGrpChoice":"","abeekSubmattFg":"U0226003","theoFgNm":"이론","abeekDetaSubmattFgNm":"","sy32shtmRcomYn":"○","openTm":3.0,"pnt":3.0,"sbjtId":"311","abeekChoiceSbjtCnt":null,"corsYy":"2019","subInspTotalPnt":8.0,"abeekGrpNm":"","rowStatus":1,"theoFg":"U0210001","curiNo":"2019101592"},{"submattFg":"U0209001","stgNeceGrpNm":"","sideTotalPnt":3.0,"sbjtChgFg":"","subDgnTotalPnt":27.0,"sy62shtmRcomYn":"","abeekSubmattFgNm":"전공","sustLsnFgNm":"전선","sy12shtmRcomYn":"","sy42shtmRcomYn":"","abeekInspPracPntCnt":0.0,"genrl1stgNeceSbjtCnt":null,"abeekSustLsnFg":"U0225002","abeekDetaSubmattFg":"","sy51shtmRcomYn":"","abeekSustLsnFgNm":"인선","sy11shtmRcomYn":"","abeekTheoPntCnt":3.0,"sy31shtmRcomYn":"","submattFgNm":"전공과목","sbjtCd":"CBE343","subTheoTotalPnt":120.0,"mjCd":"DS03001025001","sy61shtmRcomYn":"","sy22shtmRcomYn":"","mjCdNm":"응용화학생명공학전공(과)","sustLsnFg":"U0208005","sy52shtmRcomYn":"","sy21shtmRcomYn":"","sbjtChgFgNm":"","abeekDgnPntCnt":0.0,"sbjtKorNm":"생물화학공학","sy41shtmRcomYn":"","genrl1stgNeceGrp":"","abeekGrpChoice":"","abeekSubmattFg":"U0226003","theoFgNm":"이론","abeekDetaSubmattFgNm":"","sy32shtmRcomYn":"○","openTm":3.0,"pnt":3.0,"sbjtId":"459","abeekChoiceSbjtCnt":null,"corsYy":"2019","subInspTotalPnt":8.0,"abeekGrpNm":"","rowStatus":1,"theoFg":"U0210001","curiNo":"2019101631"},{"submattFg":"U0209001","stgNeceGrpNm":"","sideTotalPnt":3.0,"sbjtChgFg":"","subDgnTotalPnt":27.0,"sy62shtmRcomYn":"","abeekSubmattFgNm":"전공","sustLsnFgNm":"전선","sy12shtmRcomYn":"","sy42shtmRcomYn":"","abeekInspPracPntCnt":0.0,"genrl1stgNeceSbjtCnt":null,"abeekSustLsnFg":"U0225002","abeekDetaSubmattFg":"","sy51shtmRcomYn":"","abeekSustLsnFgNm":"인선","sy11shtmRcomYn":"","abeekTheoPntCnt":3.0,"sy31shtmRcomYn":"○","submattFgNm":"전공과목","sbjtCd":"CBE345","subTheoTotalPnt":120.0,"mjCd":"DS03001025001","sy61shtmRcomYn":"","sy22shtmRcomYn":"","mjCdNm":"응용화학생명공학전공(과)","sustLsnFg":"U0208005","sy52shtmRcomYn":"","sy21shtmRcomYn":"","sbjtChgFgNm":"","abeekDgnPntCnt":0.0,"sbjtKorNm":"효소공학","sy41shtmRcomYn":"","genrl1stgNeceGrp":"","abeekGrpChoice":"","abeekSubmattFg":"U0226003","theoFgNm":"이론","abeekDetaSubmattFgNm":"","sy32shtmRcomYn":"","openTm":3.0,"pnt":3.0,"sbjtId":"1026","abeekChoiceSbjtCnt":null,"corsYy":"2019","subInspTotalPnt":8.0,"abeekGrpNm":"","rowStatus":1,"theoFg":"U0210001","curiNo":"2019101594"},{"submattFg":"U0209001","stgNeceGrpNm":"","sideTotalPnt":3.0,"sbjtChgFg":"","subDgnTotalPnt":27.0,"sy62shtmRcomYn":"","abeekSubmattFgNm":"전공","sustLsnFgNm":"전선","sy12shtmRcomYn":"","sy42shtmRcomYn":"","abeekInspPracPntCnt":0.0,"genrl1stgNeceSbjtCnt":null,"abeekSustLsnFg":"U0225002","abeekDetaSubmattFg":"","sy51shtmRcomYn":"","abeekSustLsnFgNm":"인선","sy11shtmRcomYn":"","abeekTheoPntCnt":3.0,"sy31shtmRcomYn":"","submattFgNm":"전공과목","sbjtCd":"CBE347","subTheoTotalPnt":120.0,"mjCd":"DS03001025001","sy61shtmRcomYn":"","sy22shtmRcomYn":"","mjCdNm":"응용화학생명공학전공(과)","sustLsnFg":"U0208005","sy52shtmRcomYn":"","sy21shtmRcomYn":"","sbjtChgFgNm":"","abeekDgnPntCnt":0.0,"sbjtKorNm":"미생물공학","sy41shtmRcomYn":"","genrl1stgNeceGrp":"","abeekGrpChoice":"","abeekSubmattFg":"U0226003","theoFgNm":"이론","abeekDetaSubmattFgNm":"","sy32shtmRcomYn":"○","openTm":3.0,"pnt":3.0,"sbjtId":"20120706","abeekChoiceSbjtCnt":null,"corsYy":"2019","subInspTotalPnt":8.0,"abeekGrpNm":"","rowStatus":1,"theoFg":"U0210001","curiNo":"2019101595"},{"submattFg":"U0209001","stgNeceGrpNm":"","sideTotalPnt":3.0,"sbjtChgFg":"","subDgnTotalPnt":27.0,"sy62shtmRcomYn":"","abeekSubmattFgNm":"전공","sustLsnFgNm":"전선","sy12shtmRcomYn":"","sy42shtmRcomYn":"○","abeekInspPracPntCnt":null,"genrl1stgNeceSbjtCnt":null,"abeekSustLsnFg":"U0225002","abeekDetaSubmattFg":"","sy51shtmRcomYn":"","abeekSustLsnFgNm":"인선","sy11shtmRcomYn":"","abeekTheoPntCnt":3.0,"sy31shtmRcomYn":"","submattFgNm":"전공과목","sbjtCd":"CBE412","subTheoTotalPnt":120.0,"mjCd":"DS03001025001","sy61shtmRcomYn":"","sy22shtmRcomYn":"","mjCdNm":"응용화학생명공학전공(과)","sustLsnFg":"U0208005","sy52shtmRcomYn":"","sy21shtmRcomYn":"","sbjtChgFgNm":"","abeekDgnPntCnt":0.0,"sbjtKorNm":"대체에너지화학","sy41shtmRcomYn":"","genrl1stgNeceGrp":"","abeekGrpChoice":"","abeekSubmattFg":"U0226003","theoFgNm":"이론","abeekDetaSubmattFgNm":"","sy32shtmRcomYn":"","openTm":3.0,"pnt":3.0,"sbjtId":"20100227","abeekChoiceSbjtCnt":null,"corsYy":"2019","subInspTotalPnt":8.0,"abeekGrpNm":"","rowStatus":1,"theoFg":"U0210001","curiNo":"2019101596"},{"submattFg":"U0209001","stgNeceGrpNm":"","sideTotalPnt":3.0,"sbjtChgFg":"","subDgnTotalPnt":27.0,"sy62shtmRcomYn":"","abeekSubmattFgNm":"전공","sustLsnFgNm":"전선","sy12shtmRcomYn":"","sy42shtmRcomYn":"","abeekInspPracPntCnt":0.0,"genrl1stgNeceSbjtCnt":null,"abeekSustLsnFg":"U0225002","abeekDetaSubmattFg":"","sy51shtmRcomYn":"","abeekSustLsnFgNm":"인선","sy11shtmRcomYn":"","abeekTheoPntCnt":3.0,"sy31shtmRcomYn":"","submattFgNm":"전공과목","sbjtCd":"CBE421","subTheoTotalPnt":120.0,"mjCd":"DS03001025001","sy61shtmRcomYn":"","sy22shtmRcomYn":"","mjCdNm":"응용화학생명공학전공(과)","sustLsnFg":"U0208005","sy52shtmRcomYn":"","sy21shtmRcomYn":"","sbjtChgFgNm":"","abeekDgnPntCnt":0.0,"sbjtKorNm":"프로테오믹스","sy41shtmRcomYn":"○","genrl1stgNeceGrp":"","abeekGrpChoice":"","abeekSubmattFg":"U0226003","theoFgNm":"이론","abeekDetaSubmattFgNm":"","sy32shtmRcomYn":"","openTm":3.0,"pnt":3.0,"sbjtId":"11707","abeekChoiceSbjtCnt":null,"corsYy":"2019","subInspTotalPnt":8.0,"abeekGrpNm":"","rowStatus":1,"theoFg":"U0210001","curiNo":"2019101597"},{"submattFg":"U0209001","stgNeceGrpNm":"","sideTotalPnt":3.0,"sbjtChgFg":"","subDgnTotalPnt":27.0,"sy62shtmRcomYn":"","abeekSubmattFgNm":"전공","sustLsnFgNm":"전선","sy12shtmRcomYn":"","sy42shtmRcomYn":"","abeekInspPracPntCnt":0.0,"genrl1stgNeceSbjtCnt":null,"abeekSustLsnFg":"U0225002","abeekDetaSubmattFg":"","sy51shtmRcomYn":"","abeekSustLsnFgNm":"인선","sy11shtmRcomYn":"","abeekTheoPntCnt":3.0,"sy31shtmRcomYn":"","submattFgNm":"전공과목","sbjtCd":"CBE422","subTheoTotalPnt":120.0,"mjCd":"DS03001025001","sy61shtmRcomYn":"","sy22shtmRcomYn":"","mjCdNm":"응용화학생명공학전공(과)","sustLsnFg":"U0208005","sy52shtmRcomYn":"","sy21shtmRcomYn":"","sbjtChgFgNm":"","abeekDgnPntCnt":0.0,"sbjtKorNm":"유전체공학","sy41shtmRcomYn":"○","genrl1stgNeceGrp":"","abeekGrpChoice":"","abeekSubmattFg":"U0226003","theoFgNm":"이론","abeekDetaSubmattFgNm":"","sy32shtmRcomYn":"","openTm":3.0,"pnt":3.0,"sbjtId":"11632","abeekChoiceSbjtCnt":null,"corsYy":"2019","subInspTotalPnt":8.0,"abeekGrpNm":"","rowStatus":1,"theoFg":"U0210001","curiNo":"2019101598"},{"submattFg":"U0209001","stgNeceGrpNm":"","sideTotalPnt":3.0,"sbjtChgFg":"","subDgnTotalPnt":27.0,"sy62shtmRcomYn":"","abeekSubmattFgNm":"전공","sustLsnFgNm":"전선","sy12shtmRcomYn":"","sy42shtmRcomYn":"○","abeekInspPracPntCnt":0.0,"genrl1stgNeceSbjtCnt":null,"abeekSustLsnFg":"U0225002","abeekDetaSubmattFg":"","sy51shtmRcomYn":"","abeekSustLsnFgNm":"인선","sy11shtmRcomYn":"","abeekTheoPntCnt":3.0,"sy31shtmRcomYn":"","submattFgNm":"전공과목","sbjtCd":"CBE426","subTheoTotalPnt":120.0,"mjCd":"DS03001025001","sy61shtmRcomYn":"","sy22shtmRcomYn":"","mjCdNm":"응용화학생명공학전공(과)","sustLsnFg":"U0208005","sy52shtmRcomYn":"","sy21shtmRcomYn":"","sbjtChgFgNm":"","abeekDgnPntCnt":0.0,"sbjtKorNm":"화학유전체학","sy41shtmRcomYn":"","genrl1stgNeceGrp":"","abeekGrpChoice":"","abeekSubmattFg":"U0226003","theoFgNm":"이론","abeekDetaSubmattFgNm":"","sy32shtmRcomYn":"","openTm":3.0,"pnt":3.0,"sbjtId":"20150491","abeekChoiceSbjtCnt":null,"corsYy":"2019","subInspTotalPnt":8.0,"abeekGrpNm":"","rowStatus":1,"theoFg":"U0210001","curiNo":"2019101599"},{"submattFg":"U0209001","stgNeceGrpNm":"","sideTotalPnt":3.0,"sbjtChgFg":"","subDgnTotalPnt":27.0,"sy62shtmRcomYn":"","abeekSubmattFgNm":"전공","sustLsnFgNm":"전선","sy12shtmRcomYn":"","sy42shtmRcomYn":"○","abeekInspPracPntCnt":0.0,"genrl1stgNeceSbjtCnt":null,"abeekSustLsnFg":"U0225002","abeekDetaSubmattFg":"","sy51shtmRcomYn":"","abeekSustLsnFgNm":"인선","sy11shtmRcomYn":"","abeekTheoPntCnt":1.0,"sy31shtmRcomYn":"","submattFgNm":"전공과목","sbjtCd":"CBE427","subTheoTotalPnt":120.0,"mjCd":"DS03001025001","sy61shtmRcomYn":"","sy22shtmRcomYn":"","mjCdNm":"응용화학생명공학전공(과)","sustLsnFg":"U0208005","sy52shtmRcomYn":"","sy21shtmRcomYn":"","sbjtChgFgNm":"","abeekDgnPntCnt":2.0,"sbjtKorNm":"식품화학","sy41shtmRcomYn":"","genrl1stgNeceGrp":"","abeekGrpChoice":"","abeekSubmattFg":"U0226003","theoFgNm":"이론","abeekDetaSubmattFgNm":"","sy32shtmRcomYn":"","openTm":3.0,"pnt":3.0,"sbjtId":"552","abeekChoiceSbjtCnt":null,"corsYy":"2019","subInspTotalPnt":8.0,"abeekGrpNm":"","rowStatus":1,"theoFg":"U0210001","curiNo":"2019101600"},{"submattFg":"U0209001","stgNeceGrpNm":"","sideTotalPnt":3.0,"sbjtChgFg":"","subDgnTotalPnt":27.0,"sy62shtmRcomYn":"","abeekSubmattFgNm":"전공","sustLsnFgNm":"전선","sy12shtmRcomYn":"","sy42shtmRcomYn":"","abeekInspPracPntCnt":0.0,"genrl1stgNeceSbjtCnt":null,"abeekSustLsnFg":"U0225002","abeekDetaSubmattFg":"","sy51shtmRcomYn":"","abeekSustLsnFgNm":"인선","sy11shtmRcomYn":"","abeekTheoPntCnt":3.0,"sy31shtmRcomYn":"","submattFgNm":"전공과목","sbjtCd":"CBE431","subTheoTotalPnt":120.0,"mjCd":"DS03001025001","sy61shtmRcomYn":"","sy22shtmRcomYn":"","mjCdNm":"응용화학생명공학전공(과)","sustLsnFg":"U0208005","sy52shtmRcomYn":"","sy21shtmRcomYn":"","sbjtChgFgNm":"","abeekDgnPntCnt":0.0,"sbjtKorNm":"기기분석 및 측정","sy41shtmRcomYn":"○","genrl1stgNeceGrp":"","abeekGrpChoice":"","abeekSubmattFg":"U0226003","theoFgNm":"이론","abeekDetaSubmattFgNm":"","sy32shtmRcomYn":"","openTm":3.0,"pnt":3.0,"sbjtId":"15859","abeekChoiceSbjtCnt":null,"corsYy":"2019","subInspTotalPnt":8.0,"abeekGrpNm":"","rowStatus":1,"theoFg":"U0210001","curiNo":"2019101601"},{"submattFg":"U0209001","stgNeceGrpNm":"","sideTotalPnt":3.0,"sbjtChgFg":"","subDgnTotalPnt":27.0,"sy62shtmRcomYn":"","abeekSubmattFgNm":"전공","sustLsnFgNm":"전선","sy12shtmRcomYn":"","sy42shtmRcomYn":"○","abeekInspPracPntCnt":0.0,"genrl1stgNeceSbjtCnt":null,"abeekSustLsnFg":"U0225002","abeekDetaSubmattFg":"","sy51shtmRcomYn":"","abeekSustLsnFgNm":"인선","sy11shtmRcomYn":"","abeekTheoPntCnt":1.0,"sy31shtmRcomYn":"","submattFgNm":"전공과목","sbjtCd":"CBE432","subTheoTotalPnt":120.0,"mjCd":"DS03001025001","sy61shtmRcomYn":"","sy22shtmRcomYn":"","mjCdNm":"응용화학생명공학전공(과)","sustLsnFg":"U0208005","sy52shtmRcomYn":"","sy21shtmRcomYn":"","sbjtChgFgNm":"","abeekDgnPntCnt":2.0,"sbjtKorNm":"유기금속화학","sy41shtmRcomYn":"","genrl1stgNeceGrp":"","abeekGrpChoice":"","abeekSubmattFg":"U0226003","theoFgNm":"이론","abeekDetaSubmattFgNm":"","sy32shtmRcomYn":"","openTm":3.0,"pnt":3.0,"sbjtId":"639","abeekChoiceSbjtCnt":null,"corsYy":"2019","subInspTotalPnt":8.0,"abeekGrpNm":"","rowStatus":1,"theoFg":"U0210001","curiNo":"2019101602"},{"submattFg":"U0209001","stgNeceGrpNm":"","sideTotalPnt":3.0,"sbjtChgFg":"","subDgnTotalPnt":27.0,"sy62shtmRcomYn":"","abeekSubmattFgNm":"전공","sustLsnFgNm":"전선","sy12shtmRcomYn":"","sy42shtmRcomYn":"","abeekInspPracPntCnt":0.0,"genrl1stgNeceSbjtCnt":null,"abeekSustLsnFg":"U0225002","abeekDetaSubmattFg":"","sy51shtmRcomYn":"","abeekSustLsnFgNm":"인선","sy11shtmRcomYn":"","abeekTheoPntCnt":3.0,"sy31shtmRcomYn":"","submattFgNm":"전공과목","sbjtCd":"CBE434","subTheoTotalPnt":120.0,"mjCd":"DS03001025001","sy61shtmRcomYn":"","sy22shtmRcomYn":"","mjCdNm":"응용화학생명공학전공(과)","sustLsnFg":"U0208005","sy52shtmRcomYn":"","sy21shtmRcomYn":"","sbjtChgFgNm":"","abeekDgnPntCnt":0.0,"sbjtKorNm":"청정화학","sy41shtmRcomYn":"○","genrl1stgNeceGrp":"","abeekGrpChoice":"","abeekSubmattFg":"U0226003","theoFgNm":"이론","abeekDetaSubmattFgNm":"","sy32shtmRcomYn":"","openTm":3.0,"pnt":3.0,"sbjtId":"15898","abeekChoiceSbjtCnt":null,"corsYy":"2019","subInspTotalPnt":8.0,"abeekGrpNm":"","rowStatus":1,"theoFg":"U0210001","curiNo":"2019101603"},{"submattFg":"U0209001","stgNeceGrpNm":"","sideTotalPnt":3.0,"sbjtChgFg":"","subDgnTotalPnt":27.0,"sy62shtmRcomYn":"","abeekSubmattFgNm":"전공","sustLsnFgNm":"전선","sy12shtmRcomYn":"","sy42shtmRcomYn":"○","abeekInspPracPntCnt":0.0,"genrl1stgNeceSbjtCnt":null,"abeekSustLsnFg":"U0225002","abeekDetaSubmattFg":"","sy51shtmRcomYn":"","abeekSustLsnFgNm":"인선","sy11shtmRcomYn":"","abeekTheoPntCnt":1.0,"sy31shtmRcomYn":"","submattFgNm":"전공과목","sbjtCd":"CBE435","subTheoTotalPnt":120.0,"mjCd":"DS03001025001","sy61shtmRcomYn":"","sy22shtmRcomYn":"","mjCdNm":"응용화학생명공학전공(과)","sustLsnFg":"U0208005","sy52shtmRcomYn":"","sy21shtmRcomYn":"","sbjtChgFgNm":"","abeekDgnPntCnt":2.0,"sbjtKorNm":"무기화학2","sy41shtmRcomYn":"","genrl1stgNeceGrp":"","abeekGrpChoice":"","abeekSubmattFg":"U0226003","theoFgNm":"이론","abeekDetaSubmattFgNm":"","sy32shtmRcomYn":"","openTm":3.0,"pnt":3.0,"sbjtId":"16801","abeekChoiceSbjtCnt":null,"corsYy":"2019","subInspTotalPnt":8.0,"abeekGrpNm":"","rowStatus":1,"theoFg":"U0210001","curiNo":"2019101604"},{"submattFg":"U0209001","stgNeceGrpNm":"","sideTotalPnt":3.0,"sbjtChgFg":"U0212002","subDgnTotalPnt":27.0,"sy62shtmRcomYn":"","abeekSubmattFgNm":"전공","sustLsnFgNm":"전선","sy12shtmRcomYn":"","sy42shtmRcomYn":"","abeekInspPracPntCnt":0.0,"genrl1stgNeceSbjtCnt":null,"abeekSustLsnFg":"U0225002","abeekDetaSubmattFg":"","sy51shtmRcomYn":"","abeekSustLsnFgNm":"인선","sy11shtmRcomYn":"","abeekTheoPntCnt":3.0,"sy31shtmRcomYn":"","submattFgNm":"전공과목","sbjtCd":"CBE436","subTheoTotalPnt":120.0,"mjCd":"DS03001025001","sy61shtmRcomYn":"","sy22shtmRcomYn":"","mjCdNm":"응용화학생명공학전공(과)","sustLsnFg":"U0208005","sy52shtmRcomYn":"","sy21shtmRcomYn":"","sbjtChgFgNm":"변경","abeekDgnPntCnt":0.0,"sbjtKorNm":"화학소재공학","sy41shtmRcomYn":"○","genrl1stgNeceGrp":"","abeekGrpChoice":"","abeekSubmattFg":"U0226003","theoFgNm":"이론","abeekDetaSubmattFgNm":"","sy32shtmRcomYn":"","openTm":3.0,"pnt":3.0,"sbjtId":"11747","abeekChoiceSbjtCnt":null,"corsYy":"2019","subInspTotalPnt":8.0,"abeekGrpNm":"","rowStatus":1,"theoFg":"U0210001","curiNo":"2019101605"},{"submattFg":"U0209001","stgNeceGrpNm":"","sideTotalPnt":3.0,"sbjtChgFg":"","subDgnTotalPnt":27.0,"sy62shtmRcomYn":"","abeekSubmattFgNm":"전공","sustLsnFgNm":"전선","sy12shtmRcomYn":"","sy42shtmRcomYn":"○","abeekInspPracPntCnt":0.0,"genrl1stgNeceSbjtCnt":null,"abeekSustLsnFg":"U0225002","abeekDetaSubmattFg":"","sy51shtmRcomYn":"","abeekSustLsnFgNm":"인선","sy11shtmRcomYn":"","abeekTheoPntCnt":3.0,"sy31shtmRcomYn":"","submattFgNm":"전공과목","sbjtCd":"CBE437","subTheoTotalPnt":120.0,"mjCd":"DS03001025001","sy61shtmRcomYn":"","sy22shtmRcomYn":"","mjCdNm":"응용화학생명공학전공(과)","sustLsnFg":"U0208005","sy52shtmRcomYn":"","sy21shtmRcomYn":"","sbjtChgFgNm":"","abeekDgnPntCnt":0.0,"sbjtKorNm":"유기합성화학","sy41shtmRcomYn":"","genrl1stgNeceGrp":"","abeekGrpChoice":"","abeekSubmattFg":"U0226003","theoFgNm":"이론","abeekDetaSubmattFgNm":"","sy32shtmRcomYn":"","openTm":3.0,"pnt":3.0,"sbjtId":"641","abeekChoiceSbjtCnt":null,"corsYy":"2019","subInspTotalPnt":8.0,"abeekGrpNm":"","rowStatus":1,"theoFg":"U0210001","curiNo":"2019101606"},{"submattFg":"U0209001","stgNeceGrpNm":"","sideTotalPnt":3.0,"sbjtChgFg":"","subDgnTotalPnt":27.0,"sy62shtmRcomYn":"","abeekSubmattFgNm":"전공","sustLsnFgNm":"전선","sy12shtmRcomYn":"","sy42shtmRcomYn":"","abeekInspPracPntCnt":0.0,"genrl1stgNeceSbjtCnt":null,"abeekSustLsnFg":"U0225002","abeekDetaSubmattFg":"","sy51shtmRcomYn":"","abeekSustLsnFgNm":"인선","sy11shtmRcomYn":"","abeekTheoPntCnt":3.0,"sy31shtmRcomYn":"","submattFgNm":"전공과목","sbjtCd":"CBE439","subTheoTotalPnt":120.0,"mjCd":"DS03001025001","sy61shtmRcomYn":"","sy22shtmRcomYn":"","mjCdNm":"응용화학생명공학전공(과)","sustLsnFg":"U0208005","sy52shtmRcomYn":"","sy21shtmRcomYn":"","sbjtChgFgNm":"","abeekDgnPntCnt":0.0,"sbjtKorNm":"전자정보용 유기소재","sy41shtmRcomYn":"○","genrl1stgNeceGrp":"","abeekGrpChoice":"","abeekSubmattFg":"U0226003","theoFgNm":"이론","abeekDetaSubmattFgNm":"","sy32shtmRcomYn":"","openTm":3.0,"pnt":3.0,"sbjtId":"20100229","abeekChoiceSbjtCnt":null,"corsYy":"2019","subInspTotalPnt":8.0,"abeekGrpNm":"","rowStatus":1,"theoFg":"U0210001","curiNo":"2019101607"},{"submattFg":"U0209001","stgNeceGrpNm":"","sideTotalPnt":3.0,"sbjtChgFg":"","subDgnTotalPnt":27.0,"sy62shtmRcomYn":"","abeekSubmattFgNm":"전공","sustLsnFgNm":"전선","sy12shtmRcomYn":"","sy42shtmRcomYn":"","abeekInspPracPntCnt":0.0,"genrl1stgNeceSbjtCnt":null,"abeekSustLsnFg":"U0225002","abeekDetaSubmattFg":"","sy51shtmRcomYn":"","abeekSustLsnFgNm":"인선","sy11shtmRcomYn":"","abeekTheoPntCnt":3.0,"sy31shtmRcomYn":"","submattFgNm":"전공과목","sbjtCd":"CBE441","subTheoTotalPnt":120.0,"mjCd":"DS03001025001","sy61shtmRcomYn":"","sy22shtmRcomYn":"","mjCdNm":"응용화학생명공학전공(과)","sustLsnFg":"U0208005","sy52shtmRcomYn":"","sy21shtmRcomYn":"","sbjtChgFgNm":"","abeekDgnPntCnt":0.0,"sbjtKorNm":"촉매공학","sy41shtmRcomYn":"○","genrl1stgNeceGrp":"","abeekGrpChoice":"","abeekSubmattFg":"U0226003","theoFgNm":"이론","abeekDetaSubmattFgNm":"","sy32shtmRcomYn":"","openTm":3.0,"pnt":3.0,"sbjtId":"843","abeekChoiceSbjtCnt":null,"corsYy":"2019","subInspTotalPnt":8.0,"abeekGrpNm":"","rowStatus":1,"theoFg":"U0210001","curiNo":"2019101608"},{"submattFg":"U0209001","stgNeceGrpNm":"","sideTotalPnt":3.0,"sbjtChgFg":"","subDgnTotalPnt":27.0,"sy62shtmRcomYn":"","abeekSubmattFgNm":"전공","sustLsnFgNm":"전선","sy12shtmRcomYn":"","sy42shtmRcomYn":"","abeekInspPracPntCnt":0.0,"genrl1stgNeceSbjtCnt":null,"abeekSustLsnFg":"U0225002","abeekDetaSubmattFg":"","sy51shtmRcomYn":"","abeekSustLsnFgNm":"인선","sy11shtmRcomYn":"","abeekTheoPntCnt":3.0,"sy31shtmRcomYn":"","submattFgNm":"전공과목","sbjtCd":"CBE4414","subTheoTotalPnt":120.0,"mjCd":"DS03001025001","sy61shtmRcomYn":"","sy22shtmRcomYn":"","mjCdNm":"응용화학생명공학전공(과)","sustLsnFg":"U0208005","sy52shtmRcomYn":"","sy21shtmRcomYn":"","sbjtChgFgNm":"","abeekDgnPntCnt":0.0,"sbjtKorNm":"의생명공학","sy41shtmRcomYn":"○","genrl1stgNeceGrp":"","abeekGrpChoice":"","abeekSubmattFg":"U0226003","theoFgNm":"이론","abeekDetaSubmattFgNm":"","sy32shtmRcomYn":"","openTm":3.0,"pnt":3.0,"sbjtId":"20120703","abeekChoiceSbjtCnt":null,"corsYy":"2019","subInspTotalPnt":8.0,"abeekGrpNm":"","rowStatus":1,"theoFg":"U0210001","curiNo":"2019101609"},{"submattFg":"U0209001","stgNeceGrpNm":"","sideTotalPnt":3.0,"sbjtChgFg":"","subDgnTotalPnt":27.0,"sy62shtmRcomYn":"","abeekSubmattFgNm":"전공","sustLsnFgNm":"전선","sy12shtmRcomYn":"","sy42shtmRcomYn":"","abeekInspPracPntCnt":0.0,"genrl1stgNeceSbjtCnt":null,"abeekSustLsnFg":"U0225002","abeekDetaSubmattFg":"","sy51shtmRcomYn":"","abeekSustLsnFgNm":"인선","sy11shtmRcomYn":"","abeekTheoPntCnt":3.0,"sy31shtmRcomYn":"","submattFgNm":"전공과목","sbjtCd":"CBE4415","subTheoTotalPnt":120.0,"mjCd":"DS03001025001","sy61shtmRcomYn":"","sy22shtmRcomYn":"","mjCdNm":"응용화학생명공학전공(과)","sustLsnFg":"U0208005","sy52shtmRcomYn":"","sy21shtmRcomYn":"","sbjtChgFgNm":"","abeekDgnPntCnt":0.0,"sbjtKorNm":"발효공학","sy41shtmRcomYn":"○","genrl1stgNeceGrp":"","abeekGrpChoice":"","abeekSubmattFg":"U0226003","theoFgNm":"이론","abeekDetaSubmattFgNm":"","sy32shtmRcomYn":"","openTm":3.0,"pnt":3.0,"sbjtId":"20120704","abeekChoiceSbjtCnt":null,"corsYy":"2019","subInspTotalPnt":8.0,"abeekGrpNm":"","rowStatus":1,"theoFg":"U0210001","curiNo":"2019101610"},{"submattFg":"U0209001","stgNeceGrpNm":"","sideTotalPnt":3.0,"sbjtChgFg":"","subDgnTotalPnt":27.0,"sy62shtmRcomYn":"","abeekSubmattFgNm":"전공","sustLsnFgNm":"전선","sy12shtmRcomYn":"","sy42shtmRcomYn":"","abeekInspPracPntCnt":0.0,"genrl1stgNeceSbjtCnt":null,"abeekSustLsnFg":"U0225002","abeekDetaSubmattFg":"","sy51shtmRcomYn":"","abeekSustLsnFgNm":"인선","sy11shtmRcomYn":"","abeekTheoPntCnt":3.0,"sy31shtmRcomYn":"","submattFgNm":"전공과목","sbjtCd":"CBE4416","subTheoTotalPnt":120.0,"mjCd":"DS03001025001","sy61shtmRcomYn":"","sy22shtmRcomYn":"","mjCdNm":"응용화학생명공학전공(과)","sustLsnFg":"U0208005","sy52shtmRcomYn":"","sy21shtmRcomYn":"","sbjtChgFgNm":"","abeekDgnPntCnt":0.0,"sbjtKorNm":"화학생물산업품질경영","sy41shtmRcomYn":"○","genrl1stgNeceGrp":"","abeekGrpChoice":"","abeekSubmattFg":"U0226003","theoFgNm":"이론","abeekDetaSubmattFgNm":"","sy32shtmRcomYn":"","openTm":3.0,"pnt":3.0,"sbjtId":"20120707","abeekChoiceSbjtCnt":null,"corsYy":"2019","subInspTotalPnt":8.0,"abeekGrpNm":"","rowStatus":1,"theoFg":"U0210001","curiNo":"2019101611"},{"submattFg":"U0209001","stgNeceGrpNm":"","sideTotalPnt":3.0,"sbjtChgFg":"","subDgnTotalPnt":27.0,"sy62shtmRcomYn":"","abeekSubmattFgNm":"전공","sustLsnFgNm":"전선","sy12shtmRcomYn":"","sy42shtmRcomYn":"○","abeekInspPracPntCnt":0.0,"genrl1stgNeceSbjtCnt":null,"abeekSustLsnFg":"U0225002","abeekDetaSubmattFg":"","sy51shtmRcomYn":"","abeekSustLsnFgNm":"인선","sy11shtmRcomYn":"","abeekTheoPntCnt":3.0,"sy31shtmRcomYn":"","submattFgNm":"전공과목","sbjtCd":"CBE4417","subTheoTotalPnt":120.0,"mjCd":"DS03001025001","sy61shtmRcomYn":"","sy22shtmRcomYn":"","mjCdNm":"응용화학생명공학전공(과)","sustLsnFg":"U0208005","sy52shtmRcomYn":"","sy21shtmRcomYn":"","sbjtChgFgNm":"","abeekDgnPntCnt":0.0,"sbjtKorNm":"식품안전공학","sy41shtmRcomYn":"","genrl1stgNeceGrp":"","abeekGrpChoice":"","abeekSubmattFg":"U0226003","theoFgNm":"이론","abeekDetaSubmattFgNm":"","sy32shtmRcomYn":"","openTm":3.0,"pnt":3.0,"sbjtId":"20140404","abeekChoiceSbjtCnt":null,"corsYy":"2019","subInspTotalPnt":8.0,"abeekGrpNm":"","rowStatus":1,"theoFg":"U0210001","curiNo":"2019101612"},{"submattFg":"U0209001","stgNeceGrpNm":"","sideTotalPnt":3.0,"sbjtChgFg":"","subDgnTotalPnt":27.0,"sy62shtmRcomYn":"","abeekSubmattFgNm":"전공","sustLsnFgNm":"전선","sy12shtmRcomYn":"","sy42shtmRcomYn":"○","abeekInspPracPntCnt":0.0,"genrl1stgNeceSbjtCnt":null,"abeekSustLsnFg":"U0225002","abeekDetaSubmattFg":"","sy51shtmRcomYn":"","abeekSustLsnFgNm":"인선","sy11shtmRcomYn":"","abeekTheoPntCnt":3.0,"sy31shtmRcomYn":"","submattFgNm":"전공과목","sbjtCd":"CBE442","subTheoTotalPnt":120.0,"mjCd":"DS03001025001","sy61shtmRcomYn":"","sy22shtmRcomYn":"","mjCdNm":"응용화학생명공학전공(과)","sustLsnFg":"U0208005","sy52shtmRcomYn":"","sy21shtmRcomYn":"","sbjtChgFgNm":"","abeekDgnPntCnt":0.0,"sbjtKorNm":"고분자물성","sy41shtmRcomYn":"","genrl1stgNeceGrp":"","abeekGrpChoice":"","abeekSubmattFg":"U0226003","theoFgNm":"이론","abeekDetaSubmattFgNm":"","sy32shtmRcomYn":"","openTm":3.0,"pnt":3.0,"sbjtId":"87","abeekChoiceSbjtCnt":null,"corsYy":"2019","subInspTotalPnt":8.0,"abeekGrpNm":"","rowStatus":1,"theoFg":"U0210001","curiNo":"2019101613"},{"submattFg":"U0209001","stgNeceGrpNm":"","sideTotalPnt":3.0,"sbjtChgFg":"","subDgnTotalPnt":27.0,"sy62shtmRcomYn":"","abeekSubmattFgNm":"전공","sustLsnFgNm":"전선","sy12shtmRcomYn":"","sy42shtmRcomYn":"○","abeekInspPracPntCnt":0.0,"genrl1stgNeceSbjtCnt":null,"abeekSustLsnFg":"U0225002","abeekDetaSubmattFg":"","sy51shtmRcomYn":"","abeekSustLsnFgNm":"인선","sy11shtmRcomYn":"","abeekTheoPntCnt":3.0,"sy31shtmRcomYn":"","submattFgNm":"전공과목","sbjtCd":"CBE447","subTheoTotalPnt":120.0,"mjCd":"DS03001025001","sy61shtmRcomYn":"","sy22shtmRcomYn":"","mjCdNm":"응용화학생명공학전공(과)","sustLsnFg":"U0208005","sy52shtmRcomYn":"","sy21shtmRcomYn":"","sbjtChgFgNm":"","abeekDgnPntCnt":0.0,"sbjtKorNm":"생물분리정제공학","sy41shtmRcomYn":"","genrl1stgNeceGrp":"","abeekGrpChoice":"","abeekSubmattFg":"U0226003","theoFgNm":"이론","abeekDetaSubmattFgNm":"","sy32shtmRcomYn":"","openTm":3.0,"pnt":3.0,"sbjtId":"11583","abeekChoiceSbjtCnt":null,"corsYy":"2019","subInspTotalPnt":8.0,"abeekGrpNm":"","rowStatus":1,"theoFg":"U0210001","curiNo":"2019101614"},{"submattFg":"U0209001","stgNeceGrpNm":"","sideTotalPnt":3.0,"sbjtChgFg":"","subDgnTotalPnt":27.0,"sy62shtmRcomYn":"","abeekSubmattFgNm":"전공","sustLsnFgNm":"전선","sy12shtmRcomYn":"","sy42shtmRcomYn":"","abeekInspPracPntCnt":0.0,"genrl1stgNeceSbjtCnt":null,"abeekSustLsnFg":"U0225002","abeekDetaSubmattFg":"","sy51shtmRcomYn":"","abeekSustLsnFgNm":"인선","sy11shtmRcomYn":"","abeekTheoPntCnt":3.0,"sy31shtmRcomYn":"","submattFgNm":"전공과목","sbjtCd":"CBE448","subTheoTotalPnt":120.0,"mjCd":"DS03001025001","sy61shtmRcomYn":"","sy22shtmRcomYn":"","mjCdNm":"응용화학생명공학전공(과)","sustLsnFg":"U0208005","sy52shtmRcomYn":"","sy21shtmRcomYn":"","sbjtChgFgNm":"","abeekDgnPntCnt":0.0,"sbjtKorNm":"대사공학","sy41shtmRcomYn":"○","genrl1stgNeceGrp":"","abeekGrpChoice":"","abeekSubmattFg":"U0226003","theoFgNm":"이론","abeekDetaSubmattFgNm":"","sy32shtmRcomYn":"","openTm":3.0,"pnt":3.0,"sbjtId":"11794","abeekChoiceSbjtCnt":null,"corsYy":"2019","subInspTotalPnt":8.0,"abeekGrpNm":"","rowStatus":1,"theoFg":"U0210001","curiNo":"2019101615"},{"submattFg":"U0209001","stgNeceGrpNm":"","sideTotalPnt":3.0,"sbjtChgFg":"","subDgnTotalPnt":null,"sy62shtmRcomYn":"","abeekSubmattFgNm":"","sustLsnFgNm":"전선","sy12shtmRcomYn":"","sy42shtmRcomYn":"○","abeekInspPracPntCnt":null,"genrl1stgNeceSbjtCnt":null,"abeekSustLsnFg":"","abeekDetaSubmattFg":"","sy51shtmRcomYn":"","abeekSustLsnFgNm":"","sy11shtmRcomYn":"","abeekTheoPntCnt":null,"sy31shtmRcomYn":"○","submattFgNm":"전공과목","sbjtCd":"EINT101","subTheoTotalPnt":null,"mjCd":"DS03001025001","sy61shtmRcomYn":"","sy22shtmRcomYn":"","mjCdNm":"응용화학생명공학전공(과)","sustLsnFg":"U0208005","sy52shtmRcomYn":"","sy21shtmRcomYn":"","sbjtChgFgNm":"","abeekDgnPntCnt":null,"sbjtKorNm":"공학인턴십 1","sy41shtmRcomYn":"○","genrl1stgNeceGrp":"","abeekGrpChoice":"","abeekSubmattFg":"","theoFgNm":"실습","abeekDetaSubmattFgNm":"","sy32shtmRcomYn":"○","openTm":3.0,"pnt":3.0,"sbjtId":"12906","abeekChoiceSbjtCnt":null,"corsYy":"2019","subInspTotalPnt":null,"abeekGrpNm":"","rowStatus":1,"theoFg":"U0210002","curiNo":"2019101616"},{"submattFg":"U0209001","stgNeceGrpNm":"","sideTotalPnt":3.0,"sbjtChgFg":"","subDgnTotalPnt":null,"sy62shtmRcomYn":"","abeekSubmattFgNm":"","sustLsnFgNm":"전선","sy12shtmRcomYn":"","sy42shtmRcomYn":"○","abeekInspPracPntCnt":null,"genrl1stgNeceSbjtCnt":null,"abeekSustLsnFg":"","abeekDetaSubmattFg":"","sy51shtmRcomYn":"","abeekSustLsnFgNm":"","sy11shtmRcomYn":"","abeekTheoPntCnt":null,"sy31shtmRcomYn":"○","submattFgNm":"전공과목","sbjtCd":"EINT102","subTheoTotalPnt":null,"mjCd":"DS03001025001","sy61shtmRcomYn":"","sy22shtmRcomYn":"","mjCdNm":"응용화학생명공학전공(과)","sustLsnFg":"U0208005","sy52shtmRcomYn":"","sy21shtmRcomYn":"","sbjtChgFgNm":"","abeekDgnPntCnt":null,"sbjtKorNm":"공학인턴십 2","sy41shtmRcomYn":"○","genrl1stgNeceGrp":"","abeekGrpChoice":"","abeekSubmattFg":"","theoFgNm":"실습","abeekDetaSubmattFgNm":"","sy32shtmRcomYn":"○","openTm":3.0,"pnt":3.0,"sbjtId":"12913","abeekChoiceSbjtCnt":null,"corsYy":"2019","subInspTotalPnt":null,"abeekGrpNm":"","rowStatus":1,"theoFg":"U0210002","curiNo":"2019101617"},{"submattFg":"U0209001","stgNeceGrpNm":"","sideTotalPnt":3.0,"sbjtChgFg":"","subDgnTotalPnt":null,"sy62shtmRcomYn":"","abeekSubmattFgNm":"","sustLsnFgNm":"전선","sy12shtmRcomYn":"","sy42shtmRcomYn":"○","abeekInspPracPntCnt":null,"genrl1stgNeceSbjtCnt":null,"abeekSustLsnFg":"","abeekDetaSubmattFg":"","sy51shtmRcomYn":"","abeekSustLsnFgNm":"","sy11shtmRcomYn":"","abeekTheoPntCnt":null,"sy31shtmRcomYn":"○","submattFgNm":"전공과목","sbjtCd":"EINT103","subTheoTotalPnt":null,"mjCd":"DS03001025001","sy61shtmRcomYn":"","sy22shtmRcomYn":"","mjCdNm":"응용화학생명공학전공(과)","sustLsnFg":"U0208005","sy52shtmRcomYn":"","sy21shtmRcomYn":"","sbjtChgFgNm":"","abeekDgnPntCnt":null,"sbjtKorNm":"공학인턴십 3","sy41shtmRcomYn":"○","genrl1stgNeceGrp":"","abeekGrpChoice":"","abeekSubmattFg":"","theoFgNm":"실습","abeekDetaSubmattFgNm":"","sy32shtmRcomYn":"○","openTm":3.0,"pnt":3.0,"sbjtId":"12914","abeekChoiceSbjtCnt":null,"corsYy":"2019","subInspTotalPnt":null,"abeekGrpNm":"","rowStatus":1,"theoFg":"U0210002","curiNo":"2019101618"},{"submattFg":"U0209001","stgNeceGrpNm":"","sideTotalPnt":3.0,"sbjtChgFg":"","subDgnTotalPnt":null,"sy62shtmRcomYn":"","abeekSubmattFgNm":"","sustLsnFgNm":"전선","sy12shtmRcomYn":"","sy42shtmRcomYn":"○","abeekInspPracPntCnt":null,"genrl1stgNeceSbjtCnt":null,"abeekSustLsnFg":"","abeekDetaSubmattFg":"","sy51shtmRcomYn":"","abeekSustLsnFgNm":"","sy11shtmRcomYn":"","abeekTheoPntCnt":null,"sy31shtmRcomYn":"○","submattFgNm":"전공과목","sbjtCd":"EINT104","subTheoTotalPnt":null,"mjCd":"DS03001025001","sy61shtmRcomYn":"","sy22shtmRcomYn":"","mjCdNm":"응용화학생명공학전공(과)","sustLsnFg":"U0208005","sy52shtmRcomYn":"","sy21shtmRcomYn":"","sbjtChgFgNm":"","abeekDgnPntCnt":null,"sbjtKorNm":"공학인턴십 4","sy41shtmRcomYn":"○","genrl1stgNeceGrp":"","abeekGrpChoice":"","abeekSubmattFg":"","theoFgNm":"실습","abeekDetaSubmattFgNm":"","sy32shtmRcomYn":"○","openTm":3.0,"pnt":3.0,"sbjtId":"12915","abeekChoiceSbjtCnt":null,"corsYy":"2019","subInspTotalPnt":null,"abeekGrpNm":"","rowStatus":1,"theoFg":"U0210002","curiNo":"2019101619"},{"submattFg":"U0209001","stgNeceGrpNm":"","sideTotalPnt":3.0,"sbjtChgFg":"","subDgnTotalPnt":null,"sy62shtmRcomYn":"","abeekSubmattFgNm":"","sustLsnFgNm":"전선","sy12shtmRcomYn":"","sy42shtmRcomYn":"○","abeekInspPracPntCnt":null,"genrl1stgNeceSbjtCnt":null,"abeekSustLsnFg":"","abeekDetaSubmattFg":"","sy51shtmRcomYn":"","abeekSustLsnFgNm":"","sy11shtmRcomYn":"","abeekTheoPntCnt":null,"sy31shtmRcomYn":"○","submattFgNm":"전공과목","sbjtCd":"EINT105","subTheoTotalPnt":null,"mjCd":"DS03001025001","sy61shtmRcomYn":"","sy22shtmRcomYn":"","mjCdNm":"응용화학생명공학전공(과)","sustLsnFg":"U0208005","sy52shtmRcomYn":"","sy21shtmRcomYn":"","sbjtChgFgNm":"","abeekDgnPntCnt":null,"sbjtKorNm":"공학인턴십 5","sy41shtmRcomYn":"○","genrl1stgNeceGrp":"","abeekGrpChoice":"","abeekSubmattFg":"","theoFgNm":"실습","abeekDetaSubmattFgNm":"","sy32shtmRcomYn":"○","openTm":3.0,"pnt":3.0,"sbjtId":"12916","abeekChoiceSbjtCnt":null,"corsYy":"2019","subInspTotalPnt":null,"abeekGrpNm":"","rowStatus":1,"theoFg":"U0210002","curiNo":"2019101593"},{"submattFg":"U0209001","stgNeceGrpNm":"","sideTotalPnt":3.0,"sbjtChgFg":"","subDgnTotalPnt":null,"sy62shtmRcomYn":"","abeekSubmattFgNm":"","sustLsnFgNm":"전선","sy12shtmRcomYn":"","sy42shtmRcomYn":"○","abeekInspPracPntCnt":null,"genrl1stgNeceSbjtCnt":null,"abeekSustLsnFg":"","abeekDetaSubmattFg":"","sy51shtmRcomYn":"","abeekSustLsnFgNm":"","sy11shtmRcomYn":"","abeekTheoPntCnt":null,"sy31shtmRcomYn":"○","submattFgNm":"전공과목","sbjtCd":"EINT106","subTheoTotalPnt":null,"mjCd":"DS03001025001","sy61shtmRcomYn":"","sy22shtmRcomYn":"","mjCdNm":"응용화학생명공학전공(과)","sustLsnFg":"U0208005","sy52shtmRcomYn":"","sy21shtmRcomYn":"","sbjtChgFgNm":"","abeekDgnPntCnt":null,"sbjtKorNm":"공학인턴십 6","sy41shtmRcomYn":"○","genrl1stgNeceGrp":"","abeekGrpChoice":"","abeekSubmattFg":"","theoFgNm":"실습","abeekDetaSubmattFgNm":"","sy32shtmRcomYn":"○","openTm":3.0,"pnt":3.0,"sbjtId":"12917","abeekChoiceSbjtCnt":null,"corsYy":"2019","subInspTotalPnt":null,"abeekGrpNm":"","rowStatus":1,"theoFg":"U0210002","curiNo":"2019101628"}]}}