{"VariableList":{"ErrorMsg":"success","ErrorCode":"0"},"DatasetList":{"DS_COUR030":[{"submattFg":"U0209003","stgNeceGrpNm":"","sideTotalPnt":3.0,"sbjtChgFg":"","subDgnTotalPnt":0.0,"sy62shtmRcomYn":"","abeekSubmattFgNm":"MSC","sustLsnFgNm":"교필","sy12shtmRcomYn":"","sy42shtmRcomYn":"","abeekInspPracPntCnt":0.0,"genrl1stgNeceSbjtCnt":null,"abeekSustLsnFg":"U0225001","abeekDetaSubmattFg":"U0227003","sy51shtmRcomYn":"","abeekSustLsnFgNm":"인필","sy11shtmRcomYn":"○","abeekTheoPntCnt":3.0,"sy31shtmRcomYn":"","submattFgNm":"기초과목","sbjtCd":"MATH102","subTheoTotalPnt":36.0,"mjCd":"DS03001023001","sy61shtmRcomYn":"","sy22shtmRcomYn":"","mjCdNm":"화학공학전공(과)","sustLsnFg":"U0208002","sy52shtmRcomYn":"","sy21shtmRcomYn":"","sbjtChgFgNm":"","abeekDgnPntCnt":0.0,"sbjtKorNm":"수학1","sy41shtmRcomYn":"","genrl1stgNeceGrp":"","abeekGrpChoice":"","abeekSubmattFg":"U0226002","theoFgNm":"이론","abeekDetaSubmattFgNm":"수학","sy32shtmRcomYn":"","openTm":3.0,"pnt":3.0,"sbjtId":"527","abeekChoiceSbjtCnt":null,"corsYy":"2019","subInspTotalPnt":6.0,"abeekGrpNm":"","rowStatus":1,"theoFg":"U0210001","curiNo":"2019101492"},{"submattFg":"U0209003","stgNeceGrpNm":"","sideTotalPnt":3.0,"sbjtChgFg":"","subDgnTotalPnt":0.0,"sy62shtmRcomYn":"","abeekSubmattFgNm":"MSC","sustLsnFgNm":"교필","sy12shtmRcomYn":"○","sy42shtmRcomYn":"","abeekInspPracPntCnt":0.0,"genrl1stgNeceSbjtCnt":null,"abeekSustLsnFg":"U0225001","abeekDetaSubmattFg":"U0227003","sy51shtmRcomYn":"","abeekSustLsnFgNm":"인필","sy11shtmRcomYn":"","abeekTheoPntCnt":3.0,"sy31shtmRcomYn":"","submattFgNm":"기초과목","sbjtCd":"MATH103","subTheoTotalPnt":36.0,"mjCd":"DS03001023001","sy61shtmRcomYn":"","sy22shtmRcomYn":"","mjCdNm":"화학공학전공(과)","sustLsnFg":"U0208002","sy52shtmRcomYn":"","sy21shtmRcomYn":"","sbjtChgFgNm":"","abeekDgnPntCnt":0.0,"sbjtKorNm":"수학2","sy41shtmRcomYn":"","genrl1stgNeceGrp":"","abeekGrpChoice":"","abeekSubmattFg":"U0226002","theoFgNm":"이론","abeekDetaSubmattFgNm":"수학","sy32shtmRcomYn":"","openTm":3.0,"pnt":3.0,"sbjtId":"528","abeekChoiceSbjtCnt":null,"corsYy":"2019","subInspTotalPnt":6.0,"abeekGrpNm":"","rowStatus":1,"theoFg":"U0210001","curiNo":"2019101493"},{"submattFg":"U0209003","stgNeceGrpNm":"","sideTotalPnt":3.0,"sbjtChgFg":"","subDgnTotalPnt":0.0,"sy62shtmRcomYn":"","abeekSubmattFgNm":"MSC","sustLsnFgNm":"교필","sy12shtmRcomYn":"","sy42shtmRcomYn":"","abeekInspPracPntCnt":0.0,"genrl1stgNeceSbjtCnt":null,"abeekSustLsnFg":"U0225001","abeekDetaSubmattFg":"U0227003","sy51shtmRcomYn":"","abeekSustLsnFgNm":"인필","sy11shtmRcomYn":"","abeekTheoPntCnt":3.0,"sy31shtmRcomYn":"","submattFgNm":"기초과목","sbjtCd":"MATH205","subTheoTotalPnt":36.0,"mjCd":"DS03001023001","sy61shtmRcomYn":"","sy22shtmRcomYn":"","mjCdNm":"화학공학전공(과)","sustLsnFg":"U0208002","sy52shtmRcomYn":"","sy21shtmRcomYn":"○","sbjtChgFgNm":"","abeekDgnPntCnt":0.0,"sbjtKorNm":"공업수학A","sy41shtmRcomYn":"","genrl1stgNeceGrp":"","abeekGrpChoice":"","abeekSubmattFg":"U0226002","theoFgNm":"이론","abeekDetaSubmattFgNm":"수학","sy32shtmRcomYn":"","openTm":3.0,"pnt":3.0,"sbjtId":"11830","abeekChoiceSbjtCnt":null,"corsYy":"2019","subInspTotalPnt":6.0,"abeekGrpNm":"","rowStatus":1,"theoFg":"U0210001","curiNo":"2019101494"},{"submattFg":"U0209003","stgNeceGrpNm":"","sideTotalPnt":3.0,"sbjtChgFg":"","subDgnTotalPnt":0.0,"sy62shtmRcomYn":"","abeekSubmattFgNm":"MSC","sustLsnFgNm":"교필","sy12shtmRcomYn":"","sy42shtmRcomYn":"","abeekInspPracPntCnt":null,"genrl1stgNeceSbjtCnt":null,"abeekSustLsnFg":"U0225001","abeekDetaSubmattFg":"U0227003","sy51shtmRcomYn":"","abeekSustLsnFgNm":"인필","sy11shtmRcomYn":"","abeekTheoPntCnt":3.0,"sy31shtmRcomYn":"","submattFgNm":"기초과목","sbjtCd":"MATH206","subTheoTotalPnt":36.0,"mjCd":"DS03001023001","sy61shtmRcomYn":"","sy22shtmRcomYn":"○","mjCdNm":"화학공학전공(과)","sustLsnFg":"U0208002","sy52shtmRcomYn":"","sy21shtmRcomYn":"","sbjtChgFgNm":"","abeekDgnPntCnt":null,"sbjtKorNm":"공업수학B","sy41shtmRcomYn":"","genrl1stgNeceGrp":"","abeekGrpChoice":"","abeekSubmattFg":"U0226002","theoFgNm":"이론","abeekDetaSubmattFgNm":"수학","sy32shtmRcomYn":"","openTm":3.0,"pnt":3.0,"sbjtId":"12214","abeekChoiceSbjtCnt":null,"corsYy":"2019","subInspTotalPnt":6.0,"abeekGrpNm":"","rowStatus":1,"theoFg":"U0210001","curiNo":"2019101495"},{"submattFg":"U0209003","stgNeceGrpNm":"택A4","sideTotalPnt":8.0,"sbjtChgFg":"","subDgnTotalPnt":0.0,"sy62shtmRcomYn":"","abeekSubmattFgNm":"MSC","sustLsnFgNm":"교필","sy12shtmRcomYn":"○","sy42shtmRcomYn":"","abeekInspPracPntCnt":0.0,"genrl1stgNeceSbjtCnt":4.0,"abeekSustLsnFg":"U0225001","abeekDetaSubmattFg":"U0227004","sy51shtmRcomYn":"","abeekSustLsnFgNm":"인필","sy11shtmRcomYn":"","abeekTheoPntCnt":3.0,"sy31shtmRcomYn":"","submattFgNm":"기초과목","sbjtCd":"BIO111","subTheoTotalPnt":36.0,"mjCd":"DS03001023001","sy61shtmRcomYn":"","sy22shtmRcomYn":"","mjCdNm":"화학공학전공(과)","sustLsnFg":"U0208002","sy52shtmRcomYn":"","sy21shtmRcomYn":"","sbjtChgFgNm":"","abeekDgnPntCnt":0.0,"sbjtKorNm":"생명과학","sy41shtmRcomYn":"","genrl1stgNeceGrp":"A","abeekGrpChoice":"A","abeekSubmattFg":"U0226002","theoFgNm":"이론","abeekDetaSubmattFgNm":"기초과학","sy32shtmRcomYn":"","openTm":3.0,"pnt":3.0,"sbjtId":"11917","abeekChoiceSbjtCnt":4.0,"corsYy":"2019","subInspTotalPnt":6.0,"abeekGrpNm":"A그룹 중 택4","rowStatus":1,"theoFg":"U0210001","curiNo":"2019101482"},{"submattFg":"U0209003","stgNeceGrpNm":"택A4","sideTotalPnt":8.0,"sbjtChgFg":"","subDgnTotalPnt":0.0,"sy62shtmRcomYn":"","abeekSubmattFgNm":"MSC","sustLsnFgNm":"교필","sy12shtmRcomYn":"○","sy42shtmRcomYn":"","abeekInspPracPntCnt":1.0,"genrl1stgNeceSbjtCnt":4.0,"abeekSustLsnFg":"U0225001","abeekDetaSubmattFg":"U0227004","sy51shtmRcomYn":"","abeekSustLsnFgNm":"인필","sy11shtmRcomYn":"","abeekTheoPntCnt":0.0,"sy31shtmRcomYn":"","submattFgNm":"기초과목","sbjtCd":"BIO114","subTheoTotalPnt":36.0,"mjCd":"DS03001023001","sy61shtmRcomYn":"","sy22shtmRcomYn":"","mjCdNm":"화학공학전공(과)","sustLsnFg":"U0208002","sy52shtmRcomYn":"","sy21shtmRcomYn":"","sbjtChgFgNm":"","abeekDgnPntCnt":0.0,"sbjtKorNm":"생명과학실험","sy41shtmRcomYn":"","genrl1stgNeceGrp":"A","abeekGrpChoice":"A","abeekSubmattFg":"U0226002","theoFgNm":"실습","abeekDetaSubmattFgNm":"기초과학","sy32shtmRcomYn":"","openTm":2.0,"pnt":1.0,"sbjtId":"11919","abeekChoiceSbjtCnt":4.0,"corsYy":"2019","subInspTotalPnt":6.0,"abeekGrpNm":"A그룹 중 택4","rowStatus":1,"theoFg":"U0210002","curiNo":"2019101483"},{"submattFg":"U0209003","stgNeceGrpNm":"택A4","sideTotalPnt":8.0,"sbjtChgFg":"","subDgnTotalPnt":0.0,"sy62shtmRcomYn":"","abeekSubmattFgNm":"MSC","sustLsnFgNm":"교필","sy12shtmRcomYn":"","sy42shtmRcomYn":"","abeekInspPracPntCnt":0.0,"genrl1stgNeceSbjtCnt":4.0,"abeekSustLsnFg":"U0225001","abeekDetaSubmattFg":"U0227004","sy51shtmRcomYn":"","abeekSustLsnFgNm":"인필","sy11shtmRcomYn":"○","abeekTheoPntCnt":3.0,"sy31shtmRcomYn":"","submattFgNm":"기초과목","sbjtCd":"PHYS113","subTheoTotalPnt":36.0,"mjCd":"DS03001023001","sy61shtmRcomYn":"","sy22shtmRcomYn":"","mjCdNm":"화학공학전공(과)","sustLsnFg":"U0208002","sy52shtmRcomYn":"","sy21shtmRcomYn":"","sbjtChgFgNm":"","abeekDgnPntCnt":0.0,"sbjtKorNm":"물리학1","sy41shtmRcomYn":"","genrl1stgNeceGrp":"A","abeekGrpChoice":"A","abeekSubmattFg":"U0226002","theoFgNm":"이론","abeekDetaSubmattFgNm":"기초과학","sy32shtmRcomYn":"","openTm":3.0,"pnt":3.0,"sbjtId":"320","abeekChoiceSbjtCnt":4.0,"corsYy":"2019","subInspTotalPnt":6.0,"abeekGrpNm":"A그룹 중 택4","rowStatus":1,"theoFg":"U0210001","curiNo":"2019101496"},{"submattFg":"U0209003","stgNeceGrpNm":"택A4","sideTotalPnt":8.0,"sbjtChgFg":"","subDgnTotalPnt":0.0,"sy62shtmRcomYn":"","abeekSubmattFgNm":"MSC","sustLsnFgNm":"교필","sy12shtmRcomYn":"","sy42shtmRcomYn":"","abeekInspPracPntCnt":1.0,"genrl1stgNeceSbjtCnt":4.0,"abeekSustLsnFg":"U0225001","abeekDetaSubmattFg":"U0227004","sy51shtmRcomYn":"","abeekSustLsnFgNm":"인필","sy11shtmRcomYn":"○","abeekTheoPntCnt":0.0,"sy31shtmRcomYn":"","submattFgNm":"기초과목","sbjtCd":"PHYS114","subTheoTotalPnt":36.0,"mjCd":"DS03001023001","sy61shtmRcomYn":"","sy22shtmRcomYn":"","mjCdNm":"화학공학전공(과)","sustLsnFg":"U0208002","sy52shtmRcomYn":"","sy21shtmRcomYn":"","sbjtChgFgNm":"","abeekDgnPntCnt":0.0,"sbjtKorNm":"물리학실험1","sy41shtmRcomYn":"","genrl1stgNeceGrp":"A","abeekGrpChoice":"A","abeekSubmattFg":"U0226002","theoFgNm":"실습","abeekDetaSubmattFgNm":"기초과학","sy32shtmRcomYn":"","openTm":2.0,"pnt":1.0,"sbjtId":"324","abeekChoiceSbjtCnt":4.0,"corsYy":"2019","subInspTotalPnt":6.0,"abeekGrpNm":"A그룹 중 택4","rowStatus":1,"theoFg":"U0210002","curiNo":"2019101497"},{"submattFg":"U0209003","stgNeceGrpNm":"택A4","sideTotalPnt":8.0,"sbjtChgFg":"","subDgnTotalPnt":0.0,"sy62shtmRcomYn":"","abeekSubmattFgNm":"MSC","sustLsnFgNm":"교필","sy12shtmRcomYn":"○","sy42shtmRcomYn":"","abeekInspPracPntCnt":0.0,"genrl1stgNeceSbjtCnt":4.0,"abeekSustLsnFg":"U0225001","abeekDetaSubmattFg":"U0227004","sy51shtmRcomYn":"","abeekSustLsnFgNm":"인필","sy11shtmRcomYn":"","abeekTheoPntCnt":3.0,"sy31shtmRcomYn":"","submattFgNm":"기초과목","sbjtCd":"PHYS115","subTheoTotalPnt":36.0,"mjCd":"DS03001023001","sy61shtmRcomYn":"","sy22shtmRcomYn":"","mjCdNm":"화학공학전공(과)","sustLsnFg":"U0208002","sy52shtmRcomYn":"","sy21shtmRcomYn":"","sbjtChgFgNm":"","abeekDgnPntCnt":0.0,"sbjtKorNm":"물리학2","sy41shtmRcomYn":"","genrl1stgNeceGrp":"A","abeekGrpChoice":"A","abeekSubmattFg":"U0226002","theoFgNm":"이론","abeekDetaSubmattFgNm":"기초과학","sy32shtmRcomYn":"","openTm":3.0,"pnt":3.0,"sbjtId":"321","abeekChoiceSbjtCnt":4.0,"corsYy":"2019","subInspTotalPnt":6.0,"abeekGrpNm":"A그룹 중 택4","rowStatus":1,"theoFg":"U0210001","curiNo":"2019101498"},{"submattFg":"U0209003","stgNeceGrpNm":"택A4","sideTotalPnt":8.0,"sbjtChgFg":"","subDgnTotalPnt":0.0,"sy62shtmRcomYn":"","abeekSubmattFgNm":"MSC","sustLsnFgNm":"교필","sy12shtmRcomYn":"○","sy42shtmRcomYn":"","abeekInspPracPntCnt":1.0,"genrl1stgNeceSbjtCnt":4.0,"abeekSustLsnFg":"U0225001","abeekDetaSubmattFg":"U0227004","sy51shtmRcomYn":"","abeekSustLsnFgNm":"인필","sy11shtmRcomYn":"","abeekTheoPntCnt":0.0,"sy31shtmRcomYn":"","submattFgNm":"기초과목","sbjtCd":"PHYS116","subTheoTotalPnt":36.0,"mjCd":"DS03001023001","sy61shtmRcomYn":"","sy22shtmRcomYn":"","mjCdNm":"화학공학전공(과)","sustLsnFg":"U0208002","sy52shtmRcomYn":"","sy21shtmRcomYn":"","sbjtChgFgNm":"","abeekDgnPntCnt":0.0,"sbjtKorNm":"물리학실험2","sy41shtmRcomYn":"","genrl1stgNeceGrp":"A","abeekGrpChoice":"A","abeekSubmattFg":"U0226002","theoFgNm":"실습","abeekDetaSubmattFgNm":"기초과학","sy32shtmRcomYn":"","openTm":2.0,"pnt":1.0,"sbjtId":"325","abeekChoiceSbjtCnt":4.0,"corsYy":"2019","subInspTotalPnt":6.0,"abeekGrpNm":"A그룹 중 택4","rowStatus":1,"theoFg":"U0210002","curiNo":"2019101479"},{"submattFg":"U0209003","stgNeceGrpNm":"택A4","sideTotalPnt":8.0,"sbjtChgFg":"","subDgnTotalPnt":0.0,"sy62shtmRcomYn":"","abeekSubmattFgNm":"MSC","sustLsnFgNm":"교필","sy12shtmRcomYn":"","sy42shtmRcomYn":"","abeekInspPracPntCnt":0.0,"genrl1stgNeceSbjtCnt":4.0,"abeekSustLsnFg":"U0225001","abeekDetaSubmattFg":"U0227004","sy51shtmRcomYn":"","abeekSustLsnFgNm":"인필","sy11shtmRcomYn":"○","abeekTheoPntCnt":3.0,"sy31shtmRcomYn":"","submattFgNm":"기초과목","sbjtCd":"PHYS117","subTheoTotalPnt":36.0,"mjCd":"DS03001023001","sy61shtmRcomYn":"","sy22shtmRcomYn":"","mjCdNm":"화학공학전공(과)","sustLsnFg":"U0208002","sy52shtmRcomYn":"","sy21shtmRcomYn":"","sbjtChgFgNm":"","abeekDgnPntCnt":0.0,"sbjtKorNm":"물리학","sy41shtmRcomYn":"","genrl1stgNeceGrp":"A","abeekGrpChoice":"A","abeekSubmattFg":"U0226002","theoFgNm":"이론","abeekDetaSubmattFgNm":"기초과학","sy32shtmRcomYn":"","openTm":3.0,"pnt":3.0,"sbjtId":"11813","abeekChoiceSbjtCnt":4.0,"corsYy":"2019","subInspTotalPnt":6.0,"abeekGrpNm":"A그룹 중 택4","rowStatus":1,"theoFg":"U0210001","curiNo":"2019101480"},{"submattFg":"U0209003","stgNeceGrpNm":"택A4","sideTotalPnt":8.0,"sbjtChgFg":"","subDgnTotalPnt":0.0,"sy62shtmRcomYn":"","abeekSubmattFgNm":"MSC","sustLsnFgNm":"교필","sy12shtmRcomYn":"","sy42shtmRcomYn":"","abeekInspPracPntCnt":1.0,"genrl1stgNeceSbjtCnt":4.0,"abeekSustLsnFg":"U0225001","abeekDetaSubmattFg":"U0227004","sy51shtmRcomYn":"","abeekSustLsnFgNm":"인필","sy11shtmRcomYn":"○","abeekTheoPntCnt":0.0,"sy31shtmRcomYn":"","submattFgNm":"기초과목","sbjtCd":"PHYS118","subTheoTotalPnt":36.0,"mjCd":"DS03001023001","sy61shtmRcomYn":"","sy22shtmRcomYn":"","mjCdNm":"화학공학전공(과)","sustLsnFg":"U0208002","sy52shtmRcomYn":"","sy21shtmRcomYn":"","sbjtChgFgNm":"","abeekDgnPntCnt":0.0,"sbjtKorNm":"물리학실험","sy41shtmRcomYn":"","genrl1stgNeceGrp":"A","abeekGrpChoice":"A","abeekSubmattFg":"U0226002","theoFgNm":"실습","abeekDetaSubmattFgNm":"기초과학","sy32shtmRcomYn":"","openTm":2.0,"pnt":1.0,"sbjtId":"11874","abeekChoiceSbjtCnt":4.0,"corsYy":"2019","subInspTotalPnt":6.0,"abeekGrpNm":"A그룹 중 택4","rowStatus":1,"theoFg":"U0210002","curiNo":"2019101481"},{"submattFg":"U0209003","stgNeceGrpNm":"","sideTotalPnt":3.0,"sbjtChgFg":"","subDgnTotalPnt":0.0,"sy62shtmRcomYn":"","abeekSubmattFgNm":"MSC","sustLsnFgNm":"교필","sy12shtmRcomYn":"","sy42shtmRcomYn":"","abeekInspPracPntCnt":0.0,"genrl1stgNeceSbjtCnt":null,"abeekSustLsnFg":"U0225001","abeekDetaSubmattFg":"U0227004","sy51shtmRcomYn":"","abeekSustLsnFgNm":"인필","sy11shtmRcomYn":"○","abeekTheoPntCnt":3.0,"sy31shtmRcomYn":"","submattFgNm":"기초과목","sbjtCd":"CHEM112","subTheoTotalPnt":36.0,"mjCd":"DS03001023001","sy61shtmRcomYn":"","sy22shtmRcomYn":"","mjCdNm":"화학공학전공(과)","sustLsnFg":"U0208002","sy52shtmRcomYn":"","sy21shtmRcomYn":"","sbjtChgFgNm":"","abeekDgnPntCnt":0.0,"sbjtKorNm":"화학1","sy41shtmRcomYn":"","genrl1stgNeceGrp":"","abeekGrpChoice":"","abeekSubmattFg":"U0226002","theoFgNm":"이론","abeekDetaSubmattFgNm":"기초과학","sy32shtmRcomYn":"","openTm":3.0,"pnt":3.0,"sbjtId":"991","abeekChoiceSbjtCnt":null,"corsYy":"2019","subInspTotalPnt":6.0,"abeekGrpNm":"","rowStatus":1,"theoFg":"U0210001","curiNo":"2019101486"},{"submattFg":"U0209003","stgNeceGrpNm":"","sideTotalPnt":3.0,"sbjtChgFg":"","subDgnTotalPnt":0.0,"sy62shtmRcomYn":"","abeekSubmattFgNm":"MSC","sustLsnFgNm":"교필","sy12shtmRcomYn":"○","sy42shtmRcomYn":"","abeekInspPracPntCnt":0.0,"genrl1stgNeceSbjtCnt":null,"abeekSustLsnFg":"U0225001","abeekDetaSubmattFg":"U0227004","sy51shtmRcomYn":"","abeekSustLsnFgNm":"인필","sy11shtmRcomYn":"","abeekTheoPntCnt":3.0,"sy31shtmRcomYn":"","submattFgNm":"기초과목","sbjtCd":"CHEM113","subTheoTotalPnt":36.0,"mjCd":"DS03001023001","sy61shtmRcomYn":"","sy22shtmRcomYn":"","mjCdNm":"화학공학전공(과)","sustLsnFg":"U0208002","sy52shtmRcomYn":"","sy21shtmRcomYn":"","sbjtChgFgNm":"","abeekDgnPntCnt":0.0,"sbjtKorNm":"화학2","sy41shtmRcomYn":"","genrl1stgNeceGrp":"","abeekGrpChoice":"","abeekSubmattFg":"U0226002","theoFgNm":"이론","abeekDetaSubmattFgNm":"기초과학","sy32shtmRcomYn":"","openTm":3.0,"pnt":3.0,"sbjtId":"992","abeekChoiceSbjtCnt":null,"corsYy":"2019","subInspTotalPnt":6.0,"abeekGrpNm":"","rowStatus":1,"theoFg":"U0210001","curiNo":"2019101487"},{"submattFg":"U0209003","stgNeceGrpNm":"","sideTotalPnt":1.0,"sbjtChgFg":"","subDgnTotalPnt":0.0,"sy62shtmRcomYn":"","abeekSubmattFgNm":"MSC","sustLsnFgNm":"교필","sy12shtmRcomYn":"","sy42shtmRcomYn":"","abeekInspPracPntCnt":1.0,"genrl1stgNeceSbjtCnt":null,"abeekSustLsnFg":"U0225001","abeekDetaSubmattFg":"U0227004","sy51shtmRcomYn":"","abeekSustLsnFgNm":"인필","sy11shtmRcomYn":"○","abeekTheoPntCnt":0.0,"sy31shtmRcomYn":"","submattFgNm":"기초과목","sbjtCd":"CHEM115","subTheoTotalPnt":36.0,"mjCd":"DS03001023001","sy61shtmRcomYn":"","sy22shtmRcomYn":"","mjCdNm":"화학공학전공(과)","sustLsnFg":"U0208002","sy52shtmRcomYn":"","sy21shtmRcomYn":"","sbjtChgFgNm":"","abeekDgnPntCnt":0.0,"sbjtKorNm":"화학실험1","sy41shtmRcomYn":"","genrl1stgNeceGrp":"","abeekGrpChoice":"","abeekSubmattFg":"U0226002","theoFgNm":"실습","abeekDetaSubmattFgNm":"기초과학","sy32shtmRcomYn":"","openTm":2.0,"pnt":1.0,"sbjtId":"1002","abeekChoiceSbjtCnt":null,"corsYy":"2019","subInspTotalPnt":6.0,"abeekGrpNm":"","rowStatus":1,"theoFg":"U0210002","curiNo":"2019101488"},{"submattFg":"U0209003","stgNeceGrpNm":"","sideTotalPnt":1.0,"sbjtChgFg":"","subDgnTotalPnt":0.0,"sy62shtmRcomYn":"","abeekSubmattFgNm":"MSC","sustLsnFgNm":"교필","sy12shtmRcomYn":"○","sy42shtmRcomYn":"","abeekInspPracPntCnt":1.0,"genrl1stgNeceSbjtCnt":null,"abeekSustLsnFg":"U0225001","abeekDetaSubmattFg":"U0227004","sy51shtmRcomYn":"","abeekSustLsnFgNm":"인필","sy11shtmRcomYn":"","abeekTheoPntCnt":0.0,"sy31shtmRcomYn":"","submattFgNm":"기초과목","sbjtCd":"CHEM116","subTheoTotalPnt":36.0,"mjCd":"DS03001023001","sy61shtmRcomYn":"","sy22shtmRcomYn":"","mjCdNm":"화학공학전공(과)","sustLsnFg":"U0208002","sy52shtmRcomYn":"","sy21shtmRcomYn":"","sbjtChgFgNm":"","abeekDgnPntCnt":0.0,"sbjtKorNm":"화학실험2","sy41shtmRcomYn":"","genrl1stgNeceGrp":"","abeekGrpChoice":"","abeekSubmattFg":"U0226002","theoFgNm":"실습","abeekDetaSubmattFgNm":"기초과학","sy32shtmRcomYn":"","openTm":2.0,"pnt":1.0,"sbjtId":"1003","abeekChoiceSbjtCnt":null,"corsYy":"2019","subInspTotalPnt":6.0,"abeekGrpNm":"","rowStatus":1,"theoFg":"U0210002","curiNo":"2019101489"},{"submattFg":"U0209003","stgNeceGrpNm":"","sideTotalPnt":3.0,"sbjtChgFg":"","subDgnTotalPnt":0.0,"sy62shtmRcomYn":"","abeekSubmattFgNm":"MSC","sustLsnFgNm":"교필","sy12shtmRcomYn":"","sy42shtmRcomYn":"","abeekInspPracPntCnt":0.0,"genrl1stgNeceSbjtCnt":null,"abeekSustLsnFg":"U0225001","abeekDetaSubmattFg":"U0227005","sy51shtmRcomYn":"","abeekSustLsnFgNm":"인필","sy11shtmRcomYn":"","abeekTheoPntCnt":3.0,"sy31shtmRcomYn":"","submattFgNm":"기초과목","sbjtCd":"CMP103","subTheoTotalPnt":36.0,"mjCd":"DS03001023001","sy61shtmRcomYn":"","sy22shtmRcomYn":"○","mjCdNm":"화학공학전공(과)","sustLsnFg":"U0208002","sy52shtmRcomYn":"","sy21shtmRcomYn":"","sbjtChgFgNm":"","abeekDgnPntCnt":0.0,"sbjtKorNm":"프로그래밍 기초","sy41shtmRcomYn":"","genrl1stgNeceGrp":"","abeekGrpChoice":"","abeekSubmattFg":"U0226002","theoFgNm":"이론+실습","abeekDetaSubmattFgNm":"전산학","sy32shtmRcomYn":"","openTm":3.0,"pnt":3.0,"sbjtId":"12218","abeekChoiceSbjtCnt":null,"corsYy":"2019","subInspTotalPnt":6.0,"abeekGrpNm":"","rowStatus":1,"theoFg":"U0210005","curiNo":"2019101490"},{"submattFg":"U0209003","stgNeceGrpNm":"","sideTotalPnt":3.0,"sbjtChgFg":"","subDgnTotalPnt":0.0,"sy62shtmRcomYn":"","abeekSubmattFgNm":"MSC","sustLsnFgNm":"교필","sy12shtmRcomYn":"","sy42shtmRcomYn":"","abeekInspPracPntCnt":null,"genrl1stgNeceSbjtCnt":null,"abeekSustLsnFg":"U0225001","abeekDetaSubmattFg":"U0227005","sy51shtmRcomYn":"","abeekSustLsnFgNm":"인필","sy11shtmRcomYn":"","abeekTheoPntCnt":3.0,"sy31shtmRcomYn":"","submattFgNm":"기초과목","sbjtCd":"CMP104","subTheoTotalPnt":36.0,"mjCd":"DS03001023001","sy61shtmRcomYn":"","sy22shtmRcomYn":"","mjCdNm":"화학공학전공(과)","sustLsnFg":"U0208002","sy52shtmRcomYn":"","sy21shtmRcomYn":"○","sbjtChgFgNm":"","abeekDgnPntCnt":null,"sbjtKorNm":"과학계산 프로그래밍","sy41shtmRcomYn":"","genrl1stgNeceGrp":"","abeekGrpChoice":"","abeekSubmattFg":"U0226002","theoFgNm":"이론","abeekDetaSubmattFgNm":"전산학","sy32shtmRcomYn":"","openTm":3.0,"pnt":3.0,"sbjtId":"10369","abeekChoiceSbjtCnt":null,"corsYy":"2019","subInspTotalPnt":6.0,"abeekGrpNm":"","rowStatus":1,"theoFg":"U0210001","curiNo":"2019101491"},{"submattFg":"U0209003","stgNeceGrpNm":"","sideTotalPnt":1.0,"sbjtChgFg":"","subDgnTotalPnt":null,"sy62shtmRcomYn":"","abeekSubmattFgNm":"","sustLsnFgNm":"교필","sy12shtmRcomYn":"○","sy42shtmRcomYn":"","abeekInspPracPntCnt":null,"genrl1stgNeceSbjtCnt":null,"abeekSustLsnFg":"","abeekDetaSubmattFg":"","sy51shtmRcomYn":"","abeekSustLsnFgNm":"","sy11shtmRcomYn":"","abeekTheoPntCnt":null,"sy31shtmRcomYn":"","submattFgNm":"기초과목","sbjtCd":"CAJO113","subTheoTotalPnt":null,"mjCd":"DS03001023001","sy61shtmRcomYn":"","sy22shtmRcomYn":"","mjCdNm":"화학공학전공(과)","sustLsnFg":"U0208002","sy52shtmRcomYn":"","sy21shtmRcomYn":"","sbjtChgFgNm":"","abeekDgnPntCnt":null,"sbjtKorNm":"아주인성","sy41shtmRcomYn":"","genrl1stgNeceGrp":"","abeekGrpChoice":"","abeekSubmattFg":"","theoFgNm":"이론","abeekDetaSubmattFgNm":"","sy32shtmRcomYn":"","openTm":1.5,"pnt":1.0,"sbjtId":"20150728","abeekChoiceSbjtCnt":null,"corsYy":"2019","subInspTotalPnt":null,"abeekGrpNm":"","rowStatus":1,"theoFg":"U0210001","curiNo":"2019101484"},{"submattFg":"U0209003","stgNeceGrpNm":"","sideTotalPnt":1.0,"sbjtChgFg":"","subDgnTotalPnt":null,"sy62shtmRcomYn":"","abeekSubmattFgNm":"","sustLsnFgNm":"교필","sy12shtmRcomYn":"","sy42shtmRcomYn":"","abeekInspPracPntCnt":null,"genrl1stgNeceSbjtCnt":null,"abeekSustLsnFg":"","abeekDetaSubmattFg":"","sy51shtmRcomYn":"","abeekSustLsnFgNm":"","sy11shtmRcomYn":"○","abeekTheoPntCnt":null,"sy31shtmRcomYn":"","submattFgNm":"기초과목","sbjtCd":"CAJO114","subTheoTotalPnt":null,"mjCd":"DS03001023001","sy61shtmRcomYn":"","sy22shtmRcomYn":"","mjCdNm":"화학공학전공(과)","sustLsnFg":"U0208002","sy52shtmRcomYn":"","sy21shtmRcomYn":"","sbjtChgFgNm":"","abeekDgnPntCnt":null,"sbjtKorNm":"아주희망","sy41shtmRcomYn":"","genrl1stgNeceGrp":"","abeekGrpChoice":"","abeekSubmattFg":"","theoFgNm":"이론","abeekDetaSubmattFgNm":"","sy32shtmRcomYn":"","openTm":1.5,"pnt":1.0,"sbjtId":"20150729","abeekChoiceSbjtCnt":null,"corsYy":"2019","subInspTotalPnt":null,"abeekGrpNm":"","rowStatus":1,"theoFg":"U0210001","curiNo":"2019101485"},{"submattFg":"U0209001","stgNeceGrpNm":"","sideTotalPnt":2.0,"sbjtChgFg":"","subDgnTotalPnt":18.0,"sy62shtmRcomYn":"","abeekSubmattFgNm":"전공","sustLsnFgNm":"전필","sy12shtmRcomYn":"","sy42shtmRcomYn":"","abeekInspPracPntCnt":2.0,"genrl1stgNeceSbjtCnt":null,"abeekSustLsnFg":"U0225001","abeekDetaSubmattFg":"","sy51shtmRcomYn":"","abeekSustLsnFgNm":"인필","sy11shtmRcomYn":"","abeekTheoPntCnt":0.0,"sy31shtmRcomYn":"","submattFgNm":"전공과목","sbjtCd":"CHEE201","subTheoTotalPnt":78.0,"mjCd":"DS03001023001","sy61shtmRcomYn":"","sy22shtmRcomYn":"","mjCdNm":"화학공학전공(과)","sustLsnFg":"U0208004","sy52shtmRcomYn":"","sy21shtmRcomYn":"○","sbjtChgFgNm":"","abeekDgnPntCnt":0.0,"sbjtKorNm":"화학공학실험1","sy41shtmRcomYn":"","genrl1stgNeceGrp":"","abeekGrpChoice":"","abeekSubmattFg":"U0226003","theoFgNm":"실습","abeekDetaSubmattFgNm":"","sy32shtmRcomYn":"","openTm":4.0,"pnt":2.0,"sbjtId":"11787","abeekChoiceSbjtCnt":null,"corsYy":"2019","subInspTotalPnt":15.0,"abeekGrpNm":"","rowStatus":1,"theoFg":"U0210002","curiNo":"2019101443"},{"submattFg":"U0209001","stgNeceGrpNm":"","sideTotalPnt":2.0,"sbjtChgFg":"","subDgnTotalPnt":18.0,"sy62shtmRcomYn":"","abeekSubmattFgNm":"전공","sustLsnFgNm":"전필","sy12shtmRcomYn":"","sy42shtmRcomYn":"","abeekInspPracPntCnt":2.0,"genrl1stgNeceSbjtCnt":null,"abeekSustLsnFg":"U0225001","abeekDetaSubmattFg":"","sy51shtmRcomYn":"","abeekSustLsnFgNm":"인필","sy11shtmRcomYn":"","abeekTheoPntCnt":0.0,"sy31shtmRcomYn":"","submattFgNm":"전공과목","sbjtCd":"CHEE202","subTheoTotalPnt":78.0,"mjCd":"DS03001023001","sy61shtmRcomYn":"","sy22shtmRcomYn":"○","mjCdNm":"화학공학전공(과)","sustLsnFg":"U0208004","sy52shtmRcomYn":"","sy21shtmRcomYn":"","sbjtChgFgNm":"","abeekDgnPntCnt":0.0,"sbjtKorNm":"화학공학실험2","sy41shtmRcomYn":"","genrl1stgNeceGrp":"","abeekGrpChoice":"","abeekSubmattFg":"U0226003","theoFgNm":"실습","abeekDetaSubmattFgNm":"","sy32shtmRcomYn":"","openTm":4.0,"pnt":2.0,"sbjtId":"11788","abeekChoiceSbjtCnt":null,"corsYy":"2019","subInspTotalPnt":15.0,"abeekGrpNm":"","rowStatus":1,"theoFg":"U0210002","curiNo":"2019101441"},{"submattFg":"U0209001","stgNeceGrpNm":"","sideTotalPnt":3.0,"sbjtChgFg":"","subDgnTotalPnt":18.0,"sy62shtmRcomYn":"","abeekSubmattFgNm":"전공","sustLsnFgNm":"전필","sy12shtmRcomYn":"","sy42shtmRcomYn":"","abeekInspPracPntCnt":0.0,"genrl1stgNeceSbjtCnt":null,"abeekSustLsnFg":"U0225001","abeekDetaSubmattFg":"","sy51shtmRcomYn":"","abeekSustLsnFgNm":"인필","sy11shtmRcomYn":"","abeekTheoPntCnt":3.0,"sy31shtmRcomYn":"","submattFgNm":"전공과목","sbjtCd":"CHEE203","subTheoTotalPnt":78.0,"mjCd":"DS03001023001","sy61shtmRcomYn":"","sy22shtmRcomYn":"","mjCdNm":"화학공학전공(과)","sustLsnFg":"U0208004","sy52shtmRcomYn":"","sy21shtmRcomYn":"○","sbjtChgFgNm":"","abeekDgnPntCnt":0.0,"sbjtKorNm":"물리화학","sy41shtmRcomYn":"","genrl1stgNeceGrp":"","abeekGrpChoice":"","abeekSubmattFg":"U0226003","theoFgNm":"이론","abeekDetaSubmattFgNm":"","sy32shtmRcomYn":"","openTm":3.0,"pnt":3.0,"sbjtId":"328","abeekChoiceSbjtCnt":null,"corsYy":"2019","subInspTotalPnt":15.0,"abeekGrpNm":"","rowStatus":1,"theoFg":"U0210001","curiNo":"2019101437"},{"submattFg":"U0209001","stgNeceGrpNm":"","sideTotalPnt":3.0,"sbjtChgFg":"","subDgnTotalPnt":18.0,"sy62shtmRcomYn":"","abeekSubmattFgNm":"전공","sustLsnFgNm":"전필","sy12shtmRcomYn":"","sy42shtmRcomYn":"","abeekInspPracPntCnt":0.0,"genrl1stgNeceSbjtCnt":null,"abeekSustLsnFg":"U0225001","abeekDetaSubmattFg":"","sy51shtmRcomYn":"","abeekSustLsnFgNm":"인필","sy11shtmRcomYn":"","abeekTheoPntCnt":3.0,"sy31shtmRcomYn":"","submattFgNm":"전공과목","sbjtCd":"CHEE205","subTheoTotalPnt":78.0,"mjCd":"DS03001023001","sy61shtmRcomYn":"","sy22shtmRcomYn":"","mjCdNm":"화학공학전공(과)","sustLsnFg":"U0208004","sy52shtmRcomYn":"","sy21shtmRcomYn":"○","sbjtChgFgNm":"","abeekDgnPntCnt":0.0,"sbjtKorNm":"물질 및 에너지 수지1","sy41shtmRcomYn":"","genrl1stgNeceGrp":"","abeekGrpChoice":"","abeekSubmattFg":"U0226003","theoFgNm":"이론","abeekDetaSubmattFgNm":"","sy32shtmRcomYn":"","openTm":3.0,"pnt":3.0,"sbjtId":"11879","abeekChoiceSbjtCnt":null,"corsYy":"2019","subInspTotalPnt":15.0,"abeekGrpNm":"","rowStatus":1,"theoFg":"U0210001","curiNo":"2019101436"},{"submattFg":"U0209001","stgNeceGrpNm":"","sideTotalPnt":3.0,"sbjtChgFg":"","subDgnTotalPnt":18.0,"sy62shtmRcomYn":"","abeekSubmattFgNm":"전공","sustLsnFgNm":"전필","sy12shtmRcomYn":"","sy42shtmRcomYn":"","abeekInspPracPntCnt":0.0,"genrl1stgNeceSbjtCnt":null,"abeekSustLsnFg":"U0225001","abeekDetaSubmattFg":"","sy51shtmRcomYn":"","abeekSustLsnFgNm":"인필","sy11shtmRcomYn":"","abeekTheoPntCnt":3.0,"sy31shtmRcomYn":"","submattFgNm":"전공과목","sbjtCd":"CHEE207","subTheoTotalPnt":78.0,"mjCd":"DS03001023001","sy61shtmRcomYn":"","sy22shtmRcomYn":"","mjCdNm":"화학공학전공(과)","sustLsnFg":"U0208004","sy52shtmRcomYn":"","sy21shtmRcomYn":"○","sbjtChgFgNm":"","abeekDgnPntCnt":0.0,"sbjtKorNm":"유기화학","sy41shtmRcomYn":"","genrl1stgNeceGrp":"","abeekGrpChoice":"","abeekSubmattFg":"U0226003","theoFgNm":"이론","abeekDetaSubmattFgNm":"","sy32shtmRcomYn":"","openTm":3.0,"pnt":3.0,"sbjtId":"15221","abeekChoiceSbjtCnt":null,"corsYy":"2019","subInspTotalPnt":15.0,"abeekGrpNm":"","rowStatus":1,"theoFg":"U0210001","curiNo":"2019101434"},{"submattFg":"U0209001","stgNeceGrpNm":"","sideTotalPnt":3.0,"sbjtChgFg":"","subDgnTotalPnt":18.0,"sy62shtmRcomYn":"","abeekSubmattFgNm":"전공","sustLsnFgNm":"전필","sy12shtmRcomYn":"","sy42shtmRcomYn":"","abeekInspPracPntCnt":0.0,"genrl1stgNeceSbjtCnt":null,"abeekSustLsnFg":"U0225001","abeekDetaSubmattFg":"","sy51shtmRcomYn":"","abeekSustLsnFgNm":"인필","sy11shtmRcomYn":"","abeekTheoPntCnt":2.0,"sy31shtmRcomYn":"","submattFgNm":"전공과목","sbjtCd":"CHEE211","subTheoTotalPnt":78.0,"mjCd":"DS03001023001","sy61shtmRcomYn":"","sy22shtmRcomYn":"○","mjCdNm":"화학공학전공(과)","sustLsnFg":"U0208004","sy52shtmRcomYn":"","sy21shtmRcomYn":"","sbjtChgFgNm":"","abeekDgnPntCnt":1.0,"sbjtKorNm":"화공열역학1","sy41shtmRcomYn":"","genrl1stgNeceGrp":"","abeekGrpChoice":"","abeekSubmattFg":"U0226003","theoFgNm":"이론+설계","abeekDetaSubmattFgNm":"","sy32shtmRcomYn":"","openTm":3.0,"pnt":3.0,"sbjtId":"11735","abeekChoiceSbjtCnt":null,"corsYy":"2019","subInspTotalPnt":15.0,"abeekGrpNm":"","rowStatus":1,"theoFg":"U0210006","curiNo":"2019101447"},{"submattFg":"U0209001","stgNeceGrpNm":"","sideTotalPnt":3.0,"sbjtChgFg":"","subDgnTotalPnt":18.0,"sy62shtmRcomYn":"","abeekSubmattFgNm":"전공","sustLsnFgNm":"전필","sy12shtmRcomYn":"","sy42shtmRcomYn":"","abeekInspPracPntCnt":0.0,"genrl1stgNeceSbjtCnt":null,"abeekSustLsnFg":"U0225001","abeekDetaSubmattFg":"","sy51shtmRcomYn":"","abeekSustLsnFgNm":"인필","sy11shtmRcomYn":"","abeekTheoPntCnt":3.0,"sy31shtmRcomYn":"","submattFgNm":"전공과목","sbjtCd":"CHEE212","subTheoTotalPnt":78.0,"mjCd":"DS03001023001","sy61shtmRcomYn":"","sy22shtmRcomYn":"○","mjCdNm":"화학공학전공(과)","sustLsnFg":"U0208004","sy52shtmRcomYn":"","sy21shtmRcomYn":"","sbjtChgFgNm":"","abeekDgnPntCnt":0.0,"sbjtKorNm":"유체역학","sy41shtmRcomYn":"","genrl1stgNeceGrp":"","abeekGrpChoice":"","abeekSubmattFg":"U0226003","theoFgNm":"이론","abeekDetaSubmattFgNm":"","sy32shtmRcomYn":"","openTm":3.0,"pnt":3.0,"sbjtId":"11737","abeekChoiceSbjtCnt":null,"corsYy":"2019","subInspTotalPnt":15.0,"abeekGrpNm":"","rowStatus":1,"theoFg":"U0210001","curiNo":"2019101446"},{"submattFg":"U0209001","stgNeceGrpNm":"","sideTotalPnt":2.0,"sbjtChgFg":"","subDgnTotalPnt":18.0,"sy62shtmRcomYn":"","abeekSubmattFgNm":"전공","sustLsnFgNm":"전필","sy12shtmRcomYn":"","sy42shtmRcomYn":"","abeekInspPracPntCnt":null,"genrl1stgNeceSbjtCnt":null,"abeekSustLsnFg":"U0225001","abeekDetaSubmattFg":"","sy51shtmRcomYn":"","abeekSustLsnFgNm":"인필","sy11shtmRcomYn":"","abeekTheoPntCnt":null,"sy31shtmRcomYn":"","submattFgNm":"전공과목","sbjtCd":"CHEE222","subTheoTotalPnt":78.0,"mjCd":"DS03001023001","sy61shtmRcomYn":"","sy22shtmRcomYn":"","mjCdNm":"화학공학전공(과)","sustLsnFg":"U0208004","sy52shtmRcomYn":"","sy21shtmRcomYn":"○","sbjtChgFgNm":"","abeekDgnPntCnt":2.0,"sbjtKorNm":"창의설계입문","sy41shtmRcomYn":"","genrl1stgNeceGrp":"","abeekGrpChoice":"","abeekSubmattFg":"U0226003","theoFgNm":"설계","abeekDetaSubmattFgNm":"","sy32shtmRcomYn":"","openTm":2.0,"pnt":2.0,"sbjtId":"19084","abeekChoiceSbjtCnt":null,"corsYy":"2019","subInspTotalPnt":15.0,"abeekGrpNm":"","rowStatus":1,"theoFg":"U0210003","curiNo":"2019101433"},{"submattFg":"U0209001","stgNeceGrpNm":"","sideTotalPnt":2.0,"sbjtChgFg":"","subDgnTotalPnt":18.0,"sy62shtmRcomYn":"","abeekSubmattFgNm":"전공","sustLsnFgNm":"전필","sy12shtmRcomYn":"","sy42shtmRcomYn":"","abeekInspPracPntCnt":2.0,"genrl1stgNeceSbjtCnt":null,"abeekSustLsnFg":"U0225001","abeekDetaSubmattFg":"","sy51shtmRcomYn":"","abeekSustLsnFgNm":"인필","sy11shtmRcomYn":"","abeekTheoPntCnt":0.0,"sy31shtmRcomYn":"○","submattFgNm":"전공과목","sbjtCd":"CHEE311","subTheoTotalPnt":78.0,"mjCd":"DS03001023001","sy61shtmRcomYn":"","sy22shtmRcomYn":"","mjCdNm":"화학공학전공(과)","sustLsnFg":"U0208004","sy52shtmRcomYn":"","sy21shtmRcomYn":"","sbjtChgFgNm":"","abeekDgnPntCnt":0.0,"sbjtKorNm":"화학공학실험3","sy41shtmRcomYn":"","genrl1stgNeceGrp":"","abeekGrpChoice":"","abeekSubmattFg":"U0226003","theoFgNm":"실습","abeekDetaSubmattFgNm":"","sy32shtmRcomYn":"","openTm":4.0,"pnt":2.0,"sbjtId":"11743","abeekChoiceSbjtCnt":null,"corsYy":"2019","subInspTotalPnt":15.0,"abeekGrpNm":"","rowStatus":1,"theoFg":"U0210002","curiNo":"2019101444"},{"submattFg":"U0209001","stgNeceGrpNm":"","sideTotalPnt":2.0,"sbjtChgFg":"","subDgnTotalPnt":18.0,"sy62shtmRcomYn":"","abeekSubmattFgNm":"전공","sustLsnFgNm":"전필","sy12shtmRcomYn":"","sy42shtmRcomYn":"","abeekInspPracPntCnt":2.0,"genrl1stgNeceSbjtCnt":null,"abeekSustLsnFg":"U0225001","abeekDetaSubmattFg":"","sy51shtmRcomYn":"","abeekSustLsnFgNm":"인필","sy11shtmRcomYn":"","abeekTheoPntCnt":0.0,"sy31shtmRcomYn":"","submattFgNm":"전공과목","sbjtCd":"CHEE312","subTheoTotalPnt":78.0,"mjCd":"DS03001023001","sy61shtmRcomYn":"","sy22shtmRcomYn":"","mjCdNm":"화학공학전공(과)","sustLsnFg":"U0208004","sy52shtmRcomYn":"","sy21shtmRcomYn":"","sbjtChgFgNm":"","abeekDgnPntCnt":0.0,"sbjtKorNm":"화학공학실험4","sy41shtmRcomYn":"","genrl1stgNeceGrp":"","abeekGrpChoice":"","abeekSubmattFg":"U0226003","theoFgNm":"실습","abeekDetaSubmattFgNm":"","sy32shtmRcomYn":"○","openTm":4.0,"pnt":2.0,"sbjtId":"11744","abeekChoiceSbjtCnt":null,"corsYy":"2019","subInspTotalPnt":15.0,"abeekGrpNm":"","rowStatus":1,"theoFg":"U0210002","curiNo":"2019101442"},{"submattFg":"U0209001","stgNeceGrpNm":"","sideTotalPnt":3.0,"sbjtChgFg":"","subDgnTotalPnt":18.0,"sy62shtmRcomYn":"","abeekSubmattFgNm":"전공","sustLsnFgNm":"전필","sy12shtmRcomYn":"","sy42shtmRcomYn":"","abeekInspPracPntCnt":0.0,"genrl1stgNeceSbjtCnt":null,"abeekSustLsnFg":"U0225001","abeekDetaSubmattFg":"","sy51shtmRcomYn":"","abeekSustLsnFgNm":"인필","sy11shtmRcomYn":"","abeekTheoPntCnt":3.0,"sy31shtmRcomYn":"","submattFgNm":"전공과목","sbjtCd":"CHEE314","subTheoTotalPnt":78.0,"mjCd":"DS03001023001","sy61shtmRcomYn":"","sy22shtmRcomYn":"","mjCdNm":"화학공학전공(과)","sustLsnFg":"U0208004","sy52shtmRcomYn":"","sy21shtmRcomYn":"","sbjtChgFgNm":"","abeekDgnPntCnt":0.0,"sbjtKorNm":"물질전달","sy41shtmRcomYn":"","genrl1stgNeceGrp":"","abeekGrpChoice":"","abeekSubmattFg":"U0226003","theoFgNm":"이론","abeekDetaSubmattFgNm":"","sy32shtmRcomYn":"○","openTm":3.0,"pnt":3.0,"sbjtId":"11782","abeekChoiceSbjtCnt":null,"corsYy":"2019","subInspTotalPnt":15.0,"abeekGrpNm":"","rowStatus":1,"theoFg":"U0210001","curiNo":"2019101440"},{"submattFg":"U0209001","stgNeceGrpNm":"","sideTotalPnt":3.0,"sbjtChgFg":"","subDgnTotalPnt":18.0,"sy62shtmRcomYn":"","abeekSubmattFgNm":"전공","sustLsnFgNm":"전필","sy12shtmRcomYn":"","sy42shtmRcomYn":"","abeekInspPracPntCnt":0.0,"genrl1stgNeceSbjtCnt":null,"abeekSustLsnFg":"U0225001","abeekDetaSubmattFg":"","sy51shtmRcomYn":"","abeekSustLsnFgNm":"인필","sy11shtmRcomYn":"","abeekTheoPntCnt":2.0,"sy31shtmRcomYn":"○","submattFgNm":"전공과목","sbjtCd":"CHEE315","subTheoTotalPnt":78.0,"mjCd":"DS03001023001","sy61shtmRcomYn":"","sy22shtmRcomYn":"","mjCdNm":"화학공학전공(과)","sustLsnFg":"U0208004","sy52shtmRcomYn":"","sy21shtmRcomYn":"","sbjtChgFgNm":"","abeekDgnPntCnt":1.0,"sbjtKorNm":"반응공학1","sy41shtmRcomYn":"","genrl1stgNeceGrp":"","abeekGrpChoice":"","abeekSubmattFg":"U0226003","theoFgNm":"이론+설계","abeekDetaSubmattFgNm":"","sy32shtmRcomYn":"","openTm":3.0,"pnt":3.0,"sbjtId":"11893","abeekChoiceSbjtCnt":null,"corsYy":"2019","subInspTotalPnt":15.0,"abeekGrpNm":"","rowStatus":1,"theoFg":"U0210006","curiNo":"2019101439"},{"submattFg":"U0209001","stgNeceGrpNm":"","sideTotalPnt":3.0,"sbjtChgFg":"","subDgnTotalPnt":18.0,"sy62shtmRcomYn":"","abeekSubmattFgNm":"전공","sustLsnFgNm":"전필","sy12shtmRcomYn":"","sy42shtmRcomYn":"","abeekInspPracPntCnt":0.0,"genrl1stgNeceSbjtCnt":null,"abeekSustLsnFg":"U0225001","abeekDetaSubmattFg":"","sy51shtmRcomYn":"","abeekSustLsnFgNm":"인필","sy11shtmRcomYn":"","abeekTheoPntCnt":2.0,"sy31shtmRcomYn":"○","submattFgNm":"전공과목","sbjtCd":"CHEE316","subTheoTotalPnt":78.0,"mjCd":"DS03001023001","sy61shtmRcomYn":"","sy22shtmRcomYn":"","mjCdNm":"화학공학전공(과)","sustLsnFg":"U0208004","sy52shtmRcomYn":"","sy21shtmRcomYn":"","sbjtChgFgNm":"","abeekDgnPntCnt":1.0,"sbjtKorNm":"열전달","sy41shtmRcomYn":"","genrl1stgNeceGrp":"","abeekGrpChoice":"","abeekSubmattFg":"U0226003","theoFgNm":"이론+설계","abeekDetaSubmattFgNm":"","sy32shtmRcomYn":"","openTm":3.0,"pnt":3.0,"sbjtId":"6516","abeekChoiceSbjtCnt":null,"corsYy":"2019","subInspTotalPnt":15.0,"abeekGrpNm":"","rowStatus":1,"theoFg":"U0210006","curiNo":"2019101438"},{"submattFg":"U0209001","stgNeceGrpNm":"","sideTotalPnt":2.0,"sbjtChgFg":"","subDgnTotalPnt":18.0,"sy62shtmRcomYn":"","abeekSubmattFgNm":"전공","sustLsnFgNm":"전필","sy12shtmRcomYn":"","sy42shtmRcomYn":"","abeekInspPracPntCnt":2.0,"genrl1stgNeceSbjtCnt":null,"abeekSustLsnFg":"U0225001","abeekDetaSubmattFg":"","sy51shtmRcomYn":"","abeekSustLsnFgNm":"인필","sy11shtmRcomYn":"","abeekTheoPntCnt":null,"sy31shtmRcomYn":"","submattFgNm":"전공과목","sbjtCd":"CHEE411","subTheoTotalPnt":78.0,"mjCd":"DS03001023001","sy61shtmRcomYn":"","sy22shtmRcomYn":"","mjCdNm":"화학공학전공(과)","sustLsnFg":"U0208004","sy52shtmRcomYn":"","sy21shtmRcomYn":"","sbjtChgFgNm":"","abeekDgnPntCnt":null,"sbjtKorNm":"화학공학실험5","sy41shtmRcomYn":"○","genrl1stgNeceGrp":"","abeekGrpChoice":"","abeekSubmattFg":"U0226003","theoFgNm":"실습","abeekDetaSubmattFgNm":"","sy32shtmRcomYn":"","openTm":4.0,"pnt":2.0,"sbjtId":"11745","abeekChoiceSbjtCnt":null,"corsYy":"2019","subInspTotalPnt":15.0,"abeekGrpNm":"","rowStatus":1,"theoFg":"U0210002","curiNo":"2019101435"},{"submattFg":"U0209001","stgNeceGrpNm":"","sideTotalPnt":3.0,"sbjtChgFg":"","subDgnTotalPnt":18.0,"sy62shtmRcomYn":"","abeekSubmattFgNm":"전공","sustLsnFgNm":"전필","sy12shtmRcomYn":"","sy42shtmRcomYn":"○","abeekInspPracPntCnt":null,"genrl1stgNeceSbjtCnt":null,"abeekSustLsnFg":"U0225001","abeekDetaSubmattFg":"","sy51shtmRcomYn":"","abeekSustLsnFgNm":"인필","sy11shtmRcomYn":"","abeekTheoPntCnt":null,"sy31shtmRcomYn":"","submattFgNm":"전공과목","sbjtCd":"CHEE424","subTheoTotalPnt":78.0,"mjCd":"DS03001023001","sy61shtmRcomYn":"","sy22shtmRcomYn":"","mjCdNm":"화학공학전공(과)","sustLsnFg":"U0208004","sy52shtmRcomYn":"","sy21shtmRcomYn":"","sbjtChgFgNm":"","abeekDgnPntCnt":3.0,"sbjtKorNm":"화공종합설계","sy41shtmRcomYn":"","genrl1stgNeceGrp":"","abeekGrpChoice":"","abeekSubmattFg":"U0226003","theoFgNm":"설계","abeekDetaSubmattFgNm":"","sy32shtmRcomYn":"","openTm":3.0,"pnt":3.0,"sbjtId":"13716","abeekChoiceSbjtCnt":null,"corsYy":"2019","subInspTotalPnt":15.0,"abeekGrpNm":"","rowStatus":1,"theoFg":"U0210003","curiNo":"2019101445"},{"submattFg":"U0209001","stgNeceGrpNm":"","sideTotalPnt":3.0,"sbjtChgFg":"","subDgnTotalPnt":18.0,"sy62shtmRcomYn":"","abeekSubmattFgNm":"전공","sustLsnFgNm":"전선","sy12shtmRcomYn":"","sy42shtmRcomYn":"","abeekInspPracPntCnt":0.0,"genrl1stgNeceSbjtCnt":null,"abeekSustLsnFg":"U0225002","abeekDetaSubmattFg":"","sy51shtmRcomYn":"","abeekSustLsnFgNm":"인선","sy11shtmRcomYn":"","abeekTheoPntCnt":2.0,"sy31shtmRcomYn":"","submattFgNm":"전공과목","sbjtCd":"CHEE206","subTheoTotalPnt":78.0,"mjCd":"DS03001023001","sy61shtmRcomYn":"","sy22shtmRcomYn":"○","mjCdNm":"화학공학전공(과)","sustLsnFg":"U0208005","sy52shtmRcomYn":"","sy21shtmRcomYn":"","sbjtChgFgNm":"","abeekDgnPntCnt":1.0,"sbjtKorNm":"물질 및 에너지 수지2","sy41shtmRcomYn":"","genrl1stgNeceGrp":"","abeekGrpChoice":"","abeekSubmattFg":"U0226003","theoFgNm":"이론+설계","abeekDetaSubmattFgNm":"","sy32shtmRcomYn":"","openTm":3.0,"pnt":3.0,"sbjtId":"11880","abeekChoiceSbjtCnt":null,"corsYy":"2019","subInspTotalPnt":15.0,"abeekGrpNm":"","rowStatus":1,"theoFg":"U0210006","curiNo":"2019101472"},{"submattFg":"U0209001","stgNeceGrpNm":"","sideTotalPnt":3.0,"sbjtChgFg":"","subDgnTotalPnt":18.0,"sy62shtmRcomYn":"","abeekSubmattFgNm":"전공","sustLsnFgNm":"전선","sy12shtmRcomYn":"","sy42shtmRcomYn":"","abeekInspPracPntCnt":null,"genrl1stgNeceSbjtCnt":null,"abeekSustLsnFg":"U0225002","abeekDetaSubmattFg":"","sy51shtmRcomYn":"","abeekSustLsnFgNm":"인선","sy11shtmRcomYn":"","abeekTheoPntCnt":3.0,"sy31shtmRcomYn":"","submattFgNm":"전공과목","sbjtCd":"CHEE301","subTheoTotalPnt":78.0,"mjCd":"DS03001023001","sy61shtmRcomYn":"","sy22shtmRcomYn":"","mjCdNm":"화학공학전공(과)","sustLsnFg":"U0208005","sy52shtmRcomYn":"","sy21shtmRcomYn":"","sbjtChgFgNm":"","abeekDgnPntCnt":null,"sbjtKorNm":"양자역학개론","sy41shtmRcomYn":"","genrl1stgNeceGrp":"","abeekGrpChoice":"","abeekSubmattFg":"U0226003","theoFgNm":"이론","abeekDetaSubmattFgNm":"","sy32shtmRcomYn":"○","openTm":3.0,"pnt":3.0,"sbjtId":"20170497","abeekChoiceSbjtCnt":null,"corsYy":"2019","subInspTotalPnt":15.0,"abeekGrpNm":"","rowStatus":1,"theoFg":"U0210001","curiNo":"2019101471"},{"submattFg":"U0209001","stgNeceGrpNm":"","sideTotalPnt":3.0,"sbjtChgFg":"","subDgnTotalPnt":18.0,"sy62shtmRcomYn":"","abeekSubmattFgNm":"전공","sustLsnFgNm":"전선","sy12shtmRcomYn":"","sy42shtmRcomYn":"","abeekInspPracPntCnt":null,"genrl1stgNeceSbjtCnt":null,"abeekSustLsnFg":"U0225002","abeekDetaSubmattFg":"","sy51shtmRcomYn":"","abeekSustLsnFgNm":"인선","sy11shtmRcomYn":"","abeekTheoPntCnt":3.0,"sy31shtmRcomYn":"","submattFgNm":"전공과목","sbjtCd":"CHEE3110","subTheoTotalPnt":78.0,"mjCd":"DS03001023001","sy61shtmRcomYn":"","sy22shtmRcomYn":"","mjCdNm":"화학공학전공(과)","sustLsnFg":"U0208005","sy52shtmRcomYn":"","sy21shtmRcomYn":"","sbjtChgFgNm":"","abeekDgnPntCnt":null,"sbjtKorNm":"고분자공학","sy41shtmRcomYn":"","genrl1stgNeceGrp":"","abeekGrpChoice":"","abeekSubmattFg":"U0226003","theoFgNm":"이론","abeekDetaSubmattFgNm":"","sy32shtmRcomYn":"○","openTm":3.0,"pnt":3.0,"sbjtId":"13713","abeekChoiceSbjtCnt":null,"corsYy":"2019","subInspTotalPnt":15.0,"abeekGrpNm":"","rowStatus":1,"theoFg":"U0210001","curiNo":"2019101470"},{"submattFg":"U0209001","stgNeceGrpNm":"","sideTotalPnt":3.0,"sbjtChgFg":"","subDgnTotalPnt":18.0,"sy62shtmRcomYn":"","abeekSubmattFgNm":"전공","sustLsnFgNm":"전선","sy12shtmRcomYn":"","sy42shtmRcomYn":"","abeekInspPracPntCnt":0.0,"genrl1stgNeceSbjtCnt":null,"abeekSustLsnFg":"U0225002","abeekDetaSubmattFg":"","sy51shtmRcomYn":"","abeekSustLsnFgNm":"인선","sy11shtmRcomYn":"","abeekTheoPntCnt":3.0,"sy31shtmRcomYn":"○","submattFgNm":"전공과목","sbjtCd":"CHEE313","subTheoTotalPnt":78.0,"mjCd":"DS03001023001","sy61shtmRcomYn":"","sy22shtmRcomYn":"","mjCdNm":"화학공학전공(과)","sustLsnFg":"U0208005","sy52shtmRcomYn":"","sy21shtmRcomYn":"","sbjtChgFgNm":"","abeekDgnPntCnt":0.0,"sbjtKorNm":"화공수학","sy41shtmRcomYn":"","genrl1stgNeceGrp":"","abeekGrpChoice":"","abeekSubmattFg":"U0226003","theoFgNm":"이론","abeekDetaSubmattFgNm":"","sy32shtmRcomYn":"","openTm":3.0,"pnt":3.0,"sbjtId":"982","abeekChoiceSbjtCnt":null,"corsYy":"2019","subInspTotalPnt":15.0,"abeekGrpNm":"","rowStatus":1,"theoFg":"U0210001","curiNo":"2019101469"},{"submattFg":"U0209001","stgNeceGrpNm":"","sideTotalPnt":3.0,"sbjtChgFg":"","subDgnTotalPnt":18.0,"sy62shtmRcomYn":"","abeekSubmattFgNm":"전공","sustLsnFgNm":"전선","sy12shtmRcomYn":"","sy42shtmRcomYn":"","abeekInspPracPntCnt":0.0,"genrl1stgNeceSbjtCnt":null,"abeekSustLsnFg":"U0225002","abeekDetaSubmattFg":"","sy51shtmRcomYn":"","abeekSustLsnFgNm":"인선","sy11shtmRcomYn":"","abeekTheoPntCnt":2.0,"sy31shtmRcomYn":"","submattFgNm":"전공과목","sbjtCd":"CHEE317","subTheoTotalPnt":78.0,"mjCd":"DS03001023001","sy61shtmRcomYn":"","sy22shtmRcomYn":"","mjCdNm":"화학공학전공(과)","sustLsnFg":"U0208005","sy52shtmRcomYn":"","sy21shtmRcomYn":"","sbjtChgFgNm":"","abeekDgnPntCnt":1.0,"sbjtKorNm":"반응공학2","sy41shtmRcomYn":"","genrl1stgNeceGrp":"","abeekGrpChoice":"","abeekSubmattFg":"U0226003","theoFgNm":"이론+설계","abeekDetaSubmattFgNm":"","sy32shtmRcomYn":"○","openTm":3.0,"pnt":3.0,"sbjtId":"11894","abeekChoiceSbjtCnt":null,"corsYy":"2019","subInspTotalPnt":15.0,"abeekGrpNm":"","rowStatus":1,"theoFg":"U0210006","curiNo":"2019101468"},{"submattFg":"U0209001","stgNeceGrpNm":"","sideTotalPnt":3.0,"sbjtChgFg":"","subDgnTotalPnt":18.0,"sy62shtmRcomYn":"","abeekSubmattFgNm":"전공","sustLsnFgNm":"전선","sy12shtmRcomYn":"","sy42shtmRcomYn":"","abeekInspPracPntCnt":0.0,"genrl1stgNeceSbjtCnt":null,"abeekSustLsnFg":"U0225002","abeekDetaSubmattFg":"","sy51shtmRcomYn":"","abeekSustLsnFgNm":"인선","sy11shtmRcomYn":"","abeekTheoPntCnt":3.0,"sy31shtmRcomYn":"○","submattFgNm":"전공과목","sbjtCd":"CHEE318","subTheoTotalPnt":78.0,"mjCd":"DS03001023001","sy61shtmRcomYn":"","sy22shtmRcomYn":"","mjCdNm":"화학공학전공(과)","sustLsnFg":"U0208005","sy52shtmRcomYn":"","sy21shtmRcomYn":"","sbjtChgFgNm":"","abeekDgnPntCnt":0.0,"sbjtKorNm":"화공열역학2","sy41shtmRcomYn":"","genrl1stgNeceGrp":"","abeekGrpChoice":"","abeekSubmattFg":"U0226003","theoFgNm":"이론","abeekDetaSubmattFgNm":"","sy32shtmRcomYn":"","openTm":3.0,"pnt":3.0,"sbjtId":"11736","abeekChoiceSbjtCnt":null,"corsYy":"2019","subInspTotalPnt":15.0,"abeekGrpNm":"","rowStatus":1,"theoFg":"U0210001","curiNo":"2019101467"},{"submattFg":"U0209001","stgNeceGrpNm":"","sideTotalPnt":3.0,"sbjtChgFg":"","subDgnTotalPnt":18.0,"sy62shtmRcomYn":"","abeekSubmattFgNm":"전공","sustLsnFgNm":"전선","sy12shtmRcomYn":"","sy42shtmRcomYn":"","abeekInspPracPntCnt":0.0,"genrl1stgNeceSbjtCnt":null,"abeekSustLsnFg":"U0225002","abeekDetaSubmattFg":"","sy51shtmRcomYn":"","abeekSustLsnFgNm":"인선","sy11shtmRcomYn":"","abeekTheoPntCnt":3.0,"sy31shtmRcomYn":"","submattFgNm":"전공과목","sbjtCd":"CHEE321","subTheoTotalPnt":78.0,"mjCd":"DS03001023001","sy61shtmRcomYn":"","sy22shtmRcomYn":"","mjCdNm":"화학공학전공(과)","sustLsnFg":"U0208005","sy52shtmRcomYn":"","sy21shtmRcomYn":"","sbjtChgFgNm":"","abeekDgnPntCnt":0.0,"sbjtKorNm":"공정제어","sy41shtmRcomYn":"","genrl1stgNeceGrp":"","abeekGrpChoice":"","abeekSubmattFg":"U0226003","theoFgNm":"이론","abeekDetaSubmattFgNm":"","sy32shtmRcomYn":"○","openTm":3.0,"pnt":3.0,"sbjtId":"111","abeekChoiceSbjtCnt":null,"corsYy":"2019","subInspTotalPnt":15.0,"abeekGrpNm":"","rowStatus":1,"theoFg":"U0210001","curiNo":"2019101477"},{"submattFg":"U0209001","stgNeceGrpNm":"","sideTotalPnt":3.0,"sbjtChgFg":"","subDgnTotalPnt":18.0,"sy62shtmRcomYn":"","abeekSubmattFgNm":"전공","sustLsnFgNm":"전선","sy12shtmRcomYn":"","sy42shtmRcomYn":"","abeekInspPracPntCnt":null,"genrl1stgNeceSbjtCnt":null,"abeekSustLsnFg":"U0225002","abeekDetaSubmattFg":"","sy51shtmRcomYn":"","abeekSustLsnFgNm":"인선","sy11shtmRcomYn":"","abeekTheoPntCnt":1.0,"sy31shtmRcomYn":"","submattFgNm":"전공과목","sbjtCd":"CHEE322","subTheoTotalPnt":78.0,"mjCd":"DS03001023001","sy61shtmRcomYn":"","sy22shtmRcomYn":"","mjCdNm":"화학공학전공(과)","sustLsnFg":"U0208005","sy52shtmRcomYn":"","sy21shtmRcomYn":"","sbjtChgFgNm":"","abeekDgnPntCnt":2.0,"sbjtKorNm":"공정설계","sy41shtmRcomYn":"","genrl1stgNeceGrp":"","abeekGrpChoice":"","abeekSubmattFg":"U0226003","theoFgNm":"이론+설계","abeekDetaSubmattFgNm":"","sy32shtmRcomYn":"○","openTm":3.0,"pnt":3.0,"sbjtId":"110","abeekChoiceSbjtCnt":null,"corsYy":"2019","subInspTotalPnt":15.0,"abeekGrpNm":"","rowStatus":1,"theoFg":"U0210006","curiNo":"2019101478"},{"submattFg":"U0209001","stgNeceGrpNm":"","sideTotalPnt":3.0,"sbjtChgFg":"U0212002","subDgnTotalPnt":18.0,"sy62shtmRcomYn":"","abeekSubmattFgNm":"전공","sustLsnFgNm":"전선","sy12shtmRcomYn":"","sy42shtmRcomYn":"","abeekInspPracPntCnt":0.0,"genrl1stgNeceSbjtCnt":null,"abeekSustLsnFg":"U0225002","abeekDetaSubmattFg":"","sy51shtmRcomYn":"","abeekSustLsnFgNm":"인선","sy11shtmRcomYn":"","abeekTheoPntCnt":2.0,"sy31shtmRcomYn":"○","submattFgNm":"전공과목","sbjtCd":"CHEE331","subTheoTotalPnt":78.0,"mjCd":"DS03001023001","sy61shtmRcomYn":"","sy22shtmRcomYn":"","mjCdNm":"화학공학전공(과)","sustLsnFg":"U0208005","sy52shtmRcomYn":"","sy21shtmRcomYn":"","sbjtChgFgNm":"변경","abeekDgnPntCnt":1.0,"sbjtKorNm":"에너지공학","sy41shtmRcomYn":"","genrl1stgNeceGrp":"","abeekGrpChoice":"","abeekSubmattFg":"U0226003","theoFgNm":"이론+설계","abeekDetaSubmattFgNm":"","sy32shtmRcomYn":"","openTm":3.0,"pnt":3.0,"sbjtId":"580","abeekChoiceSbjtCnt":null,"corsYy":"2019","subInspTotalPnt":15.0,"abeekGrpNm":"","rowStatus":1,"theoFg":"U0210006","curiNo":"2019101475"},{"submattFg":"U0209001","stgNeceGrpNm":"","sideTotalPnt":3.0,"sbjtChgFg":"","subDgnTotalPnt":18.0,"sy62shtmRcomYn":"","abeekSubmattFgNm":"전공","sustLsnFgNm":"전선","sy12shtmRcomYn":"","sy42shtmRcomYn":"","abeekInspPracPntCnt":null,"genrl1stgNeceSbjtCnt":null,"abeekSustLsnFg":"U0225002","abeekDetaSubmattFg":"","sy51shtmRcomYn":"","abeekSustLsnFgNm":"인선","sy11shtmRcomYn":"","abeekTheoPntCnt":3.0,"sy31shtmRcomYn":"","submattFgNm":"전공과목","sbjtCd":"CHEE333","subTheoTotalPnt":78.0,"mjCd":"DS03001023001","sy61shtmRcomYn":"","sy22shtmRcomYn":"","mjCdNm":"화학공학전공(과)","sustLsnFg":"U0208005","sy52shtmRcomYn":"","sy21shtmRcomYn":"","sbjtChgFgNm":"","abeekDgnPntCnt":null,"sbjtKorNm":"화학공학특강1","sy41shtmRcomYn":"","genrl1stgNeceGrp":"","abeekGrpChoice":"","abeekSubmattFg":"U0226003","theoFgNm":"이론","abeekDetaSubmattFgNm":"","sy32shtmRcomYn":"○","openTm":3.0,"pnt":3.0,"sbjtId":"997","abeekChoiceSbjtCnt":null,"corsYy":"2019","subInspTotalPnt":15.0,"abeekGrpNm":"","rowStatus":1,"theoFg":"U0210001","curiNo":"2019101473"},{"submattFg":"U0209001","stgNeceGrpNm":"","sideTotalPnt":3.0,"sbjtChgFg":"U0212002","subDgnTotalPnt":18.0,"sy62shtmRcomYn":"","abeekSubmattFgNm":"전공","sustLsnFgNm":"전선","sy12shtmRcomYn":"","sy42shtmRcomYn":"","abeekInspPracPntCnt":null,"genrl1stgNeceSbjtCnt":null,"abeekSustLsnFg":"U0225002","abeekDetaSubmattFg":"","sy51shtmRcomYn":"","abeekSustLsnFgNm":"인선","sy11shtmRcomYn":"","abeekTheoPntCnt":3.0,"sy31shtmRcomYn":"","submattFgNm":"전공과목","sbjtCd":"CHEE334","subTheoTotalPnt":78.0,"mjCd":"DS03001023001","sy61shtmRcomYn":"","sy22shtmRcomYn":"","mjCdNm":"화학공학전공(과)","sustLsnFg":"U0208005","sy52shtmRcomYn":"","sy21shtmRcomYn":"","sbjtChgFgNm":"변경","abeekDgnPntCnt":0.0,"sbjtKorNm":"생물화학공학","sy41shtmRcomYn":"","genrl1stgNeceGrp":"","abeekGrpChoice":"","abeekSubmattFg":"U0226003","theoFgNm":"이론","abeekDetaSubmattFgNm":"","sy32shtmRcomYn":"○","openTm":3.0,"pnt":3.0,"sbjtId":"459","abeekChoiceSbjtCnt":null,"corsYy":"2019","subInspTotalPnt":15.0,"abeekGrpNm":"","rowStatus":1,"theoFg":"U0210001","curiNo":"2019101452"},{"submattFg":"U0209001","stgNeceGrpNm":"","sideTotalPnt":2.0,"sbjtChgFg":"","subDgnTotalPnt":18.0,"sy62shtmRcomYn":"","abeekSubmattFgNm":"전공","sustLsnFgNm":"전선","sy12shtmRcomYn":"","sy42shtmRcomYn":"○","abeekInspPracPntCnt":2.0,"genrl1stgNeceSbjtCnt":null,"abeekSustLsnFg":"U0225002","abeekDetaSubmattFg":"","sy51shtmRcomYn":"","abeekSustLsnFgNm":"인선","sy11shtmRcomYn":"","abeekTheoPntCnt":null,"sy31shtmRcomYn":"","submattFgNm":"전공과목","sbjtCd":"CHEE412","subTheoTotalPnt":78.0,"mjCd":"DS03001023001","sy61shtmRcomYn":"","sy22shtmRcomYn":"","mjCdNm":"화학공학전공(과)","sustLsnFg":"U0208005","sy52shtmRcomYn":"","sy21shtmRcomYn":"","sbjtChgFgNm":"","abeekDgnPntCnt":null,"sbjtKorNm":"화학공학실험6","sy41shtmRcomYn":"","genrl1stgNeceGrp":"","abeekGrpChoice":"","abeekSubmattFg":"U0226003","theoFgNm":"실습","abeekDetaSubmattFgNm":"","sy32shtmRcomYn":"","openTm":4.0,"pnt":2.0,"sbjtId":"11746","abeekChoiceSbjtCnt":null,"corsYy":"2019","subInspTotalPnt":15.0,"abeekGrpNm":"","rowStatus":1,"theoFg":"U0210002","curiNo":"2019101466"},{"submattFg":"U0209001","stgNeceGrpNm":"","sideTotalPnt":3.0,"sbjtChgFg":"","subDgnTotalPnt":18.0,"sy62shtmRcomYn":"","abeekSubmattFgNm":"전공","sustLsnFgNm":"전선","sy12shtmRcomYn":"","sy42shtmRcomYn":"","abeekInspPracPntCnt":null,"genrl1stgNeceSbjtCnt":null,"abeekSustLsnFg":"U0225002","abeekDetaSubmattFg":"","sy51shtmRcomYn":"","abeekSustLsnFgNm":"인선","sy11shtmRcomYn":"","abeekTheoPntCnt":3.0,"sy31shtmRcomYn":"","submattFgNm":"전공과목","sbjtCd":"CHEE413","subTheoTotalPnt":78.0,"mjCd":"DS03001023001","sy61shtmRcomYn":"","sy22shtmRcomYn":"","mjCdNm":"화학공학전공(과)","sustLsnFg":"U0208005","sy52shtmRcomYn":"","sy21shtmRcomYn":"","sbjtChgFgNm":"","abeekDgnPntCnt":0.0,"sbjtKorNm":"이동현상론","sy41shtmRcomYn":"○","genrl1stgNeceGrp":"","abeekGrpChoice":"","abeekSubmattFg":"U0226003","theoFgNm":"이론","abeekDetaSubmattFgNm":"","sy32shtmRcomYn":"","openTm":3.0,"pnt":3.0,"sbjtId":"681","abeekChoiceSbjtCnt":null,"corsYy":"2019","subInspTotalPnt":15.0,"abeekGrpNm":"","rowStatus":1,"theoFg":"U0210001","curiNo":"2019101465"},{"submattFg":"U0209001","stgNeceGrpNm":"","sideTotalPnt":3.0,"sbjtChgFg":"","subDgnTotalPnt":18.0,"sy62shtmRcomYn":"","abeekSubmattFgNm":"전공","sustLsnFgNm":"전선","sy12shtmRcomYn":"","sy42shtmRcomYn":"","abeekInspPracPntCnt":null,"genrl1stgNeceSbjtCnt":null,"abeekSustLsnFg":"U0225002","abeekDetaSubmattFg":"","sy51shtmRcomYn":"","abeekSustLsnFgNm":"인선","sy11shtmRcomYn":"","abeekTheoPntCnt":2.0,"sy31shtmRcomYn":"","submattFgNm":"전공과목","sbjtCd":"CHEE414","subTheoTotalPnt":78.0,"mjCd":"DS03001023001","sy61shtmRcomYn":"","sy22shtmRcomYn":"","mjCdNm":"화학공학전공(과)","sustLsnFg":"U0208005","sy52shtmRcomYn":"","sy21shtmRcomYn":"","sbjtChgFgNm":"","abeekDgnPntCnt":1.0,"sbjtKorNm":"분리공정","sy41shtmRcomYn":"○","genrl1stgNeceGrp":"","abeekGrpChoice":"","abeekSubmattFg":"U0226003","theoFgNm":"이론+설계","abeekDetaSubmattFgNm":"","sy32shtmRcomYn":"","openTm":3.0,"pnt":3.0,"sbjtId":"11795","abeekChoiceSbjtCnt":null,"corsYy":"2019","subInspTotalPnt":15.0,"abeekGrpNm":"","rowStatus":1,"theoFg":"U0210006","curiNo":"2019101464"},{"submattFg":"U0209001","stgNeceGrpNm":"","sideTotalPnt":3.0,"sbjtChgFg":"","subDgnTotalPnt":18.0,"sy62shtmRcomYn":"","abeekSubmattFgNm":"전공","sustLsnFgNm":"전선","sy12shtmRcomYn":"","sy42shtmRcomYn":"","abeekInspPracPntCnt":0.0,"genrl1stgNeceSbjtCnt":null,"abeekSustLsnFg":"U0225002","abeekDetaSubmattFg":"","sy51shtmRcomYn":"","abeekSustLsnFgNm":"인선","sy11shtmRcomYn":"","abeekTheoPntCnt":2.0,"sy31shtmRcomYn":"","submattFgNm":"전공과목","sbjtCd":"CHEE416","subTheoTotalPnt":78.0,"mjCd":"DS03001023001","sy61shtmRcomYn":"","sy22shtmRcomYn":"","mjCdNm":"화학공학전공(과)","sustLsnFg":"U0208005","sy52shtmRcomYn":"","sy21shtmRcomYn":"","sbjtChgFgNm":"","abeekDgnPntCnt":1.0,"sbjtKorNm":"고분자 가공","sy41shtmRcomYn":"○","genrl1stgNeceGrp":"","abeekGrpChoice":"","abeekSubmattFg":"U0226003","theoFgNm":"이론+설계","abeekDetaSubmattFgNm":"","sy32shtmRcomYn":"","openTm":3.0,"pnt":3.0,"sbjtId":"13458","abeekChoiceSbjtCnt":null,"corsYy":"2019","subInspTotalPnt":15.0,"abeekGrpNm":"","rowStatus":1,"theoFg":"U0210006","curiNo":"2019101463"},{"submattFg":"U0209001","stgNeceGrpNm":"","sideTotalPnt":3.0,"sbjtChgFg":"","subDgnTotalPnt":18.0,"sy62shtmRcomYn":"","abeekSubmattFgNm":"전공","sustLsnFgNm":"전선","sy12shtmRcomYn":"","sy42shtmRcomYn":"","abeekInspPracPntCnt":null,"genrl1stgNeceSbjtCnt":null,"abeekSustLsnFg":"U0225002","abeekDetaSubmattFg":"","sy51shtmRcomYn":"","abeekSustLsnFgNm":"인선","sy11shtmRcomYn":"","abeekTheoPntCnt":1.0,"sy31shtmRcomYn":"","submattFgNm":"전공과목","sbjtCd":"CHEE422","subTheoTotalPnt":78.0,"mjCd":"DS03001023001","sy61shtmRcomYn":"","sy22shtmRcomYn":"","mjCdNm":"화학공학전공(과)","sustLsnFg":"U0208005","sy52shtmRcomYn":"","sy21shtmRcomYn":"","sbjtChgFgNm":"","abeekDgnPntCnt":2.0,"sbjtKorNm":"공장설계","sy41shtmRcomYn":"○","genrl1stgNeceGrp":"","abeekGrpChoice":"","abeekSubmattFg":"U0226003","theoFgNm":"이론+설계","abeekDetaSubmattFgNm":"","sy32shtmRcomYn":"","openTm":3.0,"pnt":3.0,"sbjtId":"107","abeekChoiceSbjtCnt":null,"corsYy":"2019","subInspTotalPnt":15.0,"abeekGrpNm":"","rowStatus":1,"theoFg":"U0210006","curiNo":"2019101462"},{"submattFg":"U0209001","stgNeceGrpNm":"","sideTotalPnt":3.0,"sbjtChgFg":"","subDgnTotalPnt":18.0,"sy62shtmRcomYn":"","abeekSubmattFgNm":"전공","sustLsnFgNm":"전선","sy12shtmRcomYn":"","sy42shtmRcomYn":"","abeekInspPracPntCnt":null,"genrl1stgNeceSbjtCnt":null,"abeekSustLsnFg":"U0225002","abeekDetaSubmattFg":"","sy51shtmRcomYn":"","abeekSustLsnFgNm":"인선","sy11shtmRcomYn":"","abeekTheoPntCnt":3.0,"sy31shtmRcomYn":"","submattFgNm":"전공과목","sbjtCd":"CHEE423","subTheoTotalPnt":78.0,"mjCd":"DS03001023001","sy61shtmRcomYn":"","sy22shtmRcomYn":"","mjCdNm":"화학공학전공(과)","sustLsnFg":"U0208005","sy52shtmRcomYn":"","sy21shtmRcomYn":"","sbjtChgFgNm":"","abeekDgnPntCnt":0.0,"sbjtKorNm":"공정안전공학","sy41shtmRcomYn":"○","genrl1stgNeceGrp":"","abeekGrpChoice":"","abeekSubmattFg":"U0226003","theoFgNm":"이론","abeekDetaSubmattFgNm":"","sy32shtmRcomYn":"","openTm":3.0,"pnt":3.0,"sbjtId":"11834","abeekChoiceSbjtCnt":null,"corsYy":"2019","subInspTotalPnt":15.0,"abeekGrpNm":"","rowStatus":1,"theoFg":"U0210001","curiNo":"2019101448"},{"submattFg":"U0209001","stgNeceGrpNm":"","sideTotalPnt":3.0,"sbjtChgFg":"","subDgnTotalPnt":18.0,"sy62shtmRcomYn":"","abeekSubmattFgNm":"전공","sustLsnFgNm":"전선","sy12shtmRcomYn":"","sy42shtmRcomYn":"○","abeekInspPracPntCnt":null,"genrl1stgNeceSbjtCnt":null,"abeekSustLsnFg":"U0225002","abeekDetaSubmattFg":"","sy51shtmRcomYn":"","abeekSustLsnFgNm":"인선","sy11shtmRcomYn":"","abeekTheoPntCnt":2.0,"sy31shtmRcomYn":"","submattFgNm":"전공과목","sbjtCd":"CHEE4310","subTheoTotalPnt":78.0,"mjCd":"DS03001023001","sy61shtmRcomYn":"","sy22shtmRcomYn":"","mjCdNm":"화학공학전공(과)","sustLsnFg":"U0208005","sy52shtmRcomYn":"","sy21shtmRcomYn":"","sbjtChgFgNm":"","abeekDgnPntCnt":1.0,"sbjtKorNm":"화학공정모델링","sy41shtmRcomYn":"","genrl1stgNeceGrp":"","abeekGrpChoice":"","abeekSubmattFg":"U0226003","theoFgNm":"이론+설계","abeekDetaSubmattFgNm":"","sy32shtmRcomYn":"","openTm":3.0,"pnt":3.0,"sbjtId":"13715","abeekChoiceSbjtCnt":null,"corsYy":"2019","subInspTotalPnt":15.0,"abeekGrpNm":"","rowStatus":1,"theoFg":"U0210006","curiNo":"2019101449"},{"submattFg":"U0209001","stgNeceGrpNm":"","sideTotalPnt":3.0,"sbjtChgFg":"","subDgnTotalPnt":18.0,"sy62shtmRcomYn":"","abeekSubmattFgNm":"전공","sustLsnFgNm":"전선","sy12shtmRcomYn":"","sy42shtmRcomYn":"○","abeekInspPracPntCnt":null,"genrl1stgNeceSbjtCnt":null,"abeekSustLsnFg":"U0225002","abeekDetaSubmattFg":"","sy51shtmRcomYn":"","abeekSustLsnFgNm":"인선","sy11shtmRcomYn":"","abeekTheoPntCnt":3.0,"sy31shtmRcomYn":"","submattFgNm":"전공과목","sbjtCd":"CHEE4311","subTheoTotalPnt":78.0,"mjCd":"DS03001023001","sy61shtmRcomYn":"","sy22shtmRcomYn":"","mjCdNm":"화학공학전공(과)","sustLsnFg":"U0208005","sy52shtmRcomYn":"","sy21shtmRcomYn":"","sbjtChgFgNm":"","abeekDgnPntCnt":null,"sbjtKorNm":"미립자공학","sy41shtmRcomYn":"","genrl1stgNeceGrp":"","abeekGrpChoice":"","abeekSubmattFg":"U0226003","theoFgNm":"이론","abeekDetaSubmattFgNm":"","sy32shtmRcomYn":"","openTm":3.0,"pnt":3.0,"sbjtId":"20130347","abeekChoiceSbjtCnt":null,"corsYy":"2019","subInspTotalPnt":15.0,"abeekGrpNm":"","rowStatus":1,"theoFg":"U0210001","curiNo":"2019101450"},{"submattFg":"U0209001","stgNeceGrpNm":"","sideTotalPnt":3.0,"sbjtChgFg":"","subDgnTotalPnt":18.0,"sy62shtmRcomYn":"","abeekSubmattFgNm":"전공","sustLsnFgNm":"전선","sy12shtmRcomYn":"","sy42shtmRcomYn":"","abeekInspPracPntCnt":3.0,"genrl1stgNeceSbjtCnt":null,"abeekSustLsnFg":"U0225002","abeekDetaSubmattFg":"","sy51shtmRcomYn":"","abeekSustLsnFgNm":"인선","sy11shtmRcomYn":"","abeekTheoPntCnt":null,"sy31shtmRcomYn":"","submattFgNm":"전공과목","sbjtCd":"CHEE4312","subTheoTotalPnt":78.0,"mjCd":"DS03001023001","sy61shtmRcomYn":"","sy22shtmRcomYn":"","mjCdNm":"화학공학전공(과)","sustLsnFg":"U0208005","sy52shtmRcomYn":"","sy21shtmRcomYn":"","sbjtChgFgNm":"","abeekDgnPntCnt":null,"sbjtKorNm":"화학공학연구","sy41shtmRcomYn":"○","genrl1stgNeceGrp":"","abeekGrpChoice":"","abeekSubmattFg":"U0226003","theoFgNm":"실습","abeekDetaSubmattFgNm":"","sy32shtmRcomYn":"","openTm":5.0,"pnt":3.0,"sbjtId":"20160269","abeekChoiceSbjtCnt":null,"corsYy":"2019","subInspTotalPnt":15.0,"abeekGrpNm":"","rowStatus":1,"theoFg":"U0210002","curiNo":"2019101451"},{"submattFg":"U0209001","stgNeceGrpNm":"","sideTotalPnt":1.0,"sbjtChgFg":"U0212002","subDgnTotalPnt":18.0,"sy62shtmRcomYn":"","abeekSubmattFgNm":"전공","sustLsnFgNm":"전선","sy12shtmRcomYn":"","sy42shtmRcomYn":"○","abeekInspPracPntCnt":null,"genrl1stgNeceSbjtCnt":null,"abeekSustLsnFg":"U0225002","abeekDetaSubmattFg":"","sy51shtmRcomYn":"","abeekSustLsnFgNm":"인선","sy11shtmRcomYn":"","abeekTheoPntCnt":1.0,"sy31shtmRcomYn":"","submattFgNm":"전공과목","sbjtCd":"CHEE4313","subTheoTotalPnt":78.0,"mjCd":"DS03001023001","sy61shtmRcomYn":"","sy22shtmRcomYn":"","mjCdNm":"화학공학전공(과)","sustLsnFg":"U0208005","sy52shtmRcomYn":"","sy21shtmRcomYn":"","sbjtChgFgNm":"변경","abeekDgnPntCnt":null,"sbjtKorNm":"화학공학세미나","sy41shtmRcomYn":"","genrl1stgNeceGrp":"","abeekGrpChoice":"","abeekSubmattFg":"U0226003","theoFgNm":"이론","abeekDetaSubmattFgNm":"","sy32shtmRcomYn":"","openTm":1.0,"pnt":1.0,"sbjtId":"20170498","abeekChoiceSbjtCnt":null,"corsYy":"2019","subInspTotalPnt":15.0,"abeekGrpNm":"","rowStatus":1,"theoFg":"U0210001","curiNo":"2019101474"},{"submattFg":"U0209001","stgNeceGrpNm":"","sideTotalPnt":3.0,"sbjtChgFg":"","subDgnTotalPnt":18.0,"sy62shtmRcomYn":"","abeekSubmattFgNm":"전공","sustLsnFgNm":"전선","sy12shtmRcomYn":"","sy42shtmRcomYn":"","abeekInspPracPntCnt":null,"genrl1stgNeceSbjtCnt":null,"abeekSustLsnFg":"U0225002","abeekDetaSubmattFg":"","sy51shtmRcomYn":"","abeekSustLsnFgNm":"인선","sy11shtmRcomYn":"","abeekTheoPntCnt":3.0,"sy31shtmRcomYn":"","submattFgNm":"전공과목","sbjtCd":"CHEE435","subTheoTotalPnt":78.0,"mjCd":"DS03001023001","sy61shtmRcomYn":"","sy22shtmRcomYn":"","mjCdNm":"화학공학전공(과)","sustLsnFg":"U0208005","sy52shtmRcomYn":"","sy21shtmRcomYn":"","sbjtChgFgNm":"","abeekDgnPntCnt":0.0,"sbjtKorNm":"반도체제조공정","sy41shtmRcomYn":"○","genrl1stgNeceGrp":"","abeekGrpChoice":"","abeekSubmattFg":"U0226003","theoFgNm":"이론","abeekDetaSubmattFgNm":"","sy32shtmRcomYn":"","openTm":3.0,"pnt":3.0,"sbjtId":"11892","abeekChoiceSbjtCnt":null,"corsYy":"2019","subInspTotalPnt":15.0,"abeekGrpNm":"","rowStatus":1,"theoFg":"U0210001","curiNo":"2019101453"},{"submattFg":"U0209001","stgNeceGrpNm":"","sideTotalPnt":3.0,"sbjtChgFg":"","subDgnTotalPnt":18.0,"sy62shtmRcomYn":"","abeekSubmattFgNm":"전공","sustLsnFgNm":"전선","sy12shtmRcomYn":"","sy42shtmRcomYn":"","abeekInspPracPntCnt":null,"genrl1stgNeceSbjtCnt":null,"abeekSustLsnFg":"U0225002","abeekDetaSubmattFg":"","sy51shtmRcomYn":"","abeekSustLsnFgNm":"인선","sy11shtmRcomYn":"","abeekTheoPntCnt":3.0,"sy31shtmRcomYn":"","submattFgNm":"전공과목","sbjtCd":"CHEE437","subTheoTotalPnt":78.0,"mjCd":"DS03001023001","sy61shtmRcomYn":"","sy22shtmRcomYn":"","mjCdNm":"화학공학전공(과)","sustLsnFg":"U0208005","sy52shtmRcomYn":"","sy21shtmRcomYn":"","sbjtChgFgNm":"","abeekDgnPntCnt":null,"sbjtKorNm":"화학공학특강2","sy41shtmRcomYn":"○","genrl1stgNeceGrp":"","abeekGrpChoice":"","abeekSubmattFg":"U0226003","theoFgNm":"이론","abeekDetaSubmattFgNm":"","sy32shtmRcomYn":"","openTm":3.0,"pnt":3.0,"sbjtId":"998","abeekChoiceSbjtCnt":null,"corsYy":"2019","subInspTotalPnt":15.0,"abeekGrpNm":"","rowStatus":1,"theoFg":"U0210001","curiNo":"2019101454"},{"submattFg":"U0209001","stgNeceGrpNm":"","sideTotalPnt":3.0,"sbjtChgFg":"","subDgnTotalPnt":18.0,"sy62shtmRcomYn":"","abeekSubmattFgNm":"전공","sustLsnFgNm":"전선","sy12shtmRcomYn":"","sy42shtmRcomYn":"","abeekInspPracPntCnt":null,"genrl1stgNeceSbjtCnt":null,"abeekSustLsnFg":"U0225002","abeekDetaSubmattFg":"","sy51shtmRcomYn":"","abeekSustLsnFgNm":"인선","sy11shtmRcomYn":"","abeekTheoPntCnt":3.0,"sy31shtmRcomYn":"","submattFgNm":"전공과목","sbjtCd":"CHEE438","subTheoTotalPnt":78.0,"mjCd":"DS03001023001","sy61shtmRcomYn":"","sy22shtmRcomYn":"","mjCdNm":"화학공학전공(과)","sustLsnFg":"U0208005","sy52shtmRcomYn":"","sy21shtmRcomYn":"","sbjtChgFgNm":"","abeekDgnPntCnt":0.0,"sbjtKorNm":"환경화학공학","sy41shtmRcomYn":"○","genrl1stgNeceGrp":"","abeekGrpChoice":"","abeekSubmattFg":"U0226003","theoFgNm":"이론","abeekDetaSubmattFgNm":"","sy32shtmRcomYn":"","openTm":3.0,"pnt":3.0,"sbjtId":"11756","abeekChoiceSbjtCnt":null,"corsYy":"2019","subInspTotalPnt":15.0,"abeekGrpNm":"","rowStatus":1,"theoFg":"U0210001","curiNo":"2019101455"},{"submattFg":"U0209001","stgNeceGrpNm":"","sideTotalPnt":3.0,"sbjtChgFg":"","subDgnTotalPnt":18.0,"sy62shtmRcomYn":"","abeekSubmattFgNm":"전공","sustLsnFgNm":"전선","sy12shtmRcomYn":"","sy42shtmRcomYn":"○","abeekInspPracPntCnt":null,"genrl1stgNeceSbjtCnt":null,"abeekSustLsnFg":"U0225002","abeekDetaSubmattFg":"","sy51shtmRcomYn":"","abeekSustLsnFgNm":"인선","sy11shtmRcomYn":"","abeekTheoPntCnt":3.0,"sy31shtmRcomYn":"","submattFgNm":"전공과목","sbjtCd":"CHEE439","subTheoTotalPnt":78.0,"mjCd":"DS03001023001","sy61shtmRcomYn":"","sy22shtmRcomYn":"","mjCdNm":"화학공학전공(과)","sustLsnFg":"U0208005","sy52shtmRcomYn":"","sy21shtmRcomYn":"","sbjtChgFgNm":"","abeekDgnPntCnt":null,"sbjtKorNm":"화공수치해석","sy41shtmRcomYn":"","genrl1stgNeceGrp":"","abeekGrpChoice":"","abeekSubmattFg":"U0226003","theoFgNm":"이론","abeekDetaSubmattFgNm":"","sy32shtmRcomYn":"","openTm":3.0,"pnt":3.0,"sbjtId":"13450","abeekChoiceSbjtCnt":null,"corsYy":"2019","subInspTotalPnt":15.0,"abeekGrpNm":"","rowStatus":1,"theoFg":"U0210001","curiNo":"2019101456"},{"submattFg":"U0209001","stgNeceGrpNm":"","sideTotalPnt":3.0,"sbjtChgFg":"","subDgnTotalPnt":null,"sy62shtmRcomYn":"","abeekSubmattFgNm":"","sustLsnFgNm":"전선","sy12shtmRcomYn":"","sy42shtmRcomYn":"○","abeekInspPracPntCnt":null,"genrl1stgNeceSbjtCnt":null,"abeekSustLsnFg":"","abeekDetaSubmattFg":"","sy51shtmRcomYn":"","abeekSustLsnFgNm":"","sy11shtmRcomYn":"","abeekTheoPntCnt":null,"sy31shtmRcomYn":"○","submattFgNm":"전공과목","sbjtCd":"EINT101","subTheoTotalPnt":null,"mjCd":"DS03001023001","sy61shtmRcomYn":"","sy22shtmRcomYn":"","mjCdNm":"화학공학전공(과)","sustLsnFg":"U0208005","sy52shtmRcomYn":"","sy21shtmRcomYn":"","sbjtChgFgNm":"","abeekDgnPntCnt":null,"sbjtKorNm":"공학인턴십 1","sy41shtmRcomYn":"○","genrl1stgNeceGrp":"","abeekGrpChoice":"","abeekSubmattFg":"","theoFgNm":"실습","abeekDetaSubmattFgNm":"","sy32shtmRcomYn":"○","openTm":3.0,"pnt":3.0,"sbjtId":"12906","abeekChoiceSbjtCnt":null,"corsYy":"2019","subInspTotalPnt":null,"abeekGrpNm":"","rowStatus":1,"theoFg":"U0210002","curiNo":"2019101457"},{"submattFg":"U0209001","stgNeceGrpNm":"","sideTotalPnt":3.0,"sbjtChgFg":"","subDgnTotalPnt":null,"sy62shtmRcomYn":"","abeekSubmattFgNm":"","sustLsnFgNm":"전선","sy12shtmRcomYn":"","sy42shtmRcomYn":"○","abeekInspPracPntCnt":null,"genrl1stgNeceSbjtCnt":null,"abeekSustLsnFg":"","abeekDetaSubmattFg":"","sy51shtmRcomYn":"","abeekSustLsnFgNm":"","sy11shtmRcomYn":"","abeekTheoPntCnt":null,"sy31shtmRcomYn":"○","submattFgNm":"전공과목","sbjtCd":"EINT102","subTheoTotalPnt":null,"mjCd":"DS03001023001","sy61shtmRcomYn":"","sy22shtmRcomYn":"","mjCdNm":"화학공학전공(과)","sustLsnFg":"U0208005","sy52shtmRcomYn":"","sy21shtmRcomYn":"","sbjtChgFgNm":"","abeekDgnPntCnt":null,"sbjtKorNm":"공학인턴십 2","sy41shtmRcomYn":"○","genrl1stgNeceGrp":"","abeekGrpChoice":"","abeekSubmattFg":"","theoFgNm":"실습","abeekDetaSubmattFgNm":"","sy32shtmRcomYn":"○","openTm":3.0,"pnt":3.0,"sbjtId":"12913","abeekChoiceSbjtCnt":null,"corsYy":"2019","subInspTotalPnt":null,"abeekGrpNm":"","rowStatus":1,"theoFg":"U0210002","curiNo":"2019101458"},{"submattFg":"U0209001","stgNeceGrpNm":"","sideTotalPnt":3.0,"sbjtChgFg":"","subDgnTotalPnt":null,"sy62shtmRcomYn":"","abeekSubmattFgNm":"","sustLsnFgNm":"전선","sy12shtmRcomYn":"","sy42shtmRcomYn":"○","abeekInspPracPntCnt":null,"genrl1stgNeceSbjtCnt":null,"abeekSustLsnFg":"","abeekDetaSubmattFg":"","sy51shtmRcomYn":"","abeekSustLsnFgNm":"","sy11shtmRcomYn":"","abeekTheoPntCnt":null,"sy31shtmRcomYn":"○","submattFgNm":"전공과목","sbjtCd":"EINT103","subTheoTotalPnt":null,"mjCd":"DS03001023001","sy61shtmRcomYn":"","sy22shtmRcomYn":"","mjCdNm":"화학공학전공(과)","sustLsnFg":"U0208005","sy52shtmRcomYn":"","sy21shtmRcomYn":"","sbjtChgFgNm":"","abeekDgnPntCnt":null,"sbjtKorNm":"공학인턴십 3","sy41shtmRcomYn":"○","genrl1stgNeceGrp":"","abeekGrpChoice":"","abeekSubmattFg":"","theoFgNm":"실습","abeekDetaSubmattFgNm":"","sy32shtmRcomYn":"○","openTm":3.0,"pnt":3.0,"sbjtId":"12914","abeekChoiceSbjtCnt":null,"corsYy":"2019","subInspTotalPnt":null,"abeekGrpNm":"","rowStatus":1,"theoFg":"U0210002","curiNo":"2019101459"},{"submattFg":"U0209001","stgNeceGrpNm":"","sideTotalPnt":3.0,"sbjtChgFg":"","subDgnTotalPnt":null,"sy62shtmRcomYn":"","abeekSubmattFgNm":"","sustLsnFgNm":"전선","sy12shtmRcomYn":"","sy42shtmRcomYn":"○","abeekInspPracPntCnt":null,"genrl1stgNeceSbjtCnt":null,"abeekSustLsnFg":"","abeekDetaSubmattFg":"","sy51shtmRcomYn":"","abeekSustLsnFgNm":"","sy11shtmRcomYn":"","abeekTheoPntCnt":null,"sy31shtmRcomYn":"○","submattFgNm":"전공과목","sbjtCd":"EINT104","subTheoTotalPnt":null,"mjCd":"DS03001023001","sy61shtmRcomYn":"","sy22shtmRcomYn":"","mjCdNm":"화학공학전공(과)","sustLsnFg":"U0208005","sy52shtmRcomYn":"","sy21shtmRcomYn":"","sbjtChgFgNm":"","abeekDgnPntCnt":null,"sbjtKorNm":"공학인턴십 4","sy41shtmRcomYn":"○","genrl1stgNeceGrp":"","abeekGrpChoice":"","abeekSubmattFg":"","theoFgNm":"실습","abeekDetaSubmattFgNm":"","sy32shtmRcomYn":"○","openTm":3.0,"pnt":3.0,"sbjtId":"12915","abeekChoiceSbjtCnt":null,"corsYy":"2019","subInspTotalPnt":null,"abeekGrpNm":"","rowStatus":1,"theoFg":"U0210002","curiNo":"2019101460"},{"submattFg":"U0209001","stgNeceGrpNm":"","sideTotalPnt":3.0,"sbjtChgFg":"U0212001","subDgnTotalPnt":null,"sy62shtmRcomYn":"","abeekSubmattFgNm":"","sustLsnFgNm":"전선","sy12shtmRcomYn":"","sy42shtmRcomYn":"○","abeekInspPracPntCnt":null,"genrl1stgNeceSbjtCnt":null,"abeekSustLsnFg":"","abeekDetaSubmattFg":"","sy51shtmRcomYn":"","abeekSustLsnFgNm":"","sy11shtmRcomYn":"","abeekTheoPntCnt":null,"sy31shtmRcomYn":"○","submattFgNm":"전공과목","sbjtCd":"EINT105","subTheoTotalPnt":null,"mjCd":"DS03001023001","sy61shtmRcomYn":"","sy22shtmRcomYn":"","mjCdNm":"화학공학전공(과)","sustLsnFg":"U0208005","sy52shtmRcomYn":"","sy21shtmRcomYn":"","sbjtChgFgNm":"신설","abeekDgnPntCnt":null,"sbjtKorNm":"공학인턴십 5","sy41shtmRcomYn":"○","genrl1stgNeceGrp":"","abeekGrpChoice":"","abeekSubmattFg":"","theoFgNm":"현장실습","abeekDetaSubmattFgNm":"","sy32shtmRcomYn":"○","openTm":3.0,"pnt":3.0,"sbjtId":"12916","abeekChoiceSbjtCnt":null,"corsYy":"2019","subInspTotalPnt":null,"abeekGrpNm":"","rowStatus":1,"theoFg":"U0210008","curiNo":"2019107675"},{"submattFg":"U0209001","stgNeceGrpNm":"","sideTotalPnt":3.0,"sbjtChgFg":"U0212001","subDgnTotalPnt":null,"sy62shtmRcomYn":"","abeekSubmattFgNm":"","sustLsnFgNm":"전선","sy12shtmRcomYn":"","sy42shtmRcomYn":"○","abeekInspPracPntCnt":null,"genrl1stgNeceSbjtCnt":null,"abeekSustLsnFg":"","abeekDetaSubmattFg":"","sy51shtmRcomYn":"","abeekSustLsnFgNm":"","sy11shtmRcomYn":"","abeekTheoPntCnt":null,"sy31shtmRcomYn":"○","submattFgNm":"전공과목","sbjtCd":"EINT106","subTheoTotalPnt":null,"mjCd":"DS03001023001","sy61shtmRcomYn":"","sy22shtmRcomYn":"","mjCdNm":"화학공학전공(과)","sustLsnFg":"U0208005","sy52shtmRcomYn":"","sy21shtmRcomYn":"","sbjtChgFgNm":"신설","abeekDgnPntCnt":null,"sbjtKorNm":"공학인턴십 6","sy41shtmRcomYn":"○","genrl1stgNeceGrp":"","abeekGrpChoice":"","abeekSubmattFg":"","theoFgNm":"현장실습","abeekDetaSubmattFgNm":"","sy32shtmRcomYn":"○","openTm":3.0,"pnt":3.0,"sbjtId":"12917","abeekChoiceSbjtCnt":null,"corsYy":"2019","subInspTotalPnt":null,"abeekGrpNm":"","rowStatus":1,"theoFg":"U0210008","curiNo":"2019107676"}]}}