{"VariableList":{"ErrorMsg":"success","ErrorCode":"0"},"DatasetList":{"DS_COUR030":[{"submattFg":"U0209003","stgNeceGrpNm":"","sideTotalPnt":3.0,"sbjtChgFg":"","subDgnTotalPnt":0.0,"sy62shtmRcomYn":"","abeekSubmattFgNm":"MSC","sustLsnFgNm":"교필","sy12shtmRcomYn":"","sy42shtmRcomYn":"","abeekInspPracPntCnt":null,"genrl1stgNeceSbjtCnt":null,"abeekSustLsnFg":"U0225001","abeekDetaSubmattFg":"U0227003","sy51shtmRcomYn":"","abeekSustLsnFgNm":"인필","sy11shtmRcomYn":"○","abeekTheoPntCnt":3.0,"sy31shtmRcomYn":"","submattFgNm":"기초과목","sbjtCd":"MATH102","subTheoTotalPnt":31.0,"mjCd":"DS03001026001","sy61shtmRcomYn":"","sy22shtmRcomYn":"","mjCdNm":"환경안전공학전공(과)","sustLsnFg":"U0208002","sy52shtmRcomYn":"","sy21shtmRcomYn":"","sbjtChgFgNm":"","abeekDgnPntCnt":null,"sbjtKorNm":"수학1","sy41shtmRcomYn":"","genrl1stgNeceGrp":"","abeekGrpChoice":"","abeekSubmattFg":"U0226002","theoFgNm":"이론","abeekDetaSubmattFgNm":"수학","sy32shtmRcomYn":"","openTm":3.0,"pnt":3.0,"sbjtId":"527","abeekChoiceSbjtCnt":null,"corsYy":"2017","subInspTotalPnt":8.0,"abeekGrpNm":"","rowStatus":1,"theoFg":"U0210001","curiNo":"2017101793"},{"submattFg":"U0209003","stgNeceGrpNm":"","sideTotalPnt":3.0,"sbjtChgFg":"","subDgnTotalPnt":0.0,"sy62shtmRcomYn":"","abeekSubmattFgNm":"MSC","sustLsnFgNm":"교필","sy12shtmRcomYn":"○","sy42shtmRcomYn":"","abeekInspPracPntCnt":null,"genrl1stgNeceSbjtCnt":null,"abeekSustLsnFg":"U0225001","abeekDetaSubmattFg":"U0227003","sy51shtmRcomYn":"","abeekSustLsnFgNm":"인필","sy11shtmRcomYn":"","abeekTheoPntCnt":3.0,"sy31shtmRcomYn":"","submattFgNm":"기초과목","sbjtCd":"MATH103","subTheoTotalPnt":31.0,"mjCd":"DS03001026001","sy61shtmRcomYn":"","sy22shtmRcomYn":"","mjCdNm":"환경안전공학전공(과)","sustLsnFg":"U0208002","sy52shtmRcomYn":"","sy21shtmRcomYn":"","sbjtChgFgNm":"","abeekDgnPntCnt":null,"sbjtKorNm":"수학2","sy41shtmRcomYn":"","genrl1stgNeceGrp":"","abeekGrpChoice":"","abeekSubmattFg":"U0226002","theoFgNm":"이론","abeekDetaSubmattFgNm":"수학","sy32shtmRcomYn":"","openTm":3.0,"pnt":3.0,"sbjtId":"528","abeekChoiceSbjtCnt":null,"corsYy":"2017","subInspTotalPnt":8.0,"abeekGrpNm":"","rowStatus":1,"theoFg":"U0210001","curiNo":"2017101792"},{"submattFg":"U0209003","stgNeceGrpNm":"","sideTotalPnt":3.0,"sbjtChgFg":"","subDgnTotalPnt":0.0,"sy62shtmRcomYn":"","abeekSubmattFgNm":"MSC","sustLsnFgNm":"교필","sy12shtmRcomYn":"","sy42shtmRcomYn":"","abeekInspPracPntCnt":0.0,"genrl1stgNeceSbjtCnt":null,"abeekSustLsnFg":"U0225001","abeekDetaSubmattFg":"U0227003","sy51shtmRcomYn":"","abeekSustLsnFgNm":"인필","sy11shtmRcomYn":"","abeekTheoPntCnt":3.0,"sy31shtmRcomYn":"","submattFgNm":"기초과목","sbjtCd":"MATH207","subTheoTotalPnt":31.0,"mjCd":"DS03001026001","sy61shtmRcomYn":"","sy22shtmRcomYn":"","mjCdNm":"환경안전공학전공(과)","sustLsnFg":"U0208002","sy52shtmRcomYn":"","sy21shtmRcomYn":"○","sbjtChgFgNm":"","abeekDgnPntCnt":0.0,"sbjtKorNm":"공업수학C","sy41shtmRcomYn":"","genrl1stgNeceGrp":"","abeekGrpChoice":"","abeekSubmattFg":"U0226002","theoFgNm":"이론","abeekDetaSubmattFgNm":"수학","sy32shtmRcomYn":"","openTm":3.0,"pnt":3.0,"sbjtId":"11831","abeekChoiceSbjtCnt":null,"corsYy":"2017","subInspTotalPnt":8.0,"abeekGrpNm":"","rowStatus":1,"theoFg":"U0210001","curiNo":"2017101791"},{"submattFg":"U0209003","stgNeceGrpNm":"택A8","sideTotalPnt":16.0,"sbjtChgFg":"","subDgnTotalPnt":0.0,"sy62shtmRcomYn":"","abeekSubmattFgNm":"MSC","sustLsnFgNm":"교필","sy12shtmRcomYn":"○","sy42shtmRcomYn":"","abeekInspPracPntCnt":null,"genrl1stgNeceSbjtCnt":8.0,"abeekSustLsnFg":"U0225001","abeekDetaSubmattFg":"U0227004","sy51shtmRcomYn":"","abeekSustLsnFgNm":"인필","sy11shtmRcomYn":"","abeekTheoPntCnt":3.0,"sy31shtmRcomYn":"","submattFgNm":"기초과목","sbjtCd":"BIO102","subTheoTotalPnt":31.0,"mjCd":"DS03001026001","sy61shtmRcomYn":"","sy22shtmRcomYn":"","mjCdNm":"환경안전공학전공(과)","sustLsnFg":"U0208002","sy52shtmRcomYn":"","sy21shtmRcomYn":"","sbjtChgFgNm":"","abeekDgnPntCnt":null,"sbjtKorNm":"생물학2","sy41shtmRcomYn":"","genrl1stgNeceGrp":"A","abeekGrpChoice":"A","abeekSubmattFg":"U0226002","theoFgNm":"이론","abeekDetaSubmattFgNm":"기초과학","sy32shtmRcomYn":"","openTm":3.0,"pnt":3.0,"sbjtId":"450","abeekChoiceSbjtCnt":8.0,"corsYy":"2017","subInspTotalPnt":8.0,"abeekGrpNm":"A그룹 중 택8","rowStatus":1,"theoFg":"U0210001","curiNo":"2017101804"},{"submattFg":"U0209003","stgNeceGrpNm":"택A8","sideTotalPnt":16.0,"sbjtChgFg":"","subDgnTotalPnt":0.0,"sy62shtmRcomYn":"","abeekSubmattFgNm":"MSC","sustLsnFgNm":"교필","sy12shtmRcomYn":"○","sy42shtmRcomYn":"","abeekInspPracPntCnt":1.0,"genrl1stgNeceSbjtCnt":8.0,"abeekSustLsnFg":"U0225001","abeekDetaSubmattFg":"U0227004","sy51shtmRcomYn":"","abeekSustLsnFgNm":"인필","sy11shtmRcomYn":"","abeekTheoPntCnt":null,"sy31shtmRcomYn":"","submattFgNm":"기초과목","sbjtCd":"BIO103","subTheoTotalPnt":31.0,"mjCd":"DS03001026001","sy61shtmRcomYn":"","sy22shtmRcomYn":"","mjCdNm":"환경안전공학전공(과)","sustLsnFg":"U0208002","sy52shtmRcomYn":"","sy21shtmRcomYn":"","sbjtChgFgNm":"","abeekDgnPntCnt":null,"sbjtKorNm":"생물학실험2","sy41shtmRcomYn":"","genrl1stgNeceGrp":"A","abeekGrpChoice":"A","abeekSubmattFg":"U0226002","theoFgNm":"실습","abeekDetaSubmattFgNm":"기초과학","sy32shtmRcomYn":"","openTm":2.0,"pnt":1.0,"sbjtId":"452","abeekChoiceSbjtCnt":8.0,"corsYy":"2017","subInspTotalPnt":8.0,"abeekGrpNm":"A그룹 중 택8","rowStatus":1,"theoFg":"U0210002","curiNo":"2017101805"},{"submattFg":"U0209003","stgNeceGrpNm":"택A8","sideTotalPnt":16.0,"sbjtChgFg":"","subDgnTotalPnt":0.0,"sy62shtmRcomYn":"","abeekSubmattFgNm":"MSC","sustLsnFgNm":"교필","sy12shtmRcomYn":"","sy42shtmRcomYn":"","abeekInspPracPntCnt":null,"genrl1stgNeceSbjtCnt":8.0,"abeekSustLsnFg":"U0225001","abeekDetaSubmattFg":"U0227004","sy51shtmRcomYn":"","abeekSustLsnFgNm":"인필","sy11shtmRcomYn":"○","abeekTheoPntCnt":3.0,"sy31shtmRcomYn":"","submattFgNm":"기초과목","sbjtCd":"BIO112","subTheoTotalPnt":31.0,"mjCd":"DS03001026001","sy61shtmRcomYn":"","sy22shtmRcomYn":"","mjCdNm":"환경안전공학전공(과)","sustLsnFg":"U0208002","sy52shtmRcomYn":"","sy21shtmRcomYn":"","sbjtChgFgNm":"","abeekDgnPntCnt":null,"sbjtKorNm":"생물학1","sy41shtmRcomYn":"","genrl1stgNeceGrp":"A","abeekGrpChoice":"A","abeekSubmattFg":"U0226002","theoFgNm":"이론","abeekDetaSubmattFgNm":"기초과학","sy32shtmRcomYn":"","openTm":3.0,"pnt":3.0,"sbjtId":"449","abeekChoiceSbjtCnt":8.0,"corsYy":"2017","subInspTotalPnt":8.0,"abeekGrpNm":"A그룹 중 택8","rowStatus":1,"theoFg":"U0210001","curiNo":"2017101802"},{"submattFg":"U0209003","stgNeceGrpNm":"택A8","sideTotalPnt":16.0,"sbjtChgFg":"","subDgnTotalPnt":0.0,"sy62shtmRcomYn":"","abeekSubmattFgNm":"MSC","sustLsnFgNm":"교필","sy12shtmRcomYn":"","sy42shtmRcomYn":"","abeekInspPracPntCnt":1.0,"genrl1stgNeceSbjtCnt":8.0,"abeekSustLsnFg":"U0225001","abeekDetaSubmattFg":"U0227004","sy51shtmRcomYn":"","abeekSustLsnFgNm":"인필","sy11shtmRcomYn":"○","abeekTheoPntCnt":null,"sy31shtmRcomYn":"","submattFgNm":"기초과목","sbjtCd":"BIO113","subTheoTotalPnt":31.0,"mjCd":"DS03001026001","sy61shtmRcomYn":"","sy22shtmRcomYn":"","mjCdNm":"환경안전공학전공(과)","sustLsnFg":"U0208002","sy52shtmRcomYn":"","sy21shtmRcomYn":"","sbjtChgFgNm":"","abeekDgnPntCnt":null,"sbjtKorNm":"생물학실험1","sy41shtmRcomYn":"","genrl1stgNeceGrp":"A","abeekGrpChoice":"A","abeekSubmattFg":"U0226002","theoFgNm":"실습","abeekDetaSubmattFgNm":"기초과학","sy32shtmRcomYn":"","openTm":2.0,"pnt":1.0,"sbjtId":"451","abeekChoiceSbjtCnt":8.0,"corsYy":"2017","subInspTotalPnt":8.0,"abeekGrpNm":"A그룹 중 택8","rowStatus":1,"theoFg":"U0210002","curiNo":"2017101801"},{"submattFg":"U0209003","stgNeceGrpNm":"택A8","sideTotalPnt":16.0,"sbjtChgFg":"","subDgnTotalPnt":0.0,"sy62shtmRcomYn":"","abeekSubmattFgNm":"MSC","sustLsnFgNm":"교필","sy12shtmRcomYn":"","sy42shtmRcomYn":"","abeekInspPracPntCnt":0.0,"genrl1stgNeceSbjtCnt":8.0,"abeekSustLsnFg":"U0225001","abeekDetaSubmattFg":"U0227004","sy51shtmRcomYn":"","abeekSustLsnFgNm":"인필","sy11shtmRcomYn":"○","abeekTheoPntCnt":3.0,"sy31shtmRcomYn":"","submattFgNm":"기초과목","sbjtCd":"CHEM112","subTheoTotalPnt":31.0,"mjCd":"DS03001026001","sy61shtmRcomYn":"","sy22shtmRcomYn":"","mjCdNm":"환경안전공학전공(과)","sustLsnFg":"U0208002","sy52shtmRcomYn":"","sy21shtmRcomYn":"","sbjtChgFgNm":"","abeekDgnPntCnt":null,"sbjtKorNm":"화학1","sy41shtmRcomYn":"","genrl1stgNeceGrp":"A","abeekGrpChoice":"A","abeekSubmattFg":"U0226002","theoFgNm":"이론","abeekDetaSubmattFgNm":"기초과학","sy32shtmRcomYn":"","openTm":3.0,"pnt":3.0,"sbjtId":"991","abeekChoiceSbjtCnt":8.0,"corsYy":"2017","subInspTotalPnt":8.0,"abeekGrpNm":"A그룹 중 택8","rowStatus":1,"theoFg":"U0210001","curiNo":"2017101799"},{"submattFg":"U0209003","stgNeceGrpNm":"택A8","sideTotalPnt":16.0,"sbjtChgFg":"","subDgnTotalPnt":0.0,"sy62shtmRcomYn":"","abeekSubmattFgNm":"MSC","sustLsnFgNm":"교필","sy12shtmRcomYn":"○","sy42shtmRcomYn":"","abeekInspPracPntCnt":0.0,"genrl1stgNeceSbjtCnt":8.0,"abeekSustLsnFg":"U0225001","abeekDetaSubmattFg":"U0227004","sy51shtmRcomYn":"","abeekSustLsnFgNm":"인필","sy11shtmRcomYn":"","abeekTheoPntCnt":3.0,"sy31shtmRcomYn":"","submattFgNm":"기초과목","sbjtCd":"CHEM113","subTheoTotalPnt":31.0,"mjCd":"DS03001026001","sy61shtmRcomYn":"","sy22shtmRcomYn":"","mjCdNm":"환경안전공학전공(과)","sustLsnFg":"U0208002","sy52shtmRcomYn":"","sy21shtmRcomYn":"","sbjtChgFgNm":"","abeekDgnPntCnt":null,"sbjtKorNm":"화학2","sy41shtmRcomYn":"","genrl1stgNeceGrp":"A","abeekGrpChoice":"A","abeekSubmattFg":"U0226002","theoFgNm":"이론","abeekDetaSubmattFgNm":"기초과학","sy32shtmRcomYn":"","openTm":3.0,"pnt":3.0,"sbjtId":"992","abeekChoiceSbjtCnt":8.0,"corsYy":"2017","subInspTotalPnt":8.0,"abeekGrpNm":"A그룹 중 택8","rowStatus":1,"theoFg":"U0210001","curiNo":"2017101798"},{"submattFg":"U0209003","stgNeceGrpNm":"택A8","sideTotalPnt":16.0,"sbjtChgFg":"","subDgnTotalPnt":0.0,"sy62shtmRcomYn":"","abeekSubmattFgNm":"MSC","sustLsnFgNm":"교필","sy12shtmRcomYn":"","sy42shtmRcomYn":"","abeekInspPracPntCnt":1.0,"genrl1stgNeceSbjtCnt":8.0,"abeekSustLsnFg":"U0225001","abeekDetaSubmattFg":"U0227004","sy51shtmRcomYn":"","abeekSustLsnFgNm":"인필","sy11shtmRcomYn":"○","abeekTheoPntCnt":0.0,"sy31shtmRcomYn":"","submattFgNm":"기초과목","sbjtCd":"CHEM115","subTheoTotalPnt":31.0,"mjCd":"DS03001026001","sy61shtmRcomYn":"","sy22shtmRcomYn":"","mjCdNm":"환경안전공학전공(과)","sustLsnFg":"U0208002","sy52shtmRcomYn":"","sy21shtmRcomYn":"","sbjtChgFgNm":"","abeekDgnPntCnt":null,"sbjtKorNm":"화학실험1","sy41shtmRcomYn":"","genrl1stgNeceGrp":"A","abeekGrpChoice":"A","abeekSubmattFg":"U0226002","theoFgNm":"실습","abeekDetaSubmattFgNm":"기초과학","sy32shtmRcomYn":"","openTm":2.0,"pnt":1.0,"sbjtId":"1002","abeekChoiceSbjtCnt":8.0,"corsYy":"2017","subInspTotalPnt":8.0,"abeekGrpNm":"A그룹 중 택8","rowStatus":1,"theoFg":"U0210002","curiNo":"2017101797"},{"submattFg":"U0209003","stgNeceGrpNm":"택A8","sideTotalPnt":16.0,"sbjtChgFg":"","subDgnTotalPnt":0.0,"sy62shtmRcomYn":"","abeekSubmattFgNm":"MSC","sustLsnFgNm":"교필","sy12shtmRcomYn":"○","sy42shtmRcomYn":"","abeekInspPracPntCnt":1.0,"genrl1stgNeceSbjtCnt":8.0,"abeekSustLsnFg":"U0225001","abeekDetaSubmattFg":"U0227004","sy51shtmRcomYn":"","abeekSustLsnFgNm":"인필","sy11shtmRcomYn":"","abeekTheoPntCnt":0.0,"sy31shtmRcomYn":"","submattFgNm":"기초과목","sbjtCd":"CHEM116","subTheoTotalPnt":31.0,"mjCd":"DS03001026001","sy61shtmRcomYn":"","sy22shtmRcomYn":"","mjCdNm":"환경안전공학전공(과)","sustLsnFg":"U0208002","sy52shtmRcomYn":"","sy21shtmRcomYn":"","sbjtChgFgNm":"","abeekDgnPntCnt":null,"sbjtKorNm":"화학실험2","sy41shtmRcomYn":"","genrl1stgNeceGrp":"A","abeekGrpChoice":"A","abeekSubmattFg":"U0226002","theoFgNm":"실습","abeekDetaSubmattFgNm":"기초과학","sy32shtmRcomYn":"","openTm":2.0,"pnt":1.0,"sbjtId":"1003","abeekChoiceSbjtCnt":8.0,"corsYy":"2017","subInspTotalPnt":8.0,"abeekGrpNm":"A그룹 중 택8","rowStatus":1,"theoFg":"U0210002","curiNo":"2017101796"},{"submattFg":"U0209003","stgNeceGrpNm":"택A8","sideTotalPnt":16.0,"sbjtChgFg":"","subDgnTotalPnt":0.0,"sy62shtmRcomYn":"","abeekSubmattFgNm":"MSC","sustLsnFgNm":"교필","sy12shtmRcomYn":"","sy42shtmRcomYn":"","abeekInspPracPntCnt":null,"genrl1stgNeceSbjtCnt":8.0,"abeekSustLsnFg":"U0225001","abeekDetaSubmattFg":"U0227004","sy51shtmRcomYn":"","abeekSustLsnFgNm":"인필","sy11shtmRcomYn":"○","abeekTheoPntCnt":3.0,"sy31shtmRcomYn":"","submattFgNm":"기초과목","sbjtCd":"PHYS113","subTheoTotalPnt":31.0,"mjCd":"DS03001026001","sy61shtmRcomYn":"","sy22shtmRcomYn":"","mjCdNm":"환경안전공학전공(과)","sustLsnFg":"U0208002","sy52shtmRcomYn":"","sy21shtmRcomYn":"","sbjtChgFgNm":"","abeekDgnPntCnt":null,"sbjtKorNm":"물리학1","sy41shtmRcomYn":"","genrl1stgNeceGrp":"A","abeekGrpChoice":"A","abeekSubmattFg":"U0226002","theoFgNm":"이론","abeekDetaSubmattFgNm":"기초과학","sy32shtmRcomYn":"","openTm":3.0,"pnt":3.0,"sbjtId":"320","abeekChoiceSbjtCnt":8.0,"corsYy":"2017","subInspTotalPnt":8.0,"abeekGrpNm":"A그룹 중 택8","rowStatus":1,"theoFg":"U0210001","curiNo":"2017101806"},{"submattFg":"U0209003","stgNeceGrpNm":"택A8","sideTotalPnt":16.0,"sbjtChgFg":"","subDgnTotalPnt":0.0,"sy62shtmRcomYn":"","abeekSubmattFgNm":"MSC","sustLsnFgNm":"교필","sy12shtmRcomYn":"","sy42shtmRcomYn":"","abeekInspPracPntCnt":1.0,"genrl1stgNeceSbjtCnt":8.0,"abeekSustLsnFg":"U0225001","abeekDetaSubmattFg":"U0227004","sy51shtmRcomYn":"","abeekSustLsnFgNm":"인필","sy11shtmRcomYn":"○","abeekTheoPntCnt":null,"sy31shtmRcomYn":"","submattFgNm":"기초과목","sbjtCd":"PHYS114","subTheoTotalPnt":31.0,"mjCd":"DS03001026001","sy61shtmRcomYn":"","sy22shtmRcomYn":"","mjCdNm":"환경안전공학전공(과)","sustLsnFg":"U0208002","sy52shtmRcomYn":"","sy21shtmRcomYn":"","sbjtChgFgNm":"","abeekDgnPntCnt":null,"sbjtKorNm":"물리학실험1","sy41shtmRcomYn":"","genrl1stgNeceGrp":"A","abeekGrpChoice":"A","abeekSubmattFg":"U0226002","theoFgNm":"실습","abeekDetaSubmattFgNm":"기초과학","sy32shtmRcomYn":"","openTm":2.0,"pnt":1.0,"sbjtId":"324","abeekChoiceSbjtCnt":8.0,"corsYy":"2017","subInspTotalPnt":8.0,"abeekGrpNm":"A그룹 중 택8","rowStatus":1,"theoFg":"U0210002","curiNo":"2017101807"},{"submattFg":"U0209003","stgNeceGrpNm":"택A8","sideTotalPnt":16.0,"sbjtChgFg":"","subDgnTotalPnt":0.0,"sy62shtmRcomYn":"","abeekSubmattFgNm":"MSC","sustLsnFgNm":"교필","sy12shtmRcomYn":"○","sy42shtmRcomYn":"","abeekInspPracPntCnt":null,"genrl1stgNeceSbjtCnt":8.0,"abeekSustLsnFg":"U0225001","abeekDetaSubmattFg":"U0227004","sy51shtmRcomYn":"","abeekSustLsnFgNm":"인필","sy11shtmRcomYn":"","abeekTheoPntCnt":3.0,"sy31shtmRcomYn":"","submattFgNm":"기초과목","sbjtCd":"PHYS115","subTheoTotalPnt":31.0,"mjCd":"DS03001026001","sy61shtmRcomYn":"","sy22shtmRcomYn":"","mjCdNm":"환경안전공학전공(과)","sustLsnFg":"U0208002","sy52shtmRcomYn":"","sy21shtmRcomYn":"","sbjtChgFgNm":"","abeekDgnPntCnt":null,"sbjtKorNm":"물리학2","sy41shtmRcomYn":"","genrl1stgNeceGrp":"A","abeekGrpChoice":"A","abeekSubmattFg":"U0226002","theoFgNm":"이론","abeekDetaSubmattFgNm":"기초과학","sy32shtmRcomYn":"","openTm":3.0,"pnt":3.0,"sbjtId":"321","abeekChoiceSbjtCnt":8.0,"corsYy":"2017","subInspTotalPnt":8.0,"abeekGrpNm":"A그룹 중 택8","rowStatus":1,"theoFg":"U0210001","curiNo":"2017101808"},{"submattFg":"U0209003","stgNeceGrpNm":"택A8","sideTotalPnt":16.0,"sbjtChgFg":"","subDgnTotalPnt":0.0,"sy62shtmRcomYn":"","abeekSubmattFgNm":"MSC","sustLsnFgNm":"교필","sy12shtmRcomYn":"○","sy42shtmRcomYn":"","abeekInspPracPntCnt":1.0,"genrl1stgNeceSbjtCnt":8.0,"abeekSustLsnFg":"U0225001","abeekDetaSubmattFg":"U0227004","sy51shtmRcomYn":"","abeekSustLsnFgNm":"인필","sy11shtmRcomYn":"","abeekTheoPntCnt":null,"sy31shtmRcomYn":"","submattFgNm":"기초과목","sbjtCd":"PHYS116","subTheoTotalPnt":31.0,"mjCd":"DS03001026001","sy61shtmRcomYn":"","sy22shtmRcomYn":"","mjCdNm":"환경안전공학전공(과)","sustLsnFg":"U0208002","sy52shtmRcomYn":"","sy21shtmRcomYn":"","sbjtChgFgNm":"","abeekDgnPntCnt":null,"sbjtKorNm":"물리학실험2","sy41shtmRcomYn":"","genrl1stgNeceGrp":"A","abeekGrpChoice":"A","abeekSubmattFg":"U0226002","theoFgNm":"실습","abeekDetaSubmattFgNm":"기초과학","sy32shtmRcomYn":"","openTm":2.0,"pnt":1.0,"sbjtId":"325","abeekChoiceSbjtCnt":8.0,"corsYy":"2017","subInspTotalPnt":8.0,"abeekGrpNm":"A그룹 중 택8","rowStatus":1,"theoFg":"U0210002","curiNo":"2017101803"},{"submattFg":"U0209003","stgNeceGrpNm":"","sideTotalPnt":3.0,"sbjtChgFg":"","subDgnTotalPnt":0.0,"sy62shtmRcomYn":"","abeekSubmattFgNm":"MSC","sustLsnFgNm":"교필","sy12shtmRcomYn":"","sy42shtmRcomYn":"","abeekInspPracPntCnt":1.0,"genrl1stgNeceSbjtCnt":null,"abeekSustLsnFg":"U0225001","abeekDetaSubmattFg":"U0227005","sy51shtmRcomYn":"","abeekSustLsnFgNm":"인필","sy11shtmRcomYn":"","abeekTheoPntCnt":2.0,"sy31shtmRcomYn":"","submattFgNm":"기초과목","sbjtCd":"CMP104","subTheoTotalPnt":31.0,"mjCd":"DS03001026001","sy61shtmRcomYn":"","sy22shtmRcomYn":"○","mjCdNm":"환경안전공학전공(과)","sustLsnFg":"U0208002","sy52shtmRcomYn":"","sy21shtmRcomYn":"","sbjtChgFgNm":"","abeekDgnPntCnt":null,"sbjtKorNm":"과학계산 프로그래밍","sy41shtmRcomYn":"","genrl1stgNeceGrp":"","abeekGrpChoice":"","abeekSubmattFg":"U0226002","theoFgNm":"이론+실습","abeekDetaSubmattFgNm":"전산학","sy32shtmRcomYn":"","openTm":3.0,"pnt":3.0,"sbjtId":"10369","abeekChoiceSbjtCnt":null,"corsYy":"2017","subInspTotalPnt":8.0,"abeekGrpNm":"","rowStatus":1,"theoFg":"U0210005","curiNo":"2017101795"},{"submattFg":"U0209003","stgNeceGrpNm":"","sideTotalPnt":3.0,"sbjtChgFg":"","subDgnTotalPnt":0.0,"sy62shtmRcomYn":"","abeekSubmattFgNm":"MSC","sustLsnFgNm":"교필","sy12shtmRcomYn":"","sy42shtmRcomYn":"","abeekInspPracPntCnt":1.0,"genrl1stgNeceSbjtCnt":null,"abeekSustLsnFg":"U0225001","abeekDetaSubmattFg":"U0227005","sy51shtmRcomYn":"","abeekSustLsnFgNm":"인필","sy11shtmRcomYn":"","abeekTheoPntCnt":2.0,"sy31shtmRcomYn":"","submattFgNm":"기초과목","sbjtCd":"ENV205","subTheoTotalPnt":31.0,"mjCd":"DS03001026001","sy61shtmRcomYn":"","sy22shtmRcomYn":"","mjCdNm":"환경안전공학전공(과)","sustLsnFg":"U0208002","sy52shtmRcomYn":"","sy21shtmRcomYn":"○","sbjtChgFgNm":"","abeekDgnPntCnt":null,"sbjtKorNm":"전산통계학","sy41shtmRcomYn":"","genrl1stgNeceGrp":"","abeekGrpChoice":"","abeekSubmattFg":"U0226002","theoFgNm":"이론","abeekDetaSubmattFgNm":"전산학","sy32shtmRcomYn":"","openTm":3.0,"pnt":3.0,"sbjtId":"20140558","abeekChoiceSbjtCnt":null,"corsYy":"2017","subInspTotalPnt":8.0,"abeekGrpNm":"","rowStatus":1,"theoFg":"U0210001","curiNo":"2017101794"},{"submattFg":"U0209003","stgNeceGrpNm":"","sideTotalPnt":1.0,"sbjtChgFg":"U0212001","subDgnTotalPnt":null,"sy62shtmRcomYn":"","abeekSubmattFgNm":"","sustLsnFgNm":"교필","sy12shtmRcomYn":"","sy42shtmRcomYn":"","abeekInspPracPntCnt":null,"genrl1stgNeceSbjtCnt":null,"abeekSustLsnFg":"","abeekDetaSubmattFg":"","sy51shtmRcomYn":"","abeekSustLsnFgNm":"","sy11shtmRcomYn":"○","abeekTheoPntCnt":null,"sy31shtmRcomYn":"","submattFgNm":"기초과목","sbjtCd":"CAJO113","subTheoTotalPnt":null,"mjCd":"DS03001026001","sy61shtmRcomYn":"","sy22shtmRcomYn":"","mjCdNm":"환경안전공학전공(과)","sustLsnFg":"U0208002","sy52shtmRcomYn":"","sy21shtmRcomYn":"","sbjtChgFgNm":"신설","abeekDgnPntCnt":null,"sbjtKorNm":"아주인성","sy41shtmRcomYn":"","genrl1stgNeceGrp":"","abeekGrpChoice":"","abeekSubmattFg":"","theoFgNm":"이론","abeekDetaSubmattFgNm":"","sy32shtmRcomYn":"","openTm":1.5,"pnt":1.0,"sbjtId":"20150728","abeekChoiceSbjtCnt":null,"corsYy":"2017","subInspTotalPnt":null,"abeekGrpNm":"","rowStatus":1,"theoFg":"U0210001","curiNo":"2017107187"},{"submattFg":"U0209003","stgNeceGrpNm":"","sideTotalPnt":1.0,"sbjtChgFg":"","subDgnTotalPnt":null,"sy62shtmRcomYn":"","abeekSubmattFgNm":"","sustLsnFgNm":"교필","sy12shtmRcomYn":"","sy42shtmRcomYn":"","abeekInspPracPntCnt":null,"genrl1stgNeceSbjtCnt":null,"abeekSustLsnFg":"","abeekDetaSubmattFg":"","sy51shtmRcomYn":"","abeekSustLsnFgNm":"","sy11shtmRcomYn":"○","abeekTheoPntCnt":null,"sy31shtmRcomYn":"","submattFgNm":"기초과목","sbjtCd":"CAJO114","subTheoTotalPnt":null,"mjCd":"DS03001026001","sy61shtmRcomYn":"","sy22shtmRcomYn":"","mjCdNm":"환경안전공학전공(과)","sustLsnFg":"U0208002","sy52shtmRcomYn":"","sy21shtmRcomYn":"","sbjtChgFgNm":"","abeekDgnPntCnt":null,"sbjtKorNm":"아주희망","sy41shtmRcomYn":"","genrl1stgNeceGrp":"","abeekGrpChoice":"","abeekSubmattFg":"","theoFgNm":"이론","abeekDetaSubmattFgNm":"","sy32shtmRcomYn":"","openTm":1.5,"pnt":1.0,"sbjtId":"20150729","abeekChoiceSbjtCnt":null,"corsYy":"2017","subInspTotalPnt":null,"abeekGrpNm":"","rowStatus":1,"theoFg":"U0210001","curiNo":"2017101800"},{"submattFg":"U0209001","stgNeceGrpNm":"","sideTotalPnt":3.0,"sbjtChgFg":"","subDgnTotalPnt":17.0,"sy62shtmRcomYn":"","abeekSubmattFgNm":"전공","sustLsnFgNm":"전필","sy12shtmRcomYn":"○","sy42shtmRcomYn":"","abeekInspPracPntCnt":null,"genrl1stgNeceSbjtCnt":null,"abeekSustLsnFg":"U0225001","abeekDetaSubmattFg":"","sy51shtmRcomYn":"","abeekSustLsnFgNm":"인필","sy11shtmRcomYn":"","abeekTheoPntCnt":3.0,"sy31shtmRcomYn":"","submattFgNm":"전공과목","sbjtCd":"ENV104","subTheoTotalPnt":73.0,"mjCd":"DS03001026001","sy61shtmRcomYn":"","sy22shtmRcomYn":"","mjCdNm":"환경안전공학전공(과)","sustLsnFg":"U0208004","sy52shtmRcomYn":"","sy21shtmRcomYn":"","sbjtChgFgNm":"","abeekDgnPntCnt":null,"sbjtKorNm":"환경공학입문","sy41shtmRcomYn":"","genrl1stgNeceGrp":"","abeekGrpChoice":"","abeekSubmattFg":"U0226003","theoFgNm":"이론","abeekDetaSubmattFgNm":"","sy32shtmRcomYn":"","openTm":3.0,"pnt":3.0,"sbjtId":"20110443","abeekChoiceSbjtCnt":null,"corsYy":"2017","subInspTotalPnt":6.0,"abeekGrpNm":"","rowStatus":1,"theoFg":"U0210001","curiNo":"2017101755"},{"submattFg":"U0209001","stgNeceGrpNm":"","sideTotalPnt":3.0,"sbjtChgFg":"","subDgnTotalPnt":17.0,"sy62shtmRcomYn":"","abeekSubmattFgNm":"전공","sustLsnFgNm":"전필","sy12shtmRcomYn":"","sy42shtmRcomYn":"","abeekInspPracPntCnt":0.0,"genrl1stgNeceSbjtCnt":null,"abeekSustLsnFg":"U0225001","abeekDetaSubmattFg":"","sy51shtmRcomYn":"","abeekSustLsnFgNm":"인필","sy11shtmRcomYn":"","abeekTheoPntCnt":3.0,"sy31shtmRcomYn":"","submattFgNm":"전공과목","sbjtCd":"ENV201","subTheoTotalPnt":73.0,"mjCd":"DS03001026001","sy61shtmRcomYn":"","sy22shtmRcomYn":"","mjCdNm":"환경안전공학전공(과)","sustLsnFg":"U0208004","sy52shtmRcomYn":"","sy21shtmRcomYn":"○","sbjtChgFgNm":"","abeekDgnPntCnt":0.0,"sbjtKorNm":"환경화학","sy41shtmRcomYn":"","genrl1stgNeceGrp":"","abeekGrpChoice":"","abeekSubmattFg":"U0226003","theoFgNm":"이론","abeekDetaSubmattFgNm":"","sy32shtmRcomYn":"","openTm":3.0,"pnt":3.0,"sbjtId":"1021","abeekChoiceSbjtCnt":null,"corsYy":"2017","subInspTotalPnt":6.0,"abeekGrpNm":"","rowStatus":1,"theoFg":"U0210001","curiNo":"2017101762"},{"submattFg":"U0209001","stgNeceGrpNm":"","sideTotalPnt":3.0,"sbjtChgFg":"","subDgnTotalPnt":17.0,"sy62shtmRcomYn":"","abeekSubmattFgNm":"전공","sustLsnFgNm":"전필","sy12shtmRcomYn":"","sy42shtmRcomYn":"","abeekInspPracPntCnt":null,"genrl1stgNeceSbjtCnt":null,"abeekSustLsnFg":"U0225001","abeekDetaSubmattFg":"","sy51shtmRcomYn":"","abeekSustLsnFgNm":"인필","sy11shtmRcomYn":"","abeekTheoPntCnt":3.0,"sy31shtmRcomYn":"","submattFgNm":"전공과목","sbjtCd":"ENV204","subTheoTotalPnt":73.0,"mjCd":"DS03001026001","sy61shtmRcomYn":"","sy22shtmRcomYn":"○","mjCdNm":"환경안전공학전공(과)","sustLsnFg":"U0208004","sy52shtmRcomYn":"","sy21shtmRcomYn":"","sbjtChgFgNm":"","abeekDgnPntCnt":null,"sbjtKorNm":"환경유체역학","sy41shtmRcomYn":"","genrl1stgNeceGrp":"","abeekGrpChoice":"","abeekSubmattFg":"U0226003","theoFgNm":"이론","abeekDetaSubmattFgNm":"","sy32shtmRcomYn":"","openTm":3.0,"pnt":3.0,"sbjtId":"50032","abeekChoiceSbjtCnt":null,"corsYy":"2017","subInspTotalPnt":6.0,"abeekGrpNm":"","rowStatus":1,"theoFg":"U0210001","curiNo":"2017101756"},{"submattFg":"U0209001","stgNeceGrpNm":"","sideTotalPnt":3.0,"sbjtChgFg":"","subDgnTotalPnt":17.0,"sy62shtmRcomYn":"","abeekSubmattFgNm":"전공","sustLsnFgNm":"전필","sy12shtmRcomYn":"","sy42shtmRcomYn":"","abeekInspPracPntCnt":0.0,"genrl1stgNeceSbjtCnt":null,"abeekSustLsnFg":"U0225001","abeekDetaSubmattFg":"","sy51shtmRcomYn":"","abeekSustLsnFgNm":"인필","sy11shtmRcomYn":"","abeekTheoPntCnt":3.0,"sy31shtmRcomYn":"","submattFgNm":"전공과목","sbjtCd":"ENV211","subTheoTotalPnt":73.0,"mjCd":"DS03001026001","sy61shtmRcomYn":"","sy22shtmRcomYn":"","mjCdNm":"환경안전공학전공(과)","sustLsnFg":"U0208004","sy52shtmRcomYn":"","sy21shtmRcomYn":"○","sbjtChgFgNm":"","abeekDgnPntCnt":0.0,"sbjtKorNm":"수질분석","sy41shtmRcomYn":"","genrl1stgNeceGrp":"","abeekGrpChoice":"","abeekSubmattFg":"U0226003","theoFgNm":"이론","abeekDetaSubmattFgNm":"","sy32shtmRcomYn":"","openTm":3.0,"pnt":3.0,"sbjtId":"518","abeekChoiceSbjtCnt":null,"corsYy":"2017","subInspTotalPnt":6.0,"abeekGrpNm":"","rowStatus":1,"theoFg":"U0210001","curiNo":"2017101753"},{"submattFg":"U0209001","stgNeceGrpNm":"","sideTotalPnt":3.0,"sbjtChgFg":"","subDgnTotalPnt":17.0,"sy62shtmRcomYn":"","abeekSubmattFgNm":"전공","sustLsnFgNm":"전필","sy12shtmRcomYn":"","sy42shtmRcomYn":"","abeekInspPracPntCnt":0.0,"genrl1stgNeceSbjtCnt":null,"abeekSustLsnFg":"U0225001","abeekDetaSubmattFg":"","sy51shtmRcomYn":"","abeekSustLsnFgNm":"인필","sy11shtmRcomYn":"","abeekTheoPntCnt":3.0,"sy31shtmRcomYn":"","submattFgNm":"전공과목","sbjtCd":"ENV221","subTheoTotalPnt":73.0,"mjCd":"DS03001026001","sy61shtmRcomYn":"","sy22shtmRcomYn":"○","mjCdNm":"환경안전공학전공(과)","sustLsnFg":"U0208004","sy52shtmRcomYn":"","sy21shtmRcomYn":"","sbjtChgFgNm":"","abeekDgnPntCnt":0.0,"sbjtKorNm":"대기오염개론","sy41shtmRcomYn":"","genrl1stgNeceGrp":"","abeekGrpChoice":"","abeekSubmattFg":"U0226003","theoFgNm":"이론+설계","abeekDetaSubmattFgNm":"","sy32shtmRcomYn":"","openTm":3.0,"pnt":3.0,"sbjtId":"258","abeekChoiceSbjtCnt":null,"corsYy":"2017","subInspTotalPnt":6.0,"abeekGrpNm":"","rowStatus":1,"theoFg":"U0210006","curiNo":"2017101759"},{"submattFg":"U0209001","stgNeceGrpNm":"","sideTotalPnt":2.0,"sbjtChgFg":"","subDgnTotalPnt":17.0,"sy62shtmRcomYn":"","abeekSubmattFgNm":"전공","sustLsnFgNm":"전필","sy12shtmRcomYn":"","sy42shtmRcomYn":"","abeekInspPracPntCnt":2.0,"genrl1stgNeceSbjtCnt":null,"abeekSustLsnFg":"U0225001","abeekDetaSubmattFg":"","sy51shtmRcomYn":"","abeekSustLsnFgNm":"인필","sy11shtmRcomYn":"","abeekTheoPntCnt":0.0,"sy31shtmRcomYn":"","submattFgNm":"전공과목","sbjtCd":"ENV271","subTheoTotalPnt":73.0,"mjCd":"DS03001026001","sy61shtmRcomYn":"","sy22shtmRcomYn":"","mjCdNm":"환경안전공학전공(과)","sustLsnFg":"U0208004","sy52shtmRcomYn":"","sy21shtmRcomYn":"○","sbjtChgFgNm":"","abeekDgnPntCnt":0.0,"sbjtKorNm":"수질분석실험","sy41shtmRcomYn":"","genrl1stgNeceGrp":"","abeekGrpChoice":"","abeekSubmattFg":"U0226003","theoFgNm":"실습","abeekDetaSubmattFgNm":"","sy32shtmRcomYn":"","openTm":4.0,"pnt":2.0,"sbjtId":"519","abeekChoiceSbjtCnt":null,"corsYy":"2017","subInspTotalPnt":6.0,"abeekGrpNm":"","rowStatus":1,"theoFg":"U0210002","curiNo":"2017101764"},{"submattFg":"U0209001","stgNeceGrpNm":"","sideTotalPnt":2.0,"sbjtChgFg":"","subDgnTotalPnt":17.0,"sy62shtmRcomYn":"","abeekSubmattFgNm":"전공","sustLsnFgNm":"전필","sy12shtmRcomYn":"","sy42shtmRcomYn":"","abeekInspPracPntCnt":2.0,"genrl1stgNeceSbjtCnt":null,"abeekSustLsnFg":"U0225001","abeekDetaSubmattFg":"","sy51shtmRcomYn":"","abeekSustLsnFgNm":"인필","sy11shtmRcomYn":"","abeekTheoPntCnt":0.0,"sy31shtmRcomYn":"","submattFgNm":"전공과목","sbjtCd":"ENV272","subTheoTotalPnt":73.0,"mjCd":"DS03001026001","sy61shtmRcomYn":"","sy22shtmRcomYn":"○","mjCdNm":"환경안전공학전공(과)","sustLsnFg":"U0208004","sy52shtmRcomYn":"","sy21shtmRcomYn":"","sbjtChgFgNm":"","abeekDgnPntCnt":0.0,"sbjtKorNm":"대기오염분석실험","sy41shtmRcomYn":"","genrl1stgNeceGrp":"","abeekGrpChoice":"","abeekSubmattFg":"U0226003","theoFgNm":"실습","abeekDetaSubmattFgNm":"","sy32shtmRcomYn":"","openTm":4.0,"pnt":2.0,"sbjtId":"259","abeekChoiceSbjtCnt":null,"corsYy":"2017","subInspTotalPnt":6.0,"abeekGrpNm":"","rowStatus":1,"theoFg":"U0210002","curiNo":"2017101763"},{"submattFg":"U0209001","stgNeceGrpNm":"","sideTotalPnt":3.0,"sbjtChgFg":"","subDgnTotalPnt":17.0,"sy62shtmRcomYn":"","abeekSubmattFgNm":"전공","sustLsnFgNm":"전필","sy12shtmRcomYn":"","sy42shtmRcomYn":"","abeekInspPracPntCnt":null,"genrl1stgNeceSbjtCnt":null,"abeekSustLsnFg":"U0225001","abeekDetaSubmattFg":"","sy51shtmRcomYn":"","abeekSustLsnFgNm":"인필","sy11shtmRcomYn":"","abeekTheoPntCnt":3.0,"sy31shtmRcomYn":"","submattFgNm":"전공과목","sbjtCd":"ENV312","subTheoTotalPnt":73.0,"mjCd":"DS03001026001","sy61shtmRcomYn":"","sy22shtmRcomYn":"","mjCdNm":"환경안전공학전공(과)","sustLsnFg":"U0208004","sy52shtmRcomYn":"","sy21shtmRcomYn":"","sbjtChgFgNm":"","abeekDgnPntCnt":0.0,"sbjtKorNm":"화학적수처리","sy41shtmRcomYn":"","genrl1stgNeceGrp":"","abeekGrpChoice":"","abeekSubmattFg":"U0226003","theoFgNm":"이론","abeekDetaSubmattFgNm":"","sy32shtmRcomYn":"○","openTm":3.0,"pnt":3.0,"sbjtId":"11783","abeekChoiceSbjtCnt":null,"corsYy":"2017","subInspTotalPnt":6.0,"abeekGrpNm":"","rowStatus":1,"theoFg":"U0210001","curiNo":"2017101761"},{"submattFg":"U0209001","stgNeceGrpNm":"","sideTotalPnt":3.0,"sbjtChgFg":"","subDgnTotalPnt":17.0,"sy62shtmRcomYn":"","abeekSubmattFgNm":"전공","sustLsnFgNm":"전필","sy12shtmRcomYn":"","sy42shtmRcomYn":"","abeekInspPracPntCnt":0.0,"genrl1stgNeceSbjtCnt":null,"abeekSustLsnFg":"U0225001","abeekDetaSubmattFg":"","sy51shtmRcomYn":"","abeekSustLsnFgNm":"인필","sy11shtmRcomYn":"","abeekTheoPntCnt":3.0,"sy31shtmRcomYn":"○","submattFgNm":"전공과목","sbjtCd":"ENV313","subTheoTotalPnt":73.0,"mjCd":"DS03001026001","sy61shtmRcomYn":"","sy22shtmRcomYn":"","mjCdNm":"환경안전공학전공(과)","sustLsnFg":"U0208004","sy52shtmRcomYn":"","sy21shtmRcomYn":"","sbjtChgFgNm":"","abeekDgnPntCnt":0.0,"sbjtKorNm":"생물학적수처리","sy41shtmRcomYn":"","genrl1stgNeceGrp":"","abeekGrpChoice":"","abeekSubmattFg":"U0226003","theoFgNm":"이론","abeekDetaSubmattFgNm":"","sy32shtmRcomYn":"","openTm":3.0,"pnt":3.0,"sbjtId":"11588","abeekChoiceSbjtCnt":null,"corsYy":"2017","subInspTotalPnt":6.0,"abeekGrpNm":"","rowStatus":1,"theoFg":"U0210001","curiNo":"2017101760"},{"submattFg":"U0209001","stgNeceGrpNm":"","sideTotalPnt":3.0,"sbjtChgFg":"","subDgnTotalPnt":17.0,"sy62shtmRcomYn":"","abeekSubmattFgNm":"전공","sustLsnFgNm":"전필","sy12shtmRcomYn":"","sy42shtmRcomYn":"","abeekInspPracPntCnt":null,"genrl1stgNeceSbjtCnt":null,"abeekSustLsnFg":"U0225001","abeekDetaSubmattFg":"","sy51shtmRcomYn":"","abeekSustLsnFgNm":"인필","sy11shtmRcomYn":"","abeekTheoPntCnt":2.0,"sy31shtmRcomYn":"○","submattFgNm":"전공과목","sbjtCd":"ENV324","subTheoTotalPnt":73.0,"mjCd":"DS03001026001","sy61shtmRcomYn":"","sy22shtmRcomYn":"","mjCdNm":"환경안전공학전공(과)","sustLsnFg":"U0208004","sy52shtmRcomYn":"","sy21shtmRcomYn":"","sbjtChgFgNm":"","abeekDgnPntCnt":1.0,"sbjtKorNm":"집진설비설계","sy41shtmRcomYn":"","genrl1stgNeceGrp":"","abeekGrpChoice":"","abeekSubmattFg":"U0226003","theoFgNm":"이론+설계","abeekDetaSubmattFgNm":"","sy32shtmRcomYn":"","openTm":3.0,"pnt":3.0,"sbjtId":"18626","abeekChoiceSbjtCnt":null,"corsYy":"2017","subInspTotalPnt":6.0,"abeekGrpNm":"","rowStatus":1,"theoFg":"U0210006","curiNo":"2017101758"},{"submattFg":"U0209001","stgNeceGrpNm":"","sideTotalPnt":3.0,"sbjtChgFg":"","subDgnTotalPnt":17.0,"sy62shtmRcomYn":"","abeekSubmattFgNm":"전공","sustLsnFgNm":"전필","sy12shtmRcomYn":"","sy42shtmRcomYn":"","abeekInspPracPntCnt":null,"genrl1stgNeceSbjtCnt":null,"abeekSustLsnFg":"U0225001","abeekDetaSubmattFg":"","sy51shtmRcomYn":"","abeekSustLsnFgNm":"인필","sy11shtmRcomYn":"","abeekTheoPntCnt":3.0,"sy31shtmRcomYn":"","submattFgNm":"전공과목","sbjtCd":"ENV334","subTheoTotalPnt":73.0,"mjCd":"DS03001026001","sy61shtmRcomYn":"","sy22shtmRcomYn":"","mjCdNm":"환경안전공학전공(과)","sustLsnFg":"U0208004","sy52shtmRcomYn":"","sy21shtmRcomYn":"","sbjtChgFgNm":"","abeekDgnPntCnt":0.0,"sbjtKorNm":"일반폐기물처리","sy41shtmRcomYn":"","genrl1stgNeceGrp":"","abeekGrpChoice":"","abeekSubmattFg":"U0226003","theoFgNm":"이론","abeekDetaSubmattFgNm":"","sy32shtmRcomYn":"○","openTm":3.0,"pnt":3.0,"sbjtId":"50028","abeekChoiceSbjtCnt":null,"corsYy":"2017","subInspTotalPnt":6.0,"abeekGrpNm":"","rowStatus":1,"theoFg":"U0210001","curiNo":"2017101754"},{"submattFg":"U0209001","stgNeceGrpNm":"","sideTotalPnt":2.0,"sbjtChgFg":"","subDgnTotalPnt":17.0,"sy62shtmRcomYn":"","abeekSubmattFgNm":"전공","sustLsnFgNm":"전필","sy12shtmRcomYn":"","sy42shtmRcomYn":"","abeekInspPracPntCnt":2.0,"genrl1stgNeceSbjtCnt":null,"abeekSustLsnFg":"U0225001","abeekDetaSubmattFg":"","sy51shtmRcomYn":"","abeekSustLsnFgNm":"인필","sy11shtmRcomYn":"","abeekTheoPntCnt":null,"sy31shtmRcomYn":"","submattFgNm":"전공과목","sbjtCd":"ENV343","subTheoTotalPnt":73.0,"mjCd":"DS03001026001","sy61shtmRcomYn":"","sy22shtmRcomYn":"","mjCdNm":"환경안전공학전공(과)","sustLsnFg":"U0208004","sy52shtmRcomYn":"","sy21shtmRcomYn":"","sbjtChgFgNm":"","abeekDgnPntCnt":null,"sbjtKorNm":"전과정평가 실험","sy41shtmRcomYn":"","genrl1stgNeceGrp":"","abeekGrpChoice":"","abeekSubmattFg":"U0226003","theoFgNm":"실습","abeekDetaSubmattFgNm":"","sy32shtmRcomYn":"○","openTm":4.0,"pnt":2.0,"sbjtId":"15009","abeekChoiceSbjtCnt":null,"corsYy":"2017","subInspTotalPnt":6.0,"abeekGrpNm":"","rowStatus":1,"theoFg":"U0210002","curiNo":"2017101765"},{"submattFg":"U0209001","stgNeceGrpNm":"","sideTotalPnt":3.0,"sbjtChgFg":"","subDgnTotalPnt":17.0,"sy62shtmRcomYn":"","abeekSubmattFgNm":"전공","sustLsnFgNm":"전필","sy12shtmRcomYn":"","sy42shtmRcomYn":"","abeekInspPracPntCnt":0.0,"genrl1stgNeceSbjtCnt":null,"abeekSustLsnFg":"U0225001","abeekDetaSubmattFg":"","sy51shtmRcomYn":"","abeekSustLsnFgNm":"인필","sy11shtmRcomYn":"","abeekTheoPntCnt":3.0,"sy31shtmRcomYn":"○","submattFgNm":"전공과목","sbjtCd":"ENV374","subTheoTotalPnt":73.0,"mjCd":"DS03001026001","sy61shtmRcomYn":"","sy22shtmRcomYn":"","mjCdNm":"환경안전공학전공(과)","sustLsnFg":"U0208004","sy52shtmRcomYn":"","sy21shtmRcomYn":"","sbjtChgFgNm":"","abeekDgnPntCnt":0.0,"sbjtKorNm":"물리학적 수처리","sy41shtmRcomYn":"","genrl1stgNeceGrp":"","abeekGrpChoice":"","abeekSubmattFg":"U0226003","theoFgNm":"이론","abeekDetaSubmattFgNm":"","sy32shtmRcomYn":"","openTm":3.0,"pnt":3.0,"sbjtId":"20130349","abeekChoiceSbjtCnt":null,"corsYy":"2017","subInspTotalPnt":6.0,"abeekGrpNm":"","rowStatus":1,"theoFg":"U0210001","curiNo":"2017101757"},{"submattFg":"U0209001","stgNeceGrpNm":"","sideTotalPnt":3.0,"sbjtChgFg":"","subDgnTotalPnt":17.0,"sy62shtmRcomYn":"","abeekSubmattFgNm":"전공","sustLsnFgNm":"전선","sy12shtmRcomYn":"","sy42shtmRcomYn":"","abeekInspPracPntCnt":null,"genrl1stgNeceSbjtCnt":null,"abeekSustLsnFg":"U0225001","abeekDetaSubmattFg":"","sy51shtmRcomYn":"","abeekSustLsnFgNm":"인필","sy11shtmRcomYn":"","abeekTheoPntCnt":null,"sy31shtmRcomYn":"","submattFgNm":"전공과목","sbjtCd":"ENV103","subTheoTotalPnt":73.0,"mjCd":"DS03001026001","sy61shtmRcomYn":"","sy22shtmRcomYn":"","mjCdNm":"환경안전공학전공(과)","sustLsnFg":"U0208005","sy52shtmRcomYn":"","sy21shtmRcomYn":"○","sbjtChgFgNm":"","abeekDgnPntCnt":3.0,"sbjtKorNm":"창의설계입문","sy41shtmRcomYn":"","genrl1stgNeceGrp":"","abeekGrpChoice":"","abeekSubmattFg":"U0226003","theoFgNm":"이론+설계","abeekDetaSubmattFgNm":"","sy32shtmRcomYn":"","openTm":3.0,"pnt":3.0,"sbjtId":"19081","abeekChoiceSbjtCnt":null,"corsYy":"2017","subInspTotalPnt":6.0,"abeekGrpNm":"","rowStatus":1,"theoFg":"U0210006","curiNo":"2017101767"},{"submattFg":"U0209001","stgNeceGrpNm":"","sideTotalPnt":3.0,"sbjtChgFg":"","subDgnTotalPnt":17.0,"sy62shtmRcomYn":"","abeekSubmattFgNm":"전공","sustLsnFgNm":"전선","sy12shtmRcomYn":"","sy42shtmRcomYn":"○","abeekInspPracPntCnt":null,"genrl1stgNeceSbjtCnt":null,"abeekSustLsnFg":"U0225001","abeekDetaSubmattFg":"","sy51shtmRcomYn":"","abeekSustLsnFgNm":"인필","sy11shtmRcomYn":"","abeekTheoPntCnt":null,"sy31shtmRcomYn":"","submattFgNm":"전공과목","sbjtCd":"ENV4410","subTheoTotalPnt":73.0,"mjCd":"DS03001026001","sy61shtmRcomYn":"","sy22shtmRcomYn":"","mjCdNm":"환경안전공학전공(과)","sustLsnFg":"U0208005","sy52shtmRcomYn":"","sy21shtmRcomYn":"","sbjtChgFgNm":"","abeekDgnPntCnt":3.0,"sbjtKorNm":"환경시스템종합설계","sy41shtmRcomYn":"","genrl1stgNeceGrp":"","abeekGrpChoice":"","abeekSubmattFg":"U0226003","theoFgNm":"설계","abeekDetaSubmattFgNm":"","sy32shtmRcomYn":"","openTm":3.0,"pnt":3.0,"sbjtId":"20120541","abeekChoiceSbjtCnt":null,"corsYy":"2017","subInspTotalPnt":6.0,"abeekGrpNm":"","rowStatus":1,"theoFg":"U0210003","curiNo":"2017101781"},{"submattFg":"U0209001","stgNeceGrpNm":"","sideTotalPnt":3.0,"sbjtChgFg":"","subDgnTotalPnt":17.0,"sy62shtmRcomYn":"","abeekSubmattFgNm":"전공","sustLsnFgNm":"전선","sy12shtmRcomYn":"","sy42shtmRcomYn":"","abeekInspPracPntCnt":0.0,"genrl1stgNeceSbjtCnt":null,"abeekSustLsnFg":"U0225002","abeekDetaSubmattFg":"","sy51shtmRcomYn":"","abeekSustLsnFgNm":"인선","sy11shtmRcomYn":"","abeekTheoPntCnt":3.0,"sy31shtmRcomYn":"","submattFgNm":"전공과목","sbjtCd":"ENV202","subTheoTotalPnt":73.0,"mjCd":"DS03001026001","sy61shtmRcomYn":"","sy22shtmRcomYn":"","mjCdNm":"환경안전공학전공(과)","sustLsnFg":"U0208005","sy52shtmRcomYn":"","sy21shtmRcomYn":"○","sbjtChgFgNm":"","abeekDgnPntCnt":0.0,"sbjtKorNm":"화공양론","sy41shtmRcomYn":"","genrl1stgNeceGrp":"","abeekGrpChoice":"","abeekSubmattFg":"U0226003","theoFgNm":"이론","abeekDetaSubmattFgNm":"","sy32shtmRcomYn":"","openTm":3.0,"pnt":3.0,"sbjtId":"984","abeekChoiceSbjtCnt":null,"corsYy":"2017","subInspTotalPnt":6.0,"abeekGrpNm":"","rowStatus":1,"theoFg":"U0210001","curiNo":"2017101768"},{"submattFg":"U0209001","stgNeceGrpNm":"","sideTotalPnt":3.0,"sbjtChgFg":"","subDgnTotalPnt":17.0,"sy62shtmRcomYn":"","abeekSubmattFgNm":"전공","sustLsnFgNm":"전선","sy12shtmRcomYn":"","sy42shtmRcomYn":"","abeekInspPracPntCnt":null,"genrl1stgNeceSbjtCnt":null,"abeekSustLsnFg":"U0225002","abeekDetaSubmattFg":"","sy51shtmRcomYn":"","abeekSustLsnFgNm":"인선","sy11shtmRcomYn":"","abeekTheoPntCnt":2.0,"sy31shtmRcomYn":"","submattFgNm":"전공과목","sbjtCd":"ENV203","subTheoTotalPnt":73.0,"mjCd":"DS03001026001","sy61shtmRcomYn":"","sy22shtmRcomYn":"○","mjCdNm":"환경안전공학전공(과)","sustLsnFg":"U0208005","sy52shtmRcomYn":"","sy21shtmRcomYn":"","sbjtChgFgNm":"","abeekDgnPntCnt":1.0,"sbjtKorNm":"환경전산학","sy41shtmRcomYn":"","genrl1stgNeceGrp":"","abeekGrpChoice":"","abeekSubmattFg":"U0226003","theoFgNm":"이론","abeekDetaSubmattFgNm":"","sy32shtmRcomYn":"","openTm":3.0,"pnt":3.0,"sbjtId":"11755","abeekChoiceSbjtCnt":null,"corsYy":"2017","subInspTotalPnt":6.0,"abeekGrpNm":"","rowStatus":1,"theoFg":"U0210001","curiNo":"2017101769"},{"submattFg":"U0209001","stgNeceGrpNm":"","sideTotalPnt":3.0,"sbjtChgFg":"","subDgnTotalPnt":17.0,"sy62shtmRcomYn":"","abeekSubmattFgNm":"전공","sustLsnFgNm":"전선","sy12shtmRcomYn":"","sy42shtmRcomYn":"","abeekInspPracPntCnt":null,"genrl1stgNeceSbjtCnt":null,"abeekSustLsnFg":"U0225002","abeekDetaSubmattFg":"","sy51shtmRcomYn":"","abeekSustLsnFgNm":"인선","sy11shtmRcomYn":"","abeekTheoPntCnt":3.0,"sy31shtmRcomYn":"","submattFgNm":"전공과목","sbjtCd":"ENV301","subTheoTotalPnt":73.0,"mjCd":"DS03001026001","sy61shtmRcomYn":"","sy22shtmRcomYn":"","mjCdNm":"환경안전공학전공(과)","sustLsnFg":"U0208005","sy52shtmRcomYn":"","sy21shtmRcomYn":"","sbjtChgFgNm":"","abeekDgnPntCnt":null,"sbjtKorNm":"기후변화 이해","sy41shtmRcomYn":"","genrl1stgNeceGrp":"","abeekGrpChoice":"","abeekSubmattFg":"U0226003","theoFgNm":"이론","abeekDetaSubmattFgNm":"","sy32shtmRcomYn":"○","openTm":3.0,"pnt":3.0,"sbjtId":"50024","abeekChoiceSbjtCnt":null,"corsYy":"2017","subInspTotalPnt":6.0,"abeekGrpNm":"","rowStatus":1,"theoFg":"U0210001","curiNo":"2017101771"},{"submattFg":"U0209001","stgNeceGrpNm":"","sideTotalPnt":3.0,"sbjtChgFg":"U0212001","subDgnTotalPnt":17.0,"sy62shtmRcomYn":"","abeekSubmattFgNm":"전공","sustLsnFgNm":"전선","sy12shtmRcomYn":"","sy42shtmRcomYn":"","abeekInspPracPntCnt":null,"genrl1stgNeceSbjtCnt":null,"abeekSustLsnFg":"U0225002","abeekDetaSubmattFg":"","sy51shtmRcomYn":"","abeekSustLsnFgNm":"인선","sy11shtmRcomYn":"","abeekTheoPntCnt":2.0,"sy31shtmRcomYn":"","submattFgNm":"전공과목","sbjtCd":"ENV302","subTheoTotalPnt":73.0,"mjCd":"DS03001026001","sy61shtmRcomYn":"","sy22shtmRcomYn":"","mjCdNm":"환경안전공학전공(과)","sustLsnFg":"U0208005","sy52shtmRcomYn":"","sy21shtmRcomYn":"","sbjtChgFgNm":"신설","abeekDgnPntCnt":1.0,"sbjtKorNm":"화학물질안전개론","sy41shtmRcomYn":"","genrl1stgNeceGrp":"","abeekGrpChoice":"","abeekSubmattFg":"U0226003","theoFgNm":"이론+설계","abeekDetaSubmattFgNm":"","sy32shtmRcomYn":"○","openTm":3.0,"pnt":3.0,"sbjtId":"20170125","abeekChoiceSbjtCnt":null,"corsYy":"2017","subInspTotalPnt":6.0,"abeekGrpNm":"","rowStatus":1,"theoFg":"U0210006","curiNo":"2017114898"},{"submattFg":"U0209001","stgNeceGrpNm":"","sideTotalPnt":3.0,"sbjtChgFg":"","subDgnTotalPnt":17.0,"sy62shtmRcomYn":"","abeekSubmattFgNm":"전공","sustLsnFgNm":"전선","sy12shtmRcomYn":"","sy42shtmRcomYn":"","abeekInspPracPntCnt":null,"genrl1stgNeceSbjtCnt":null,"abeekSustLsnFg":"U0225002","abeekDetaSubmattFg":"","sy51shtmRcomYn":"","abeekSustLsnFgNm":"인선","sy11shtmRcomYn":"","abeekTheoPntCnt":3.0,"sy31shtmRcomYn":"○","submattFgNm":"전공과목","sbjtCd":"ENV317","subTheoTotalPnt":73.0,"mjCd":"DS03001026001","sy61shtmRcomYn":"","sy22shtmRcomYn":"","mjCdNm":"환경안전공학전공(과)","sustLsnFg":"U0208005","sy52shtmRcomYn":"","sy21shtmRcomYn":"","sbjtChgFgNm":"","abeekDgnPntCnt":null,"sbjtKorNm":"수질관리","sy41shtmRcomYn":"","genrl1stgNeceGrp":"","abeekGrpChoice":"","abeekSubmattFg":"U0226003","theoFgNm":"이론","abeekDetaSubmattFgNm":"","sy32shtmRcomYn":"","openTm":3.0,"pnt":3.0,"sbjtId":"517","abeekChoiceSbjtCnt":null,"corsYy":"2017","subInspTotalPnt":6.0,"abeekGrpNm":"","rowStatus":1,"theoFg":"U0210001","curiNo":"2017101772"},{"submattFg":"U0209001","stgNeceGrpNm":"","sideTotalPnt":3.0,"sbjtChgFg":"U0212002","subDgnTotalPnt":17.0,"sy62shtmRcomYn":"","abeekSubmattFgNm":"전공","sustLsnFgNm":"전선","sy12shtmRcomYn":"","sy42shtmRcomYn":"","abeekInspPracPntCnt":null,"genrl1stgNeceSbjtCnt":null,"abeekSustLsnFg":"U0225002","abeekDetaSubmattFg":"","sy51shtmRcomYn":"","abeekSustLsnFgNm":"인선","sy11shtmRcomYn":"","abeekTheoPntCnt":1.0,"sy31shtmRcomYn":"","submattFgNm":"전공과목","sbjtCd":"ENV325","subTheoTotalPnt":73.0,"mjCd":"DS03001026001","sy61shtmRcomYn":"","sy22shtmRcomYn":"","mjCdNm":"환경안전공학전공(과)","sustLsnFg":"U0208005","sy52shtmRcomYn":"","sy21shtmRcomYn":"","sbjtChgFgNm":"변경","abeekDgnPntCnt":2.0,"sbjtKorNm":"유해가스처리설비기술","sy41shtmRcomYn":"","genrl1stgNeceGrp":"","abeekGrpChoice":"","abeekSubmattFg":"U0226003","theoFgNm":"이론+설계","abeekDetaSubmattFgNm":"","sy32shtmRcomYn":"○","openTm":3.0,"pnt":3.0,"sbjtId":"50029","abeekChoiceSbjtCnt":null,"corsYy":"2017","subInspTotalPnt":6.0,"abeekGrpNm":"","rowStatus":1,"theoFg":"U0210006","curiNo":"2017101773"},{"submattFg":"U0209001","stgNeceGrpNm":"","sideTotalPnt":3.0,"sbjtChgFg":"","subDgnTotalPnt":17.0,"sy62shtmRcomYn":"","abeekSubmattFgNm":"전공","sustLsnFgNm":"전선","sy12shtmRcomYn":"","sy42shtmRcomYn":"","abeekInspPracPntCnt":null,"genrl1stgNeceSbjtCnt":null,"abeekSustLsnFg":"U0225002","abeekDetaSubmattFg":"","sy51shtmRcomYn":"","abeekSustLsnFgNm":"인선","sy11shtmRcomYn":"","abeekTheoPntCnt":3.0,"sy31shtmRcomYn":"○","submattFgNm":"전공과목","sbjtCd":"ENV326","subTheoTotalPnt":73.0,"mjCd":"DS03001026001","sy61shtmRcomYn":"","sy22shtmRcomYn":"","mjCdNm":"환경안전공학전공(과)","sustLsnFg":"U0208005","sy52shtmRcomYn":"","sy21shtmRcomYn":"","sbjtChgFgNm":"","abeekDgnPntCnt":0.0,"sbjtKorNm":"대기환경평가","sy41shtmRcomYn":"","genrl1stgNeceGrp":"","abeekGrpChoice":"","abeekSubmattFg":"U0226003","theoFgNm":"이론","abeekDetaSubmattFgNm":"","sy32shtmRcomYn":"","openTm":3.0,"pnt":3.0,"sbjtId":"50031","abeekChoiceSbjtCnt":null,"corsYy":"2017","subInspTotalPnt":6.0,"abeekGrpNm":"","rowStatus":1,"theoFg":"U0210001","curiNo":"2017101774"},{"submattFg":"U0209001","stgNeceGrpNm":"","sideTotalPnt":3.0,"sbjtChgFg":"","subDgnTotalPnt":17.0,"sy62shtmRcomYn":"","abeekSubmattFgNm":"전공","sustLsnFgNm":"전선","sy12shtmRcomYn":"","sy42shtmRcomYn":"","abeekInspPracPntCnt":null,"genrl1stgNeceSbjtCnt":null,"abeekSustLsnFg":"U0225002","abeekDetaSubmattFg":"","sy51shtmRcomYn":"","abeekSustLsnFgNm":"인선","sy11shtmRcomYn":"","abeekTheoPntCnt":2.0,"sy31shtmRcomYn":"","submattFgNm":"전공과목","sbjtCd":"ENV333","subTheoTotalPnt":73.0,"mjCd":"DS03001026001","sy61shtmRcomYn":"","sy22shtmRcomYn":"","mjCdNm":"환경안전공학전공(과)","sustLsnFg":"U0208005","sy52shtmRcomYn":"","sy21shtmRcomYn":"","sbjtChgFgNm":"","abeekDgnPntCnt":1.0,"sbjtKorNm":"토양 및 지하수오염","sy41shtmRcomYn":"","genrl1stgNeceGrp":"","abeekGrpChoice":"","abeekSubmattFg":"U0226003","theoFgNm":"이론+설계","abeekDetaSubmattFgNm":"","sy32shtmRcomYn":"○","openTm":3.0,"pnt":3.0,"sbjtId":"21388","abeekChoiceSbjtCnt":null,"corsYy":"2017","subInspTotalPnt":6.0,"abeekGrpNm":"","rowStatus":1,"theoFg":"U0210006","curiNo":"2017101775"},{"submattFg":"U0209001","stgNeceGrpNm":"","sideTotalPnt":3.0,"sbjtChgFg":"","subDgnTotalPnt":17.0,"sy62shtmRcomYn":"","abeekSubmattFgNm":"전공","sustLsnFgNm":"전선","sy12shtmRcomYn":"","sy42shtmRcomYn":"","abeekInspPracPntCnt":null,"genrl1stgNeceSbjtCnt":null,"abeekSustLsnFg":"U0225002","abeekDetaSubmattFg":"","sy51shtmRcomYn":"","abeekSustLsnFgNm":"인선","sy11shtmRcomYn":"","abeekTheoPntCnt":2.0,"sy31shtmRcomYn":"","submattFgNm":"전공과목","sbjtCd":"ENV341","subTheoTotalPnt":73.0,"mjCd":"DS03001026001","sy61shtmRcomYn":"","sy22shtmRcomYn":"","mjCdNm":"환경안전공학전공(과)","sustLsnFg":"U0208005","sy52shtmRcomYn":"","sy21shtmRcomYn":"","sbjtChgFgNm":"","abeekDgnPntCnt":1.0,"sbjtKorNm":"전과정평가와제품환경성선언","sy41shtmRcomYn":"","genrl1stgNeceGrp":"","abeekGrpChoice":"","abeekSubmattFg":"U0226003","theoFgNm":"이론+설계","abeekDetaSubmattFgNm":"","sy32shtmRcomYn":"○","openTm":3.0,"pnt":3.0,"sbjtId":"13437","abeekChoiceSbjtCnt":null,"corsYy":"2017","subInspTotalPnt":6.0,"abeekGrpNm":"","rowStatus":1,"theoFg":"U0210006","curiNo":"2017101776"},{"submattFg":"U0209001","stgNeceGrpNm":"","sideTotalPnt":3.0,"sbjtChgFg":"","subDgnTotalPnt":17.0,"sy62shtmRcomYn":"","abeekSubmattFgNm":"전공","sustLsnFgNm":"전선","sy12shtmRcomYn":"","sy42shtmRcomYn":"","abeekInspPracPntCnt":null,"genrl1stgNeceSbjtCnt":null,"abeekSustLsnFg":"U0225002","abeekDetaSubmattFg":"","sy51shtmRcomYn":"","abeekSustLsnFgNm":"인선","sy11shtmRcomYn":"","abeekTheoPntCnt":3.0,"sy31shtmRcomYn":"","submattFgNm":"전공과목","sbjtCd":"ENV342","subTheoTotalPnt":73.0,"mjCd":"DS03001026001","sy61shtmRcomYn":"","sy22shtmRcomYn":"","mjCdNm":"환경안전공학전공(과)","sustLsnFg":"U0208005","sy52shtmRcomYn":"","sy21shtmRcomYn":"","sbjtChgFgNm":"","abeekDgnPntCnt":null,"sbjtKorNm":"친환경제품설계I","sy41shtmRcomYn":"○","genrl1stgNeceGrp":"","abeekGrpChoice":"","abeekSubmattFg":"U0226003","theoFgNm":"설계","abeekDetaSubmattFgNm":"","sy32shtmRcomYn":"","openTm":3.0,"pnt":3.0,"sbjtId":"18624","abeekChoiceSbjtCnt":null,"corsYy":"2017","subInspTotalPnt":6.0,"abeekGrpNm":"","rowStatus":1,"theoFg":"U0210003","curiNo":"2017101788"},{"submattFg":"U0209001","stgNeceGrpNm":"","sideTotalPnt":3.0,"sbjtChgFg":"","subDgnTotalPnt":17.0,"sy62shtmRcomYn":"","abeekSubmattFgNm":"전공","sustLsnFgNm":"전선","sy12shtmRcomYn":"","sy42shtmRcomYn":"","abeekInspPracPntCnt":null,"genrl1stgNeceSbjtCnt":null,"abeekSustLsnFg":"U0225002","abeekDetaSubmattFg":"","sy51shtmRcomYn":"","abeekSustLsnFgNm":"인선","sy11shtmRcomYn":"","abeekTheoPntCnt":3.0,"sy31shtmRcomYn":"","submattFgNm":"전공과목","sbjtCd":"ENV344","subTheoTotalPnt":73.0,"mjCd":"DS03001026001","sy61shtmRcomYn":"","sy22shtmRcomYn":"","mjCdNm":"환경안전공학전공(과)","sustLsnFg":"U0208005","sy52shtmRcomYn":"","sy21shtmRcomYn":"","sbjtChgFgNm":"","abeekDgnPntCnt":null,"sbjtKorNm":"화학공정 안전공학","sy41shtmRcomYn":"","genrl1stgNeceGrp":"","abeekGrpChoice":"","abeekSubmattFg":"U0226003","theoFgNm":"이론","abeekDetaSubmattFgNm":"","sy32shtmRcomYn":"○","openTm":3.0,"pnt":3.0,"sbjtId":"20140557","abeekChoiceSbjtCnt":null,"corsYy":"2017","subInspTotalPnt":6.0,"abeekGrpNm":"","rowStatus":1,"theoFg":"U0210001","curiNo":"2017101778"},{"submattFg":"U0209001","stgNeceGrpNm":"","sideTotalPnt":3.0,"sbjtChgFg":"","subDgnTotalPnt":17.0,"sy62shtmRcomYn":"","abeekSubmattFgNm":"전공","sustLsnFgNm":"전선","sy12shtmRcomYn":"","sy42shtmRcomYn":"","abeekInspPracPntCnt":null,"genrl1stgNeceSbjtCnt":null,"abeekSustLsnFg":"U0225002","abeekDetaSubmattFg":"","sy51shtmRcomYn":"","abeekSustLsnFgNm":"인선","sy11shtmRcomYn":"","abeekTheoPntCnt":3.0,"sy31shtmRcomYn":"○","submattFgNm":"전공과목","sbjtCd":"ENV352","subTheoTotalPnt":73.0,"mjCd":"DS03001026001","sy61shtmRcomYn":"","sy22shtmRcomYn":"","mjCdNm":"환경안전공학전공(과)","sustLsnFg":"U0208005","sy52shtmRcomYn":"","sy21shtmRcomYn":"","sbjtChgFgNm":"","abeekDgnPntCnt":null,"sbjtKorNm":"환경미생물학","sy41shtmRcomYn":"","genrl1stgNeceGrp":"","abeekGrpChoice":"","abeekSubmattFg":"U0226003","theoFgNm":"이론","abeekDetaSubmattFgNm":"","sy32shtmRcomYn":"","openTm":3.0,"pnt":3.0,"sbjtId":"20120544","abeekChoiceSbjtCnt":null,"corsYy":"2017","subInspTotalPnt":6.0,"abeekGrpNm":"","rowStatus":1,"theoFg":"U0210001","curiNo":"2017101779"},{"submattFg":"U0209001","stgNeceGrpNm":"","sideTotalPnt":3.0,"sbjtChgFg":"","subDgnTotalPnt":17.0,"sy62shtmRcomYn":"","abeekSubmattFgNm":"전공","sustLsnFgNm":"전선","sy12shtmRcomYn":"","sy42shtmRcomYn":"","abeekInspPracPntCnt":null,"genrl1stgNeceSbjtCnt":null,"abeekSustLsnFg":"U0225002","abeekDetaSubmattFg":"","sy51shtmRcomYn":"","abeekSustLsnFgNm":"인선","sy11shtmRcomYn":"","abeekTheoPntCnt":3.0,"sy31shtmRcomYn":"","submattFgNm":"전공과목","sbjtCd":"ENV434","subTheoTotalPnt":73.0,"mjCd":"DS03001026001","sy61shtmRcomYn":"","sy22shtmRcomYn":"","mjCdNm":"환경안전공학전공(과)","sustLsnFg":"U0208005","sy52shtmRcomYn":"","sy21shtmRcomYn":"","sbjtChgFgNm":"","abeekDgnPntCnt":0.0,"sbjtKorNm":"지정폐기물처리","sy41shtmRcomYn":"○","genrl1stgNeceGrp":"","abeekGrpChoice":"","abeekSubmattFg":"U0226003","theoFgNm":"설계","abeekDetaSubmattFgNm":"","sy32shtmRcomYn":"","openTm":3.0,"pnt":3.0,"sbjtId":"50071","abeekChoiceSbjtCnt":null,"corsYy":"2017","subInspTotalPnt":6.0,"abeekGrpNm":"","rowStatus":1,"theoFg":"U0210003","curiNo":"2017101780"},{"submattFg":"U0209001","stgNeceGrpNm":"","sideTotalPnt":3.0,"sbjtChgFg":"U0212002","subDgnTotalPnt":17.0,"sy62shtmRcomYn":"","abeekSubmattFgNm":"전공","sustLsnFgNm":"전선","sy12shtmRcomYn":"","sy42shtmRcomYn":"○","abeekInspPracPntCnt":null,"genrl1stgNeceSbjtCnt":null,"abeekSustLsnFg":"U0225002","abeekDetaSubmattFg":"","sy51shtmRcomYn":"","abeekSustLsnFgNm":"인선","sy11shtmRcomYn":"","abeekTheoPntCnt":2.0,"sy31shtmRcomYn":"","submattFgNm":"전공과목","sbjtCd":"ENV4411","subTheoTotalPnt":73.0,"mjCd":"DS03001026001","sy61shtmRcomYn":"","sy22shtmRcomYn":"","mjCdNm":"환경안전공학전공(과)","sustLsnFg":"U0208005","sy52shtmRcomYn":"","sy21shtmRcomYn":"","sbjtChgFgNm":"변경","abeekDgnPntCnt":1.0,"sbjtKorNm":"환경 반응 공학","sy41shtmRcomYn":"","genrl1stgNeceGrp":"","abeekGrpChoice":"","abeekSubmattFg":"U0226003","theoFgNm":"이론+설계","abeekDetaSubmattFgNm":"","sy32shtmRcomYn":"","openTm":3.0,"pnt":3.0,"sbjtId":"20140551","abeekChoiceSbjtCnt":null,"corsYy":"2017","subInspTotalPnt":6.0,"abeekGrpNm":"","rowStatus":1,"theoFg":"U0210006","curiNo":"2017101782"},{"submattFg":"U0209001","stgNeceGrpNm":"","sideTotalPnt":3.0,"sbjtChgFg":"","subDgnTotalPnt":17.0,"sy62shtmRcomYn":"","abeekSubmattFgNm":"전공","sustLsnFgNm":"전선","sy12shtmRcomYn":"","sy42shtmRcomYn":"○","abeekInspPracPntCnt":null,"genrl1stgNeceSbjtCnt":null,"abeekSustLsnFg":"U0225002","abeekDetaSubmattFg":"","sy51shtmRcomYn":"","abeekSustLsnFgNm":"인선","sy11shtmRcomYn":"","abeekTheoPntCnt":3.0,"sy31shtmRcomYn":"","submattFgNm":"전공과목","sbjtCd":"ENV4412","subTheoTotalPnt":73.0,"mjCd":"DS03001026001","sy61shtmRcomYn":"","sy22shtmRcomYn":"","mjCdNm":"환경안전공학전공(과)","sustLsnFg":"U0208005","sy52shtmRcomYn":"","sy21shtmRcomYn":"","sbjtChgFgNm":"","abeekDgnPntCnt":null,"sbjtKorNm":"위험성 평가","sy41shtmRcomYn":"","genrl1stgNeceGrp":"","abeekGrpChoice":"","abeekSubmattFg":"U0226003","theoFgNm":"이론","abeekDetaSubmattFgNm":"","sy32shtmRcomYn":"","openTm":3.0,"pnt":3.0,"sbjtId":"20140556","abeekChoiceSbjtCnt":null,"corsYy":"2017","subInspTotalPnt":6.0,"abeekGrpNm":"","rowStatus":1,"theoFg":"U0210001","curiNo":"2017101783"},{"submattFg":"U0209001","stgNeceGrpNm":"","sideTotalPnt":3.0,"sbjtChgFg":"","subDgnTotalPnt":17.0,"sy62shtmRcomYn":"","abeekSubmattFgNm":"전공","sustLsnFgNm":"전선","sy12shtmRcomYn":"","sy42shtmRcomYn":"","abeekInspPracPntCnt":null,"genrl1stgNeceSbjtCnt":null,"abeekSustLsnFg":"U0225002","abeekDetaSubmattFg":"","sy51shtmRcomYn":"","abeekSustLsnFgNm":"인선","sy11shtmRcomYn":"","abeekTheoPntCnt":null,"sy31shtmRcomYn":"","submattFgNm":"전공과목","sbjtCd":"ENV448","subTheoTotalPnt":73.0,"mjCd":"DS03001026001","sy61shtmRcomYn":"","sy22shtmRcomYn":"","mjCdNm":"환경안전공학전공(과)","sustLsnFg":"U0208005","sy52shtmRcomYn":"","sy21shtmRcomYn":"","sbjtChgFgNm":"","abeekDgnPntCnt":3.0,"sbjtKorNm":"친환경제품설계II","sy41shtmRcomYn":"○","genrl1stgNeceGrp":"","abeekGrpChoice":"","abeekSubmattFg":"U0226003","theoFgNm":"실습","abeekDetaSubmattFgNm":"","sy32shtmRcomYn":"","openTm":3.0,"pnt":3.0,"sbjtId":"18625","abeekChoiceSbjtCnt":null,"corsYy":"2017","subInspTotalPnt":6.0,"abeekGrpNm":"","rowStatus":1,"theoFg":"U0210002","curiNo":"2017101784"},{"submattFg":"U0209001","stgNeceGrpNm":"","sideTotalPnt":3.0,"sbjtChgFg":"","subDgnTotalPnt":17.0,"sy62shtmRcomYn":"","abeekSubmattFgNm":"전공","sustLsnFgNm":"전선","sy12shtmRcomYn":"","sy42shtmRcomYn":"","abeekInspPracPntCnt":null,"genrl1stgNeceSbjtCnt":null,"abeekSustLsnFg":"U0225002","abeekDetaSubmattFg":"","sy51shtmRcomYn":"","abeekSustLsnFgNm":"인선","sy11shtmRcomYn":"","abeekTheoPntCnt":3.0,"sy31shtmRcomYn":"","submattFgNm":"전공과목","sbjtCd":"ENV451","subTheoTotalPnt":73.0,"mjCd":"DS03001026001","sy61shtmRcomYn":"","sy22shtmRcomYn":"","mjCdNm":"환경안전공학전공(과)","sustLsnFg":"U0208005","sy52shtmRcomYn":"","sy21shtmRcomYn":"","sbjtChgFgNm":"","abeekDgnPntCnt":null,"sbjtKorNm":"환경독성학","sy41shtmRcomYn":"○","genrl1stgNeceGrp":"","abeekGrpChoice":"","abeekSubmattFg":"U0226003","theoFgNm":"이론","abeekDetaSubmattFgNm":"","sy32shtmRcomYn":"","openTm":3.0,"pnt":3.0,"sbjtId":"21387","abeekChoiceSbjtCnt":null,"corsYy":"2017","subInspTotalPnt":6.0,"abeekGrpNm":"","rowStatus":1,"theoFg":"U0210001","curiNo":"2017101785"},{"submattFg":"U0209001","stgNeceGrpNm":"","sideTotalPnt":3.0,"sbjtChgFg":"U0212003","subDgnTotalPnt":17.0,"sy62shtmRcomYn":"","abeekSubmattFgNm":"전공","sustLsnFgNm":"전선","sy12shtmRcomYn":"","sy42shtmRcomYn":"○","abeekInspPracPntCnt":null,"genrl1stgNeceSbjtCnt":null,"abeekSustLsnFg":"U0225002","abeekDetaSubmattFg":"","sy51shtmRcomYn":"","abeekSustLsnFgNm":"인선","sy11shtmRcomYn":"","abeekTheoPntCnt":3.0,"sy31shtmRcomYn":"","submattFgNm":"전공과목","sbjtCd":"ENV465","subTheoTotalPnt":73.0,"mjCd":"DS03001026001","sy61shtmRcomYn":"","sy22shtmRcomYn":"","mjCdNm":"환경안전공학전공(과)","sustLsnFg":"U0208005","sy52shtmRcomYn":"","sy21shtmRcomYn":"","sbjtChgFgNm":"폐지","abeekDgnPntCnt":null,"sbjtKorNm":"위해성 평가","sy41shtmRcomYn":"","genrl1stgNeceGrp":"","abeekGrpChoice":"","abeekSubmattFg":"U0226003","theoFgNm":"이론","abeekDetaSubmattFgNm":"","sy32shtmRcomYn":"","openTm":3.0,"pnt":3.0,"sbjtId":"20130348","abeekChoiceSbjtCnt":null,"corsYy":"2017","subInspTotalPnt":6.0,"abeekGrpNm":"","rowStatus":1,"theoFg":"U0210001","curiNo":"2017101786"},{"submattFg":"U0209001","stgNeceGrpNm":"","sideTotalPnt":3.0,"sbjtChgFg":"","subDgnTotalPnt":null,"sy62shtmRcomYn":"","abeekSubmattFgNm":"","sustLsnFgNm":"전선","sy12shtmRcomYn":"","sy42shtmRcomYn":"○","abeekInspPracPntCnt":null,"genrl1stgNeceSbjtCnt":null,"abeekSustLsnFg":"","abeekDetaSubmattFg":"","sy51shtmRcomYn":"","abeekSustLsnFgNm":"","sy11shtmRcomYn":"","abeekTheoPntCnt":null,"sy31shtmRcomYn":"○","submattFgNm":"전공과목","sbjtCd":"EINT101","subTheoTotalPnt":null,"mjCd":"DS03001026001","sy61shtmRcomYn":"","sy22shtmRcomYn":"","mjCdNm":"환경안전공학전공(과)","sustLsnFg":"U0208005","sy52shtmRcomYn":"","sy21shtmRcomYn":"","sbjtChgFgNm":"","abeekDgnPntCnt":null,"sbjtKorNm":"공학인턴십 1","sy41shtmRcomYn":"○","genrl1stgNeceGrp":"","abeekGrpChoice":"","abeekSubmattFg":"","theoFgNm":"실습","abeekDetaSubmattFgNm":"","sy32shtmRcomYn":"○","openTm":3.0,"pnt":3.0,"sbjtId":"12906","abeekChoiceSbjtCnt":null,"corsYy":"2017","subInspTotalPnt":null,"abeekGrpNm":"","rowStatus":1,"theoFg":"U0210002","curiNo":"2017101770"},{"submattFg":"U0209001","stgNeceGrpNm":"","sideTotalPnt":3.0,"sbjtChgFg":"","subDgnTotalPnt":null,"sy62shtmRcomYn":"","abeekSubmattFgNm":"","sustLsnFgNm":"전선","sy12shtmRcomYn":"","sy42shtmRcomYn":"○","abeekInspPracPntCnt":null,"genrl1stgNeceSbjtCnt":null,"abeekSustLsnFg":"","abeekDetaSubmattFg":"","sy51shtmRcomYn":"","abeekSustLsnFgNm":"","sy11shtmRcomYn":"","abeekTheoPntCnt":null,"sy31shtmRcomYn":"○","submattFgNm":"전공과목","sbjtCd":"EINT102","subTheoTotalPnt":null,"mjCd":"DS03001026001","sy61shtmRcomYn":"","sy22shtmRcomYn":"","mjCdNm":"환경안전공학전공(과)","sustLsnFg":"U0208005","sy52shtmRcomYn":"","sy21shtmRcomYn":"","sbjtChgFgNm":"","abeekDgnPntCnt":null,"sbjtKorNm":"공학인턴십 2","sy41shtmRcomYn":"○","genrl1stgNeceGrp":"","abeekGrpChoice":"","abeekSubmattFg":"","theoFgNm":"실습","abeekDetaSubmattFgNm":"","sy32shtmRcomYn":"○","openTm":3.0,"pnt":3.0,"sbjtId":"12913","abeekChoiceSbjtCnt":null,"corsYy":"2017","subInspTotalPnt":null,"abeekGrpNm":"","rowStatus":1,"theoFg":"U0210002","curiNo":"2017101787"},{"submattFg":"U0209001","stgNeceGrpNm":"","sideTotalPnt":3.0,"sbjtChgFg":"","subDgnTotalPnt":null,"sy62shtmRcomYn":"","abeekSubmattFgNm":"","sustLsnFgNm":"전선","sy12shtmRcomYn":"","sy42shtmRcomYn":"○","abeekInspPracPntCnt":null,"genrl1stgNeceSbjtCnt":null,"abeekSustLsnFg":"","abeekDetaSubmattFg":"","sy51shtmRcomYn":"","abeekSustLsnFgNm":"","sy11shtmRcomYn":"","abeekTheoPntCnt":null,"sy31shtmRcomYn":"○","submattFgNm":"전공과목","sbjtCd":"EINT103","subTheoTotalPnt":null,"mjCd":"DS03001026001","sy61shtmRcomYn":"","sy22shtmRcomYn":"","mjCdNm":"환경안전공학전공(과)","sustLsnFg":"U0208005","sy52shtmRcomYn":"","sy21shtmRcomYn":"","sbjtChgFgNm":"","abeekDgnPntCnt":null,"sbjtKorNm":"공학인턴십 3","sy41shtmRcomYn":"○","genrl1stgNeceGrp":"","abeekGrpChoice":"","abeekSubmattFg":"","theoFgNm":"실습","abeekDetaSubmattFgNm":"","sy32shtmRcomYn":"○","openTm":3.0,"pnt":3.0,"sbjtId":"12914","abeekChoiceSbjtCnt":null,"corsYy":"2017","subInspTotalPnt":null,"abeekGrpNm":"","rowStatus":1,"theoFg":"U0210002","curiNo":"2017101790"},{"submattFg":"U0209001","stgNeceGrpNm":"","sideTotalPnt":3.0,"sbjtChgFg":"","subDgnTotalPnt":null,"sy62shtmRcomYn":"","abeekSubmattFgNm":"","sustLsnFgNm":"전선","sy12shtmRcomYn":"","sy42shtmRcomYn":"○","abeekInspPracPntCnt":null,"genrl1stgNeceSbjtCnt":null,"abeekSustLsnFg":"","abeekDetaSubmattFg":"","sy51shtmRcomYn":"","abeekSustLsnFgNm":"","sy11shtmRcomYn":"","abeekTheoPntCnt":null,"sy31shtmRcomYn":"○","submattFgNm":"전공과목","sbjtCd":"EINT104","subTheoTotalPnt":null,"mjCd":"DS03001026001","sy61shtmRcomYn":"","sy22shtmRcomYn":"","mjCdNm":"환경안전공학전공(과)","sustLsnFg":"U0208005","sy52shtmRcomYn":"","sy21shtmRcomYn":"","sbjtChgFgNm":"","abeekDgnPntCnt":null,"sbjtKorNm":"공학인턴십 4","sy41shtmRcomYn":"○","genrl1stgNeceGrp":"","abeekGrpChoice":"","abeekSubmattFg":"","theoFgNm":"실습","abeekDetaSubmattFgNm":"","sy32shtmRcomYn":"○","openTm":3.0,"pnt":3.0,"sbjtId":"12915","abeekChoiceSbjtCnt":null,"corsYy":"2017","subInspTotalPnt":null,"abeekGrpNm":"","rowStatus":1,"theoFg":"U0210002","curiNo":"2017101789"},{"submattFg":"U0209001","stgNeceGrpNm":"","sideTotalPnt":1.0,"sbjtChgFg":"","subDgnTotalPnt":null,"sy62shtmRcomYn":"","abeekSubmattFgNm":"","sustLsnFgNm":"전선","sy12shtmRcomYn":"","sy42shtmRcomYn":"○","abeekInspPracPntCnt":null,"genrl1stgNeceSbjtCnt":null,"abeekSustLsnFg":"","abeekDetaSubmattFg":"","sy51shtmRcomYn":"","abeekSustLsnFgNm":"","sy11shtmRcomYn":"","abeekTheoPntCnt":null,"sy31shtmRcomYn":"○","submattFgNm":"전공과목","sbjtCd":"EINT105","subTheoTotalPnt":null,"mjCd":"DS03001026001","sy61shtmRcomYn":"","sy22shtmRcomYn":"","mjCdNm":"환경안전공학전공(과)","sustLsnFg":"U0208005","sy52shtmRcomYn":"","sy21shtmRcomYn":"","sbjtChgFgNm":"","abeekDgnPntCnt":null,"sbjtKorNm":"공학인턴십 5","sy41shtmRcomYn":"○","genrl1stgNeceGrp":"","abeekGrpChoice":"","abeekSubmattFg":"","theoFgNm":"실습","abeekDetaSubmattFgNm":"","sy32shtmRcomYn":"○","openTm":1.0,"pnt":1.0,"sbjtId":"12916","abeekChoiceSbjtCnt":null,"corsYy":"2017","subInspTotalPnt":null,"abeekGrpNm":"","rowStatus":1,"theoFg":"U0210002","curiNo":"2017101777"},{"submattFg":"U0209001","stgNeceGrpNm":"","sideTotalPnt":1.0,"sbjtChgFg":"","subDgnTotalPnt":null,"sy62shtmRcomYn":"","abeekSubmattFgNm":"","sustLsnFgNm":"전선","sy12shtmRcomYn":"","sy42shtmRcomYn":"○","abeekInspPracPntCnt":null,"genrl1stgNeceSbjtCnt":null,"abeekSustLsnFg":"","abeekDetaSubmattFg":"","sy51shtmRcomYn":"","abeekSustLsnFgNm":"","sy11shtmRcomYn":"","abeekTheoPntCnt":null,"sy31shtmRcomYn":"○","submattFgNm":"전공과목","sbjtCd":"EINT106","subTheoTotalPnt":null,"mjCd":"DS03001026001","sy61shtmRcomYn":"","sy22shtmRcomYn":"","mjCdNm":"환경안전공학전공(과)","sustLsnFg":"U0208005","sy52shtmRcomYn":"","sy21shtmRcomYn":"","sbjtChgFgNm":"","abeekDgnPntCnt":null,"sbjtKorNm":"공학인턴십 6","sy41shtmRcomYn":"○","genrl1stgNeceGrp":"","abeekGrpChoice":"","abeekSubmattFg":"","theoFgNm":"실습","abeekDetaSubmattFgNm":"","sy32shtmRcomYn":"○","openTm":1.0,"pnt":1.0,"sbjtId":"12917","abeekChoiceSbjtCnt":null,"corsYy":"2017","subInspTotalPnt":null,"abeekGrpNm":"","rowStatus":1,"theoFg":"U0210002","curiNo":"2017101766"}]}}